<?xml version="1.0" encoding="UTF-8"?>
<root>
  <item name="android.app.wallpapereffectsgeneration.CameraAttributes float getCameraOrbitPitchDegrees()">
    <annotation name="androidx.annotation.FloatRange">
      <val name="from" val="-90.0" />
      <val name="to" val="90.0" />
    </annotation>
  </item>
  <item name="android.app.wallpapereffectsgeneration.CameraAttributes float getCameraOrbitYawDegrees()">
    <annotation name="androidx.annotation.FloatRange">
      <val name="from" val="-180.0" />
      <val name="to" val="180.0" />
    </annotation>
  </item>
  <item name="android.app.wallpapereffectsgeneration.CameraAttributes float getFrustumFarInWorldSpace()">
    <annotation name="androidx.annotation.FloatRange">
      <val name="from" val="0.0" />
    </annotation>
  </item>
  <item name="android.app.wallpapereffectsgeneration.CameraAttributes float getFrustumNearInWorldSpace()">
    <annotation name="androidx.annotation.FloatRange">
      <val name="from" val="0.0" />
    </annotation>
  </item>
  <item name="android.app.wallpapereffectsgeneration.CameraAttributes float getVerticalFovDegrees()">
    <annotation name="androidx.annotation.FloatRange">
      <val name="from" val="0.0" />
      <val name="fromInclusive" val="false" />
      <val name="to" val="180.0" />
    </annotation>
  </item>
  <item name="android.app.wallpapereffectsgeneration.CameraAttributes.Builder Builder(float[], float[]) 0">
    <annotation name="androidx.annotation.Size">
      <val name="value" val="3" />
    </annotation>
  </item>
  <item name="android.app.wallpapereffectsgeneration.CameraAttributes.Builder Builder(float[], float[]) 1">
    <annotation name="androidx.annotation.Size">
      <val name="value" val="2" />
    </annotation>
  </item>
  <item name="android.app.wallpapereffectsgeneration.CameraAttributes.Builder android.app.wallpapereffectsgeneration.CameraAttributes.Builder setCameraOrbitPitchDegrees(float) 0">
    <annotation name="androidx.annotation.FloatRange">
      <val name="from" val="-90.0" />
      <val name="to" val="90.0" />
    </annotation>
  </item>
  <item name="android.app.wallpapereffectsgeneration.CameraAttributes.Builder android.app.wallpapereffectsgeneration.CameraAttributes.Builder setCameraOrbitYawDegrees(float) 0">
    <annotation name="androidx.annotation.FloatRange">
      <val name="from" val="-180.0" />
      <val name="to" val="180.0" />
    </annotation>
  </item>
  <item name="android.app.wallpapereffectsgeneration.CameraAttributes.Builder android.app.wallpapereffectsgeneration.CameraAttributes.Builder setFrustumFarInWorldSpace(float) 0">
    <annotation name="androidx.annotation.FloatRange">
      <val name="from" val="0.0" />
    </annotation>
  </item>
  <item name="android.app.wallpapereffectsgeneration.CameraAttributes.Builder android.app.wallpapereffectsgeneration.CameraAttributes.Builder setFrustumNearInWorldSpace(float) 0">
    <annotation name="androidx.annotation.FloatRange">
      <val name="from" val="0.0" />
    </annotation>
  </item>
  <item name="android.app.wallpapereffectsgeneration.CameraAttributes.Builder android.app.wallpapereffectsgeneration.CameraAttributes.Builder setVerticalFovDegrees(float) 0">
    <annotation name="androidx.annotation.FloatRange">
      <val name="from" val="0.0" />
      <val name="fromInclusive" val="false" />
      <val name="to" val="180.0" />
    </annotation>
  </item>
  <item name="android.app.wallpapereffectsgeneration.CinematicEffectResponse int getImageContentType()">
    <annotation name="androidx.annotation.IntDef">
      <val name="value" val="{android.app.wallpapereffectsgeneration.CinematicEffectResponse.IMAGE_CONTENT_TYPE_UNKNOWN, android.app.wallpapereffectsgeneration.CinematicEffectResponse.IMAGE_CONTENT_TYPE_PEOPLE_PORTRAIT, android.app.wallpapereffectsgeneration.CinematicEffectResponse.IMAGE_CONTENT_TYPE_LANDSCAPE, android.app.wallpapereffectsgeneration.CinematicEffectResponse.IMAGE_CONTENT_TYPE_OTHER}" />
    </annotation>
  </item>
  <item name="android.app.wallpapereffectsgeneration.CinematicEffectResponse int getStatusCode()">
    <annotation name="androidx.annotation.IntDef">
      <val name="value" val="{android.app.wallpapereffectsgeneration.CinematicEffectResponse.CINEMATIC_EFFECT_STATUS_ERROR, android.app.wallpapereffectsgeneration.CinematicEffectResponse.CINEMATIC_EFFECT_STATUS_OK, android.app.wallpapereffectsgeneration.CinematicEffectResponse.CINEMATIC_EFFECT_STATUS_NOT_READY, android.app.wallpapereffectsgeneration.CinematicEffectResponse.CINEMATIC_EFFECT_STATUS_PENDING, android.app.wallpapereffectsgeneration.CinematicEffectResponse.CINEMATIC_EFFECT_STATUS_TOO_MANY_REQUESTS, android.app.wallpapereffectsgeneration.CinematicEffectResponse.CINEMATIC_EFFECT_STATUS_FEATURE_DISABLED, android.app.wallpapereffectsgeneration.CinematicEffectResponse.CINEMATIC_EFFECT_STATUS_IMAGE_FORMAT_NOT_SUITABLE, android.app.wallpapereffectsgeneration.CinematicEffectResponse.CINEMATIC_EFFECT_STATUS_CONTENT_UNSUPPORTED, android.app.wallpapereffectsgeneration.CinematicEffectResponse.CINEMATIC_EFFECT_STATUS_CONTENT_TARGET_ERROR, android.app.wallpapereffectsgeneration.CinematicEffectResponse.CINEMATIC_EFFECT_STATUS_CONTENT_TOO_FLAT, android.app.wallpapereffectsgeneration.CinematicEffectResponse.CINEMATIC_EFFECT_STATUS_ANIMATION_FAILURE}" />
    </annotation>
  </item>
  <item name="android.app.wallpapereffectsgeneration.CinematicEffectResponse.Builder Builder(int, java.lang.String) 0">
    <annotation name="androidx.annotation.IntDef">
      <val name="value" val="{android.app.wallpapereffectsgeneration.CinematicEffectResponse.CINEMATIC_EFFECT_STATUS_ERROR, android.app.wallpapereffectsgeneration.CinematicEffectResponse.CINEMATIC_EFFECT_STATUS_OK, android.app.wallpapereffectsgeneration.CinematicEffectResponse.CINEMATIC_EFFECT_STATUS_NOT_READY, android.app.wallpapereffectsgeneration.CinematicEffectResponse.CINEMATIC_EFFECT_STATUS_PENDING, android.app.wallpapereffectsgeneration.CinematicEffectResponse.CINEMATIC_EFFECT_STATUS_TOO_MANY_REQUESTS, android.app.wallpapereffectsgeneration.CinematicEffectResponse.CINEMATIC_EFFECT_STATUS_FEATURE_DISABLED, android.app.wallpapereffectsgeneration.CinematicEffectResponse.CINEMATIC_EFFECT_STATUS_IMAGE_FORMAT_NOT_SUITABLE, android.app.wallpapereffectsgeneration.CinematicEffectResponse.CINEMATIC_EFFECT_STATUS_CONTENT_UNSUPPORTED, android.app.wallpapereffectsgeneration.CinematicEffectResponse.CINEMATIC_EFFECT_STATUS_CONTENT_TARGET_ERROR, android.app.wallpapereffectsgeneration.CinematicEffectResponse.CINEMATIC_EFFECT_STATUS_CONTENT_TOO_FLAT, android.app.wallpapereffectsgeneration.CinematicEffectResponse.CINEMATIC_EFFECT_STATUS_ANIMATION_FAILURE}" />
    </annotation>
  </item>
  <item name="android.app.wallpapereffectsgeneration.CinematicEffectResponse.Builder android.app.wallpapereffectsgeneration.CinematicEffectResponse.Builder setImageContentType(int) 0">
    <annotation name="androidx.annotation.IntDef">
      <val name="value" val="{android.app.wallpapereffectsgeneration.CinematicEffectResponse.IMAGE_CONTENT_TYPE_UNKNOWN, android.app.wallpapereffectsgeneration.CinematicEffectResponse.IMAGE_CONTENT_TYPE_PEOPLE_PORTRAIT, android.app.wallpapereffectsgeneration.CinematicEffectResponse.IMAGE_CONTENT_TYPE_LANDSCAPE, android.app.wallpapereffectsgeneration.CinematicEffectResponse.IMAGE_CONTENT_TYPE_OTHER}" />
    </annotation>
  </item>
  <item name="android.app.wallpapereffectsgeneration.TexturedMesh int getIndicesLayoutType()">
    <annotation name="androidx.annotation.IntDef">
      <val name="value" val="{android.app.wallpapereffectsgeneration.TexturedMesh.INDICES_LAYOUT_UNDEFINED, android.app.wallpapereffectsgeneration.TexturedMesh.INDICES_LAYOUT_TRIANGLES}" />
    </annotation>
  </item>
  <item name="android.app.wallpapereffectsgeneration.TexturedMesh int getVerticesLayoutType()">
    <annotation name="androidx.annotation.IntDef">
      <val name="value" val="{android.app.wallpapereffectsgeneration.TexturedMesh.VERTICES_LAYOUT_UNDEFINED, android.app.wallpapereffectsgeneration.TexturedMesh.VERTICES_LAYOUT_POSITION3_UV2}" />
    </annotation>
  </item>
  <item name="android.app.wallpapereffectsgeneration.TexturedMesh.Builder android.app.wallpapereffectsgeneration.TexturedMesh.Builder setIndicesLayoutType(int) 0">
    <annotation name="androidx.annotation.IntDef">
      <val name="value" val="{android.app.wallpapereffectsgeneration.TexturedMesh.INDICES_LAYOUT_UNDEFINED, android.app.wallpapereffectsgeneration.TexturedMesh.INDICES_LAYOUT_TRIANGLES}" />
    </annotation>
  </item>
  <item name="android.app.wallpapereffectsgeneration.TexturedMesh.Builder android.app.wallpapereffectsgeneration.TexturedMesh.Builder setVerticesLayoutType(int) 0">
    <annotation name="androidx.annotation.IntDef">
      <val name="value" val="{android.app.wallpapereffectsgeneration.TexturedMesh.VERTICES_LAYOUT_UNDEFINED, android.app.wallpapereffectsgeneration.TexturedMesh.VERTICES_LAYOUT_POSITION3_UV2}" />
    </annotation>
  </item>
  <item name="android.app.wallpapereffectsgeneration.WallpaperEffectsGenerationManager void generateCinematicEffect(android.app.wallpapereffectsgeneration.CinematicEffectRequest, java.util.concurrent.Executor, android.app.wallpapereffectsgeneration.WallpaperEffectsGenerationManager.CinematicEffectListener)">
    <annotation name="androidx.annotation.RequiresPermission">
      <val name="value" val="&quot;android.permission.MANAGE_WALLPAPER_EFFECTS_GENERATION&quot;" />
    </annotation>
  </item>
</root>

