<?xml version="1.0" encoding="UTF-8"?>
<root>
  <item name="android.companion.virtual.VirtualDeviceManager android.companion.virtual.VirtualDeviceManager.VirtualDevice createVirtualDevice(int, android.companion.virtual.VirtualDeviceParams)">
    <annotation name="androidx.annotation.RequiresPermission">
      <val name="value" val="&quot;android.permission.CREATE_VIRTUAL_DEVICE&quot;" />
    </annotation>
  </item>
  <item name="android.companion.virtual.VirtualDeviceManager.SoundEffectListener void onPlaySoundEffect(int) 0">
    <annotation name="androidx.annotation.IntDef">
      <val name="value" val="{android.media.AudioManager.FX_KEY_CLICK, android.media.AudioManager.FX_FOCUS_NAVIGATION_UP, android.media.AudioManager.FX_FOCUS_NAVIGATION_DOWN, android.media.AudioManager.FX_FOCUS_NAVIGATION_LEFT, android.media.AudioManager.FX_FOCUS_NAVIGATION_RIGHT, android.media.AudioManager.FX_KEYPRESS_STANDARD, android.media.AudioManager.FX_KEYPRESS_SPACEBAR, android.media.AudioManager.FX_KEYPRESS_DELETE, android.media.AudioManager.FX_KEYPRESS_RETURN, android.media.AudioManager.FX_KEYPRESS_INVALID, android.media.AudioManager.FX_BACK}" />
    </annotation>
  </item>
  <item name="android.companion.virtual.VirtualDeviceManager.VirtualDevice android.companion.virtual.audio.VirtualAudioDevice createVirtualAudioDevice(android.hardware.display.VirtualDisplay, java.util.concurrent.Executor, android.companion.virtual.audio.VirtualAudioDevice.AudioConfigurationChangeCallback)">
    <annotation name="androidx.annotation.RequiresPermission">
      <val name="value" val="&quot;android.permission.CREATE_VIRTUAL_DEVICE&quot;" />
    </annotation>
  </item>
  <item name="android.companion.virtual.VirtualDeviceManager.VirtualDevice android.companion.virtual.camera.VirtualCamera createVirtualCamera(android.companion.virtual.camera.VirtualCameraConfig)">
    <annotation name="androidx.annotation.RequiresPermission">
      <val name="value" val="&quot;android.permission.CREATE_VIRTUAL_DEVICE&quot;" />
    </annotation>
  </item>
  <item name="android.companion.virtual.VirtualDeviceManager.VirtualDevice android.hardware.display.VirtualDisplay createVirtualDisplay(int, int, int, android.view.Surface, int, java.util.concurrent.Executor, android.hardware.display.VirtualDisplay.Callback) 0">
    <annotation name="androidx.annotation.IntRange">
      <val name="from" val="1" />
    </annotation>
  </item>
  <item name="android.companion.virtual.VirtualDeviceManager.VirtualDevice android.hardware.display.VirtualDisplay createVirtualDisplay(int, int, int, android.view.Surface, int, java.util.concurrent.Executor, android.hardware.display.VirtualDisplay.Callback) 1">
    <annotation name="androidx.annotation.IntRange">
      <val name="from" val="1" />
    </annotation>
  </item>
  <item name="android.companion.virtual.VirtualDeviceManager.VirtualDevice android.hardware.display.VirtualDisplay createVirtualDisplay(int, int, int, android.view.Surface, int, java.util.concurrent.Executor, android.hardware.display.VirtualDisplay.Callback) 2">
    <annotation name="androidx.annotation.IntRange">
      <val name="from" val="1" />
    </annotation>
  </item>
  <item name="android.companion.virtual.VirtualDeviceManager.VirtualDevice android.hardware.display.VirtualDisplay createVirtualDisplay(int, int, int, android.view.Surface, int, java.util.concurrent.Executor, android.hardware.display.VirtualDisplay.Callback) 4">
    <annotation name="androidx.annotation.IntDef">
      <val name="value" val="{android.hardware.display.DisplayManager.VIRTUAL_DISPLAY_FLAG_PUBLIC, android.hardware.display.DisplayManager.VIRTUAL_DISPLAY_FLAG_PRESENTATION, android.hardware.display.DisplayManager.VIRTUAL_DISPLAY_FLAG_SECURE, android.hardware.display.DisplayManager.VIRTUAL_DISPLAY_FLAG_OWN_CONTENT_ONLY, android.hardware.display.DisplayManager.VIRTUAL_DISPLAY_FLAG_AUTO_MIRROR, android.hardware.display.DisplayManager.VIRTUAL_DISPLAY_FLAG_ROTATES_WITH_CONTENT, android.hardware.display.DisplayManager.VIRTUAL_DISPLAY_FLAG_TRUSTED, android.hardware.display.DisplayManager.VIRTUAL_DISPLAY_FLAG_STEAL_TOP_FOCUS_DISABLED}" />
      <val name="flag" val="true" />
    </annotation>
  </item>
  <item name="android.companion.virtual.VirtualDeviceManager.VirtualDevice android.hardware.input.VirtualDpad createVirtualDpad(android.hardware.input.VirtualDpadConfig)">
    <annotation name="androidx.annotation.RequiresPermission">
      <val name="value" val="&quot;android.permission.CREATE_VIRTUAL_DEVICE&quot;" />
    </annotation>
  </item>
  <item name="android.companion.virtual.VirtualDeviceManager.VirtualDevice android.hardware.input.VirtualKeyboard createVirtualKeyboard(android.hardware.display.VirtualDisplay, java.lang.String, int, int)">
    <annotation name="androidx.annotation.RequiresPermission">
      <val name="value" val="&quot;android.permission.CREATE_VIRTUAL_DEVICE&quot;" />
    </annotation>
  </item>
  <item name="android.companion.virtual.VirtualDeviceManager.VirtualDevice android.hardware.input.VirtualKeyboard createVirtualKeyboard(android.hardware.input.VirtualKeyboardConfig)">
    <annotation name="androidx.annotation.RequiresPermission">
      <val name="value" val="&quot;android.permission.CREATE_VIRTUAL_DEVICE&quot;" />
    </annotation>
  </item>
  <item name="android.companion.virtual.VirtualDeviceManager.VirtualDevice android.hardware.input.VirtualMouse createVirtualMouse(android.hardware.display.VirtualDisplay, java.lang.String, int, int)">
    <annotation name="androidx.annotation.RequiresPermission">
      <val name="value" val="&quot;android.permission.CREATE_VIRTUAL_DEVICE&quot;" />
    </annotation>
  </item>
  <item name="android.companion.virtual.VirtualDeviceManager.VirtualDevice android.hardware.input.VirtualMouse createVirtualMouse(android.hardware.input.VirtualMouseConfig)">
    <annotation name="androidx.annotation.RequiresPermission">
      <val name="value" val="&quot;android.permission.CREATE_VIRTUAL_DEVICE&quot;" />
    </annotation>
  </item>
  <item name="android.companion.virtual.VirtualDeviceManager.VirtualDevice android.hardware.input.VirtualNavigationTouchpad createVirtualNavigationTouchpad(android.hardware.input.VirtualNavigationTouchpadConfig)">
    <annotation name="androidx.annotation.RequiresPermission">
      <val name="value" val="&quot;android.permission.CREATE_VIRTUAL_DEVICE&quot;" />
    </annotation>
  </item>
  <item name="android.companion.virtual.VirtualDeviceManager.VirtualDevice android.hardware.input.VirtualStylus createVirtualStylus(android.hardware.input.VirtualStylusConfig)">
    <annotation name="androidx.annotation.RequiresPermission">
      <val name="value" val="&quot;android.permission.CREATE_VIRTUAL_DEVICE&quot;" />
    </annotation>
  </item>
  <item name="android.companion.virtual.VirtualDeviceManager.VirtualDevice android.hardware.input.VirtualTouchscreen createVirtualTouchscreen(android.hardware.display.VirtualDisplay, java.lang.String, int, int)">
    <annotation name="androidx.annotation.RequiresPermission">
      <val name="value" val="&quot;android.permission.CREATE_VIRTUAL_DEVICE&quot;" />
    </annotation>
  </item>
  <item name="android.companion.virtual.VirtualDeviceManager.VirtualDevice android.hardware.input.VirtualTouchscreen createVirtualTouchscreen(android.hardware.input.VirtualTouchscreenConfig)">
    <annotation name="androidx.annotation.RequiresPermission">
      <val name="value" val="&quot;android.permission.CREATE_VIRTUAL_DEVICE&quot;" />
    </annotation>
  </item>
  <item name="android.companion.virtual.VirtualDeviceManager.VirtualDevice void addActivityPolicyExemption(android.content.ComponentName)">
    <annotation name="androidx.annotation.RequiresPermission">
      <val name="value" val="&quot;android.permission.CREATE_VIRTUAL_DEVICE&quot;" />
    </annotation>
  </item>
  <item name="android.companion.virtual.VirtualDeviceManager.VirtualDevice void close()">
    <annotation name="androidx.annotation.RequiresPermission">
      <val name="value" val="&quot;android.permission.CREATE_VIRTUAL_DEVICE&quot;" />
    </annotation>
  </item>
  <item name="android.companion.virtual.VirtualDeviceManager.VirtualDevice void registerIntentInterceptor(android.content.IntentFilter, java.util.concurrent.Executor, android.companion.virtual.VirtualDeviceManager.IntentInterceptorCallback)">
    <annotation name="androidx.annotation.RequiresPermission">
      <val name="value" val="&quot;android.permission.CREATE_VIRTUAL_DEVICE&quot;" />
    </annotation>
  </item>
  <item name="android.companion.virtual.VirtualDeviceManager.VirtualDevice void removeActivityPolicyExemption(android.content.ComponentName)">
    <annotation name="androidx.annotation.RequiresPermission">
      <val name="value" val="&quot;android.permission.CREATE_VIRTUAL_DEVICE&quot;" />
    </annotation>
  </item>
  <item name="android.companion.virtual.VirtualDeviceManager.VirtualDevice void setDevicePolicy(int, int)">
    <annotation name="androidx.annotation.RequiresPermission">
      <val name="value" val="&quot;android.permission.CREATE_VIRTUAL_DEVICE&quot;" />
    </annotation>
  </item>
  <item name="android.companion.virtual.VirtualDeviceManager.VirtualDevice void setDevicePolicy(int, int) 0">
    <annotation name="androidx.annotation.IntDef">
      <val name="value" val="{android.companion.virtual.VirtualDeviceParams.POLICY_TYPE_RECENTS, android.companion.virtual.VirtualDeviceParams.POLICY_TYPE_ACTIVITY, android.companion.virtual.VirtualDeviceParams.POLICY_TYPE_CLIPBOARD}" />
    </annotation>
  </item>
  <item name="android.companion.virtual.VirtualDeviceManager.VirtualDevice void setDevicePolicy(int, int) 1">
    <annotation name="androidx.annotation.IntDef">
      <val name="value" val="{android.companion.virtual.VirtualDeviceParams.DEVICE_POLICY_DEFAULT, android.companion.virtual.VirtualDeviceParams.DEVICE_POLICY_CUSTOM}" />
    </annotation>
  </item>
  <item name="android.companion.virtual.VirtualDeviceManager.VirtualDevice void setDisplayImePolicy(int, int)">
    <annotation name="androidx.annotation.RequiresPermission">
      <val name="value" val="&quot;android.permission.CREATE_VIRTUAL_DEVICE&quot;" />
    </annotation>
  </item>
  <item name="android.companion.virtual.VirtualDeviceManager.VirtualDevice void setDisplayImePolicy(int, int) 1">
    <annotation name="androidx.annotation.IntDef">
      <val name="value" val="{android.view.WindowManager.DISPLAY_IME_POLICY_LOCAL, android.view.WindowManager.DISPLAY_IME_POLICY_FALLBACK_DISPLAY, android.view.WindowManager.DISPLAY_IME_POLICY_HIDE}" />
    </annotation>
  </item>
  <item name="android.companion.virtual.VirtualDeviceManager.VirtualDevice void setShowPointerIcon(boolean)">
    <annotation name="androidx.annotation.RequiresPermission">
      <val name="value" val="&quot;android.permission.CREATE_VIRTUAL_DEVICE&quot;" />
    </annotation>
  </item>
  <item name="android.companion.virtual.VirtualDeviceManager.VirtualDevice void unregisterIntentInterceptor(android.companion.virtual.VirtualDeviceManager.IntentInterceptorCallback)">
    <annotation name="androidx.annotation.RequiresPermission">
      <val name="value" val="&quot;android.permission.CREATE_VIRTUAL_DEVICE&quot;" />
    </annotation>
  </item>
  <item name="android.companion.virtual.VirtualDeviceParams int getDefaultActivityPolicy()">
    <annotation name="androidx.annotation.IntDef">
      <val name="value" val="{android.companion.virtual.VirtualDeviceParams.ACTIVITY_POLICY_DEFAULT_ALLOWED, android.companion.virtual.VirtualDeviceParams.ACTIVITY_POLICY_DEFAULT_BLOCKED}" />
    </annotation>
  </item>
  <item name="android.companion.virtual.VirtualDeviceParams int getDefaultNavigationPolicy()">
    <annotation name="androidx.annotation.IntDef">
      <val name="value" val="{android.companion.virtual.VirtualDeviceParams.NAVIGATION_POLICY_DEFAULT_ALLOWED, android.companion.virtual.VirtualDeviceParams.NAVIGATION_POLICY_DEFAULT_BLOCKED}" />
    </annotation>
  </item>
  <item name="android.companion.virtual.VirtualDeviceParams int getDevicePolicy(int)">
    <annotation name="androidx.annotation.IntDef">
      <val name="value" val="{android.companion.virtual.VirtualDeviceParams.DEVICE_POLICY_DEFAULT, android.companion.virtual.VirtualDeviceParams.DEVICE_POLICY_CUSTOM}" />
    </annotation>
  </item>
  <item name="android.companion.virtual.VirtualDeviceParams int getDevicePolicy(int) 0">
    <annotation name="androidx.annotation.IntDef">
      <val name="value" val="{android.companion.virtual.VirtualDeviceParams.POLICY_TYPE_SENSORS, android.companion.virtual.VirtualDeviceParams.POLICY_TYPE_AUDIO, android.companion.virtual.VirtualDeviceParams.POLICY_TYPE_RECENTS, android.companion.virtual.VirtualDeviceParams.POLICY_TYPE_ACTIVITY, android.companion.virtual.VirtualDeviceParams.POLICY_TYPE_CAMERA}" />
    </annotation>
  </item>
  <item name="android.companion.virtual.VirtualDeviceParams int getLockState()">
    <annotation name="androidx.annotation.IntDef">
      <val name="value" val="{android.companion.virtual.VirtualDeviceParams.LOCK_STATE_DEFAULT, android.companion.virtual.VirtualDeviceParams.LOCK_STATE_ALWAYS_UNLOCKED}" />
    </annotation>
  </item>
  <item name="android.companion.virtual.VirtualDeviceParams.Builder android.companion.virtual.VirtualDeviceParams.Builder setDevicePolicy(int, int) 0">
    <annotation name="androidx.annotation.IntDef">
      <val name="value" val="{android.companion.virtual.VirtualDeviceParams.POLICY_TYPE_SENSORS, android.companion.virtual.VirtualDeviceParams.POLICY_TYPE_AUDIO, android.companion.virtual.VirtualDeviceParams.POLICY_TYPE_RECENTS, android.companion.virtual.VirtualDeviceParams.POLICY_TYPE_ACTIVITY, android.companion.virtual.VirtualDeviceParams.POLICY_TYPE_CAMERA}" />
    </annotation>
  </item>
  <item name="android.companion.virtual.VirtualDeviceParams.Builder android.companion.virtual.VirtualDeviceParams.Builder setDevicePolicy(int, int) 1">
    <annotation name="androidx.annotation.IntDef">
      <val name="value" val="{android.companion.virtual.VirtualDeviceParams.DEVICE_POLICY_DEFAULT, android.companion.virtual.VirtualDeviceParams.DEVICE_POLICY_CUSTOM}" />
    </annotation>
  </item>
  <item name="android.companion.virtual.VirtualDeviceParams.Builder android.companion.virtual.VirtualDeviceParams.Builder setLockState(int)">
    <annotation name="androidx.annotation.RequiresPermission">
      <val name="value" val="&quot;android.permission.ADD_ALWAYS_UNLOCKED_DISPLAY&quot;" />
      <val name="conditional" val="true" />
    </annotation>
  </item>
  <item name="android.companion.virtual.VirtualDeviceParams.Builder android.companion.virtual.VirtualDeviceParams.Builder setLockState(int) 0">
    <annotation name="androidx.annotation.IntDef">
      <val name="value" val="{android.companion.virtual.VirtualDeviceParams.LOCK_STATE_DEFAULT, android.companion.virtual.VirtualDeviceParams.LOCK_STATE_ALWAYS_UNLOCKED}" />
    </annotation>
  </item>
</root>

