<?xml version="1.0" encoding="UTF-8"?>
<root>
  <item name="android.os.storage.StorageManager ACTION_CLEAR_APP_CACHE">
    <annotation name="androidx.annotation.RequiresPermission">
      <val name="value" val="&quot;android.permission.MANAGE_EXTERNAL_STORAGE&quot;" />
    </annotation>
  </item>
  <item name="android.os.storage.StorageManager FLAG_ALLOCATE_AGGRESSIVE">
    <annotation name="androidx.annotation.RequiresPermission">
      <val name="value" val="&quot;android.permission.ALLOCATE_AGGRESSIVE&quot;" />
    </annotation>
  </item>
  <item name="android.os.storage.StorageManager android.app.PendingIntent getManageSpaceActivityIntent(java.lang.String, int)">
    <annotation name="androidx.annotation.RequiresPermission">
      <val name="value" val="&quot;android.permission.MANAGE_EXTERNAL_STORAGE&quot;" />
    </annotation>
  </item>
  <item name="android.os.storage.StorageManager int getExternalStorageMountMode(int, java.lang.String)">
    <annotation name="androidx.annotation.RequiresPermission">
      <val name="value" val="&quot;android.permission.WRITE_MEDIA_STORAGE&quot;" />
    </annotation>
    <annotation name="androidx.annotation.IntDef">
      <val name="value" val="{android.os.storage.StorageManager.MOUNT_MODE_EXTERNAL_NONE, android.os.storage.StorageManager.MOUNT_MODE_EXTERNAL_DEFAULT, android.os.storage.StorageManager.MOUNT_MODE_EXTERNAL_INSTALLER, android.os.storage.StorageManager.MOUNT_MODE_EXTERNAL_PASS_THROUGH, android.os.storage.StorageManager.MOUNT_MODE_EXTERNAL_ANDROID_WRITABLE}" />
    </annotation>
  </item>
  <item name="android.os.storage.StorageManager int getInternalStorageRemainingLifetime()">
    <annotation name="androidx.annotation.RequiresPermission">
      <val name="value" val="&quot;android.permission.READ_PRIVILEGED_PHONE_STATE&quot;" />
    </annotation>
  </item>
  <item name="android.os.storage.StorageManager java.util.List&lt;android.os.storage.StorageVolume&gt; getStorageVolumesIncludingSharedProfiles()">
    <annotation name="androidx.annotation.RequiresPermission">
      <val name="value" val="&quot;android.permission.MANAGE_EXTERNAL_STORAGE&quot;" />
    </annotation>
  </item>
  <item name="android.os.storage.StorageManager long getAllocatableBytes(java.util.UUID)">
    <annotation name="androidx.annotation.WorkerThread"/>
  </item>
  <item name="android.os.storage.StorageManager long getAllocatableBytes(java.util.UUID, int)">
    <annotation name="androidx.annotation.WorkerThread"/>
  </item>
  <item name="android.os.storage.StorageManager long getAllocatableBytes(java.util.UUID, int) 1">
    <annotation name="androidx.annotation.RequiresPermission"/>
    <annotation name="androidx.annotation.IntDef">
      <val name="value" val="{android.os.storage.StorageManager.FLAG_ALLOCATE_AGGRESSIVE}" />
      <val name="flag" val="true" />
    </annotation>
  </item>
  <item name="android.os.storage.StorageManager long getCacheQuotaBytes(java.util.UUID)">
    <annotation name="androidx.annotation.WorkerThread"/>
  </item>
  <item name="android.os.storage.StorageManager long getCacheSizeBytes(java.util.UUID)">
    <annotation name="androidx.annotation.WorkerThread"/>
  </item>
  <item name="android.os.storage.StorageManager void allocateBytes(java.io.FileDescriptor, long)">
    <annotation name="androidx.annotation.WorkerThread"/>
  </item>
  <item name="android.os.storage.StorageManager void allocateBytes(java.io.FileDescriptor, long, int)">
    <annotation name="androidx.annotation.WorkerThread"/>
  </item>
  <item name="android.os.storage.StorageManager void allocateBytes(java.io.FileDescriptor, long, int) 2">
    <annotation name="androidx.annotation.RequiresPermission"/>
    <annotation name="androidx.annotation.IntDef">
      <val name="value" val="{android.os.storage.StorageManager.FLAG_ALLOCATE_AGGRESSIVE}" />
      <val name="flag" val="true" />
    </annotation>
  </item>
  <item name="android.os.storage.StorageManager void allocateBytes(java.util.UUID, long)">
    <annotation name="androidx.annotation.WorkerThread"/>
  </item>
  <item name="android.os.storage.StorageManager void allocateBytes(java.util.UUID, long, int)">
    <annotation name="androidx.annotation.WorkerThread"/>
  </item>
  <item name="android.os.storage.StorageManager void allocateBytes(java.util.UUID, long, int) 2">
    <annotation name="androidx.annotation.RequiresPermission"/>
    <annotation name="androidx.annotation.IntDef">
      <val name="value" val="{android.os.storage.StorageManager.FLAG_ALLOCATE_AGGRESSIVE}" />
      <val name="flag" val="true" />
    </annotation>
  </item>
  <item name="android.os.storage.StorageManager void notifyAppIoBlocked(java.util.UUID, int, int, int) 3">
    <annotation name="androidx.annotation.IntDef">
      <val name="value" val="{android.os.storage.StorageManager.APP_IO_BLOCKED_REASON_TRANSCODING, android.os.storage.StorageManager.APP_IO_BLOCKED_REASON_UNKNOWN}" />
    </annotation>
  </item>
  <item name="android.os.storage.StorageManager void notifyAppIoResumed(java.util.UUID, int, int, int) 3">
    <annotation name="androidx.annotation.IntDef">
      <val name="value" val="{android.os.storage.StorageManager.APP_IO_BLOCKED_REASON_TRANSCODING, android.os.storage.StorageManager.APP_IO_BLOCKED_REASON_UNKNOWN}" />
    </annotation>
  </item>
  <item name="android.os.storage.StorageManager void updateExternalStorageFileQuotaType(java.io.File, int) 1">
    <annotation name="androidx.annotation.IntDef">
      <val name="value" val="{android.os.storage.StorageManager.QUOTA_TYPE_MEDIA_NONE, android.os.storage.StorageManager.QUOTA_TYPE_MEDIA_AUDIO, android.os.storage.StorageManager.QUOTA_TYPE_MEDIA_VIDEO, android.os.storage.StorageManager.QUOTA_TYPE_MEDIA_IMAGE}" />
    </annotation>
  </item>
</root>

