<?xml version="1.0" encoding="UTF-8"?>
<root>
  <item name="android.telephony.satellite.AntennaPosition int getSuggestedHoldPosition()">
    <annotation name="androidx.annotation.IntDef">
      <val name="value" val="{android.telephony.satellite.SatelliteManager.DEVICE_HOLD_POSITION_UNKNOWN, android.telephony.satellite.SatelliteManager.DEVICE_HOLD_POSITION_PORTRAIT, android.telephony.satellite.SatelliteManager.DEVICE_HOLD_POSITION_LANDSCAPE_LEFT, android.telephony.satellite.SatelliteManager.DEVICE_HOLD_POSITION_LANDSCAPE_RIGHT}" />
    </annotation>
  </item>
  <item name="android.telephony.satellite.NtnSignalStrength int getLevel()">
    <annotation name="androidx.annotation.IntDef">
      <val name="value" val="{android.telephony.satellite.NtnSignalStrength.NTN_SIGNAL_STRENGTH_NONE, android.telephony.satellite.NtnSignalStrength.NTN_SIGNAL_STRENGTH_POOR, android.telephony.satellite.NtnSignalStrength.NTN_SIGNAL_STRENGTH_MODERATE, android.telephony.satellite.NtnSignalStrength.NTN_SIGNAL_STRENGTH_GOOD, android.telephony.satellite.NtnSignalStrength.NTN_SIGNAL_STRENGTH_GREAT}" />
    </annotation>
  </item>
  <item name="android.telephony.satellite.PointingInfo float getSatelliteAzimuthDegrees()">
    <annotation name="androidx.annotation.FloatRange">
      <val name="from" val="-180" />
      <val name="to" val="180" />
    </annotation>
  </item>
  <item name="android.telephony.satellite.PointingInfo float getSatelliteElevationDegrees()">
    <annotation name="androidx.annotation.FloatRange">
      <val name="from" val="-90" />
      <val name="to" val="90" />
    </annotation>
  </item>
  <item name="android.telephony.satellite.SatelliteCapabilities java.util.Set&lt;java.lang.Integer&gt; getSupportedRadioTechnologies()">
    <annotation name="androidx.annotation.IntDef">
      <val name="value" val="{android.telephony.satellite.SatelliteManager.NT_RADIO_TECHNOLOGY_UNKNOWN, android.telephony.satellite.SatelliteManager.NT_RADIO_TECHNOLOGY_NB_IOT_NTN, android.telephony.satellite.SatelliteManager.NT_RADIO_TECHNOLOGY_NR_NTN, android.telephony.satellite.SatelliteManager.NT_RADIO_TECHNOLOGY_EMTC_NTN, android.telephony.satellite.SatelliteManager.NT_RADIO_TECHNOLOGY_PROPRIETARY}" />
    </annotation>
  </item>
  <item name="android.telephony.satellite.SatelliteManager int registerForCapabilitiesChanged(java.util.concurrent.Executor, android.telephony.satellite.SatelliteCapabilitiesCallback)">
    <annotation name="androidx.annotation.RequiresPermission">
      <val name="value" val="&quot;android.permission.SATELLITE_COMMUNICATION&quot;" />
    </annotation>
    <annotation name="androidx.annotation.IntDef">
      <val name="value" val="{android.telephony.satellite.SatelliteManager.SATELLITE_RESULT_SUCCESS, android.telephony.satellite.SatelliteManager.SATELLITE_RESULT_ERROR, android.telephony.satellite.SatelliteManager.SATELLITE_RESULT_SERVER_ERROR, android.telephony.satellite.SatelliteManager.SATELLITE_RESULT_SERVICE_ERROR, android.telephony.satellite.SatelliteManager.SATELLITE_RESULT_MODEM_ERROR, android.telephony.satellite.SatelliteManager.SATELLITE_RESULT_NETWORK_ERROR, android.telephony.satellite.SatelliteManager.SATELLITE_RESULT_INVALID_TELEPHONY_STATE, android.telephony.satellite.SatelliteManager.SATELLITE_RESULT_INVALID_MODEM_STATE, android.telephony.satellite.SatelliteManager.SATELLITE_RESULT_INVALID_ARGUMENTS, android.telephony.satellite.SatelliteManager.SATELLITE_RESULT_REQUEST_FAILED, android.telephony.satellite.SatelliteManager.SATELLITE_RESULT_RADIO_NOT_AVAILABLE, android.telephony.satellite.SatelliteManager.SATELLITE_RESULT_REQUEST_NOT_SUPPORTED, android.telephony.satellite.SatelliteManager.SATELLITE_RESULT_NO_RESOURCES, android.telephony.satellite.SatelliteManager.SATELLITE_RESULT_SERVICE_NOT_PROVISIONED, android.telephony.satellite.SatelliteManager.SATELLITE_RESULT_SERVICE_PROVISION_IN_PROGRESS, android.telephony.satellite.SatelliteManager.SATELLITE_RESULT_REQUEST_ABORTED, android.telephony.satellite.SatelliteManager.SATELLITE_RESULT_ACCESS_BARRED, android.telephony.satellite.SatelliteManager.SATELLITE_RESULT_NETWORK_TIMEOUT, android.telephony.satellite.SatelliteManager.SATELLITE_RESULT_NOT_REACHABLE, android.telephony.satellite.SatelliteManager.SATELLITE_RESULT_NOT_AUTHORIZED, android.telephony.satellite.SatelliteManager.SATELLITE_RESULT_NOT_SUPPORTED, android.telephony.satellite.SatelliteManager.SATELLITE_RESULT_REQUEST_IN_PROGRESS, android.telephony.satellite.SatelliteManager.SATELLITE_RESULT_MODEM_BUSY, android.telephony.satellite.SatelliteManager.SATELLITE_RESULT_ILLEGAL_STATE, android.telephony.satellite.SatelliteManager.SATELLITE_RESULT_MODEM_TIMEOUT}" />
    </annotation>
  </item>
  <item name="android.telephony.satellite.SatelliteManager int registerForIncomingDatagram(java.util.concurrent.Executor, android.telephony.satellite.SatelliteDatagramCallback)">
    <annotation name="androidx.annotation.RequiresPermission">
      <val name="value" val="&quot;android.permission.SATELLITE_COMMUNICATION&quot;" />
    </annotation>
    <annotation name="androidx.annotation.IntDef">
      <val name="value" val="{android.telephony.satellite.SatelliteManager.SATELLITE_RESULT_SUCCESS, android.telephony.satellite.SatelliteManager.SATELLITE_RESULT_ERROR, android.telephony.satellite.SatelliteManager.SATELLITE_RESULT_SERVER_ERROR, android.telephony.satellite.SatelliteManager.SATELLITE_RESULT_SERVICE_ERROR, android.telephony.satellite.SatelliteManager.SATELLITE_RESULT_MODEM_ERROR, android.telephony.satellite.SatelliteManager.SATELLITE_RESULT_NETWORK_ERROR, android.telephony.satellite.SatelliteManager.SATELLITE_RESULT_INVALID_TELEPHONY_STATE, android.telephony.satellite.SatelliteManager.SATELLITE_RESULT_INVALID_MODEM_STATE, android.telephony.satellite.SatelliteManager.SATELLITE_RESULT_INVALID_ARGUMENTS, android.telephony.satellite.SatelliteManager.SATELLITE_RESULT_REQUEST_FAILED, android.telephony.satellite.SatelliteManager.SATELLITE_RESULT_RADIO_NOT_AVAILABLE, android.telephony.satellite.SatelliteManager.SATELLITE_RESULT_REQUEST_NOT_SUPPORTED, android.telephony.satellite.SatelliteManager.SATELLITE_RESULT_NO_RESOURCES, android.telephony.satellite.SatelliteManager.SATELLITE_RESULT_SERVICE_NOT_PROVISIONED, android.telephony.satellite.SatelliteManager.SATELLITE_RESULT_SERVICE_PROVISION_IN_PROGRESS, android.telephony.satellite.SatelliteManager.SATELLITE_RESULT_REQUEST_ABORTED, android.telephony.satellite.SatelliteManager.SATELLITE_RESULT_ACCESS_BARRED, android.telephony.satellite.SatelliteManager.SATELLITE_RESULT_NETWORK_TIMEOUT, android.telephony.satellite.SatelliteManager.SATELLITE_RESULT_NOT_REACHABLE, android.telephony.satellite.SatelliteManager.SATELLITE_RESULT_NOT_AUTHORIZED, android.telephony.satellite.SatelliteManager.SATELLITE_RESULT_NOT_SUPPORTED, android.telephony.satellite.SatelliteManager.SATELLITE_RESULT_REQUEST_IN_PROGRESS, android.telephony.satellite.SatelliteManager.SATELLITE_RESULT_MODEM_BUSY, android.telephony.satellite.SatelliteManager.SATELLITE_RESULT_ILLEGAL_STATE, android.telephony.satellite.SatelliteManager.SATELLITE_RESULT_MODEM_TIMEOUT}" />
    </annotation>
  </item>
  <item name="android.telephony.satellite.SatelliteManager int registerForModemStateChanged(java.util.concurrent.Executor, android.telephony.satellite.SatelliteModemStateCallback)">
    <annotation name="androidx.annotation.RequiresPermission">
      <val name="value" val="&quot;android.permission.SATELLITE_COMMUNICATION&quot;" />
    </annotation>
    <annotation name="androidx.annotation.IntDef">
      <val name="value" val="{android.telephony.satellite.SatelliteManager.SATELLITE_RESULT_SUCCESS, android.telephony.satellite.SatelliteManager.SATELLITE_RESULT_ERROR, android.telephony.satellite.SatelliteManager.SATELLITE_RESULT_SERVER_ERROR, android.telephony.satellite.SatelliteManager.SATELLITE_RESULT_SERVICE_ERROR, android.telephony.satellite.SatelliteManager.SATELLITE_RESULT_MODEM_ERROR, android.telephony.satellite.SatelliteManager.SATELLITE_RESULT_NETWORK_ERROR, android.telephony.satellite.SatelliteManager.SATELLITE_RESULT_INVALID_TELEPHONY_STATE, android.telephony.satellite.SatelliteManager.SATELLITE_RESULT_INVALID_MODEM_STATE, android.telephony.satellite.SatelliteManager.SATELLITE_RESULT_INVALID_ARGUMENTS, android.telephony.satellite.SatelliteManager.SATELLITE_RESULT_REQUEST_FAILED, android.telephony.satellite.SatelliteManager.SATELLITE_RESULT_RADIO_NOT_AVAILABLE, android.telephony.satellite.SatelliteManager.SATELLITE_RESULT_REQUEST_NOT_SUPPORTED, android.telephony.satellite.SatelliteManager.SATELLITE_RESULT_NO_RESOURCES, android.telephony.satellite.SatelliteManager.SATELLITE_RESULT_SERVICE_NOT_PROVISIONED, android.telephony.satellite.SatelliteManager.SATELLITE_RESULT_SERVICE_PROVISION_IN_PROGRESS, android.telephony.satellite.SatelliteManager.SATELLITE_RESULT_REQUEST_ABORTED, android.telephony.satellite.SatelliteManager.SATELLITE_RESULT_ACCESS_BARRED, android.telephony.satellite.SatelliteManager.SATELLITE_RESULT_NETWORK_TIMEOUT, android.telephony.satellite.SatelliteManager.SATELLITE_RESULT_NOT_REACHABLE, android.telephony.satellite.SatelliteManager.SATELLITE_RESULT_NOT_AUTHORIZED, android.telephony.satellite.SatelliteManager.SATELLITE_RESULT_NOT_SUPPORTED, android.telephony.satellite.SatelliteManager.SATELLITE_RESULT_REQUEST_IN_PROGRESS, android.telephony.satellite.SatelliteManager.SATELLITE_RESULT_MODEM_BUSY, android.telephony.satellite.SatelliteManager.SATELLITE_RESULT_ILLEGAL_STATE, android.telephony.satellite.SatelliteManager.SATELLITE_RESULT_MODEM_TIMEOUT}" />
    </annotation>
  </item>
  <item name="android.telephony.satellite.SatelliteManager int registerForProvisionStateChanged(java.util.concurrent.Executor, android.telephony.satellite.SatelliteProvisionStateCallback)">
    <annotation name="androidx.annotation.RequiresPermission">
      <val name="value" val="&quot;android.permission.SATELLITE_COMMUNICATION&quot;" />
    </annotation>
    <annotation name="androidx.annotation.IntDef">
      <val name="value" val="{android.telephony.satellite.SatelliteManager.SATELLITE_RESULT_SUCCESS, android.telephony.satellite.SatelliteManager.SATELLITE_RESULT_ERROR, android.telephony.satellite.SatelliteManager.SATELLITE_RESULT_SERVER_ERROR, android.telephony.satellite.SatelliteManager.SATELLITE_RESULT_SERVICE_ERROR, android.telephony.satellite.SatelliteManager.SATELLITE_RESULT_MODEM_ERROR, android.telephony.satellite.SatelliteManager.SATELLITE_RESULT_NETWORK_ERROR, android.telephony.satellite.SatelliteManager.SATELLITE_RESULT_INVALID_TELEPHONY_STATE, android.telephony.satellite.SatelliteManager.SATELLITE_RESULT_INVALID_MODEM_STATE, android.telephony.satellite.SatelliteManager.SATELLITE_RESULT_INVALID_ARGUMENTS, android.telephony.satellite.SatelliteManager.SATELLITE_RESULT_REQUEST_FAILED, android.telephony.satellite.SatelliteManager.SATELLITE_RESULT_RADIO_NOT_AVAILABLE, android.telephony.satellite.SatelliteManager.SATELLITE_RESULT_REQUEST_NOT_SUPPORTED, android.telephony.satellite.SatelliteManager.SATELLITE_RESULT_NO_RESOURCES, android.telephony.satellite.SatelliteManager.SATELLITE_RESULT_SERVICE_NOT_PROVISIONED, android.telephony.satellite.SatelliteManager.SATELLITE_RESULT_SERVICE_PROVISION_IN_PROGRESS, android.telephony.satellite.SatelliteManager.SATELLITE_RESULT_REQUEST_ABORTED, android.telephony.satellite.SatelliteManager.SATELLITE_RESULT_ACCESS_BARRED, android.telephony.satellite.SatelliteManager.SATELLITE_RESULT_NETWORK_TIMEOUT, android.telephony.satellite.SatelliteManager.SATELLITE_RESULT_NOT_REACHABLE, android.telephony.satellite.SatelliteManager.SATELLITE_RESULT_NOT_AUTHORIZED, android.telephony.satellite.SatelliteManager.SATELLITE_RESULT_NOT_SUPPORTED, android.telephony.satellite.SatelliteManager.SATELLITE_RESULT_REQUEST_IN_PROGRESS, android.telephony.satellite.SatelliteManager.SATELLITE_RESULT_MODEM_BUSY, android.telephony.satellite.SatelliteManager.SATELLITE_RESULT_ILLEGAL_STATE, android.telephony.satellite.SatelliteManager.SATELLITE_RESULT_MODEM_TIMEOUT}" />
    </annotation>
  </item>
  <item name="android.telephony.satellite.SatelliteManager java.util.List&lt;java.lang.String&gt; getSatellitePlmnsForCarrier(int)">
    <annotation name="androidx.annotation.RequiresPermission">
      <val name="value" val="&quot;android.permission.SATELLITE_COMMUNICATION&quot;" />
    </annotation>
  </item>
  <item name="android.telephony.satellite.SatelliteManager java.util.Set&lt;java.lang.Integer&gt; getAttachRestrictionReasonsForCarrier(int)">
    <annotation name="androidx.annotation.RequiresPermission">
      <val name="value" val="&quot;android.permission.SATELLITE_COMMUNICATION&quot;" />
    </annotation>
    <annotation name="androidx.annotation.IntDef">
      <val name="value" val="{android.telephony.satellite.SatelliteManager.SATELLITE_COMMUNICATION_RESTRICTION_REASON_GEOLOCATION, android.telephony.satellite.SatelliteManager.SATELLITE_COMMUNICATION_RESTRICTION_REASON_ENTITLEMENT}" />
    </annotation>
  </item>
  <item name="android.telephony.satellite.SatelliteManager void addAttachRestrictionForCarrier(int, int, java.util.concurrent.Executor, java.util.function.Consumer&lt;java.lang.Integer&gt;)">
    <annotation name="androidx.annotation.RequiresPermission">
      <val name="value" val="&quot;android.permission.SATELLITE_COMMUNICATION&quot;" />
    </annotation>
  </item>
  <item name="android.telephony.satellite.SatelliteManager void addAttachRestrictionForCarrier(int, int, java.util.concurrent.Executor, java.util.function.Consumer&lt;java.lang.Integer&gt;) 1">
    <annotation name="androidx.annotation.IntDef">
      <val name="value" val="{android.telephony.satellite.SatelliteManager.SATELLITE_COMMUNICATION_RESTRICTION_REASON_GEOLOCATION, android.telephony.satellite.SatelliteManager.SATELLITE_COMMUNICATION_RESTRICTION_REASON_ENTITLEMENT}" />
    </annotation>
  </item>
  <item name="android.telephony.satellite.SatelliteManager void addAttachRestrictionForCarrier(int, int, java.util.concurrent.Executor, java.util.function.Consumer&lt;java.lang.Integer&gt;) 3">
    <annotation name="androidx.annotation.IntDef">
      <val name="value" val="{android.telephony.satellite.SatelliteManager.SATELLITE_RESULT_SUCCESS, android.telephony.satellite.SatelliteManager.SATELLITE_RESULT_ERROR, android.telephony.satellite.SatelliteManager.SATELLITE_RESULT_SERVER_ERROR, android.telephony.satellite.SatelliteManager.SATELLITE_RESULT_SERVICE_ERROR, android.telephony.satellite.SatelliteManager.SATELLITE_RESULT_MODEM_ERROR, android.telephony.satellite.SatelliteManager.SATELLITE_RESULT_NETWORK_ERROR, android.telephony.satellite.SatelliteManager.SATELLITE_RESULT_INVALID_TELEPHONY_STATE, android.telephony.satellite.SatelliteManager.SATELLITE_RESULT_INVALID_MODEM_STATE, android.telephony.satellite.SatelliteManager.SATELLITE_RESULT_INVALID_ARGUMENTS, android.telephony.satellite.SatelliteManager.SATELLITE_RESULT_REQUEST_FAILED, android.telephony.satellite.SatelliteManager.SATELLITE_RESULT_RADIO_NOT_AVAILABLE, android.telephony.satellite.SatelliteManager.SATELLITE_RESULT_REQUEST_NOT_SUPPORTED, android.telephony.satellite.SatelliteManager.SATELLITE_RESULT_NO_RESOURCES, android.telephony.satellite.SatelliteManager.SATELLITE_RESULT_SERVICE_NOT_PROVISIONED, android.telephony.satellite.SatelliteManager.SATELLITE_RESULT_SERVICE_PROVISION_IN_PROGRESS, android.telephony.satellite.SatelliteManager.SATELLITE_RESULT_REQUEST_ABORTED, android.telephony.satellite.SatelliteManager.SATELLITE_RESULT_ACCESS_BARRED, android.telephony.satellite.SatelliteManager.SATELLITE_RESULT_NETWORK_TIMEOUT, android.telephony.satellite.SatelliteManager.SATELLITE_RESULT_NOT_REACHABLE, android.telephony.satellite.SatelliteManager.SATELLITE_RESULT_NOT_AUTHORIZED, android.telephony.satellite.SatelliteManager.SATELLITE_RESULT_NOT_SUPPORTED, android.telephony.satellite.SatelliteManager.SATELLITE_RESULT_REQUEST_IN_PROGRESS, android.telephony.satellite.SatelliteManager.SATELLITE_RESULT_MODEM_BUSY, android.telephony.satellite.SatelliteManager.SATELLITE_RESULT_ILLEGAL_STATE, android.telephony.satellite.SatelliteManager.SATELLITE_RESULT_MODEM_TIMEOUT}" />
    </annotation>
  </item>
  <item name="android.telephony.satellite.SatelliteManager void deprovisionService(java.lang.String, java.util.concurrent.Executor, java.util.function.Consumer&lt;java.lang.Integer&gt;)">
    <annotation name="androidx.annotation.RequiresPermission">
      <val name="value" val="&quot;android.permission.SATELLITE_COMMUNICATION&quot;" />
    </annotation>
  </item>
  <item name="android.telephony.satellite.SatelliteManager void deprovisionService(java.lang.String, java.util.concurrent.Executor, java.util.function.Consumer&lt;java.lang.Integer&gt;) 2">
    <annotation name="androidx.annotation.IntDef">
      <val name="value" val="{android.telephony.satellite.SatelliteManager.SATELLITE_RESULT_SUCCESS, android.telephony.satellite.SatelliteManager.SATELLITE_RESULT_ERROR, android.telephony.satellite.SatelliteManager.SATELLITE_RESULT_SERVER_ERROR, android.telephony.satellite.SatelliteManager.SATELLITE_RESULT_SERVICE_ERROR, android.telephony.satellite.SatelliteManager.SATELLITE_RESULT_MODEM_ERROR, android.telephony.satellite.SatelliteManager.SATELLITE_RESULT_NETWORK_ERROR, android.telephony.satellite.SatelliteManager.SATELLITE_RESULT_INVALID_TELEPHONY_STATE, android.telephony.satellite.SatelliteManager.SATELLITE_RESULT_INVALID_MODEM_STATE, android.telephony.satellite.SatelliteManager.SATELLITE_RESULT_INVALID_ARGUMENTS, android.telephony.satellite.SatelliteManager.SATELLITE_RESULT_REQUEST_FAILED, android.telephony.satellite.SatelliteManager.SATELLITE_RESULT_RADIO_NOT_AVAILABLE, android.telephony.satellite.SatelliteManager.SATELLITE_RESULT_REQUEST_NOT_SUPPORTED, android.telephony.satellite.SatelliteManager.SATELLITE_RESULT_NO_RESOURCES, android.telephony.satellite.SatelliteManager.SATELLITE_RESULT_SERVICE_NOT_PROVISIONED, android.telephony.satellite.SatelliteManager.SATELLITE_RESULT_SERVICE_PROVISION_IN_PROGRESS, android.telephony.satellite.SatelliteManager.SATELLITE_RESULT_REQUEST_ABORTED, android.telephony.satellite.SatelliteManager.SATELLITE_RESULT_ACCESS_BARRED, android.telephony.satellite.SatelliteManager.SATELLITE_RESULT_NETWORK_TIMEOUT, android.telephony.satellite.SatelliteManager.SATELLITE_RESULT_NOT_REACHABLE, android.telephony.satellite.SatelliteManager.SATELLITE_RESULT_NOT_AUTHORIZED, android.telephony.satellite.SatelliteManager.SATELLITE_RESULT_NOT_SUPPORTED, android.telephony.satellite.SatelliteManager.SATELLITE_RESULT_REQUEST_IN_PROGRESS, android.telephony.satellite.SatelliteManager.SATELLITE_RESULT_MODEM_BUSY, android.telephony.satellite.SatelliteManager.SATELLITE_RESULT_ILLEGAL_STATE, android.telephony.satellite.SatelliteManager.SATELLITE_RESULT_MODEM_TIMEOUT}" />
    </annotation>
  </item>
  <item name="android.telephony.satellite.SatelliteManager void pollPendingDatagrams(java.util.concurrent.Executor, java.util.function.Consumer&lt;java.lang.Integer&gt;)">
    <annotation name="androidx.annotation.RequiresPermission">
      <val name="value" val="&quot;android.permission.SATELLITE_COMMUNICATION&quot;" />
    </annotation>
  </item>
  <item name="android.telephony.satellite.SatelliteManager void pollPendingDatagrams(java.util.concurrent.Executor, java.util.function.Consumer&lt;java.lang.Integer&gt;) 1">
    <annotation name="androidx.annotation.IntDef">
      <val name="value" val="{android.telephony.satellite.SatelliteManager.SATELLITE_RESULT_SUCCESS, android.telephony.satellite.SatelliteManager.SATELLITE_RESULT_ERROR, android.telephony.satellite.SatelliteManager.SATELLITE_RESULT_SERVER_ERROR, android.telephony.satellite.SatelliteManager.SATELLITE_RESULT_SERVICE_ERROR, android.telephony.satellite.SatelliteManager.SATELLITE_RESULT_MODEM_ERROR, android.telephony.satellite.SatelliteManager.SATELLITE_RESULT_NETWORK_ERROR, android.telephony.satellite.SatelliteManager.SATELLITE_RESULT_INVALID_TELEPHONY_STATE, android.telephony.satellite.SatelliteManager.SATELLITE_RESULT_INVALID_MODEM_STATE, android.telephony.satellite.SatelliteManager.SATELLITE_RESULT_INVALID_ARGUMENTS, android.telephony.satellite.SatelliteManager.SATELLITE_RESULT_REQUEST_FAILED, android.telephony.satellite.SatelliteManager.SATELLITE_RESULT_RADIO_NOT_AVAILABLE, android.telephony.satellite.SatelliteManager.SATELLITE_RESULT_REQUEST_NOT_SUPPORTED, android.telephony.satellite.SatelliteManager.SATELLITE_RESULT_NO_RESOURCES, android.telephony.satellite.SatelliteManager.SATELLITE_RESULT_SERVICE_NOT_PROVISIONED, android.telephony.satellite.SatelliteManager.SATELLITE_RESULT_SERVICE_PROVISION_IN_PROGRESS, android.telephony.satellite.SatelliteManager.SATELLITE_RESULT_REQUEST_ABORTED, android.telephony.satellite.SatelliteManager.SATELLITE_RESULT_ACCESS_BARRED, android.telephony.satellite.SatelliteManager.SATELLITE_RESULT_NETWORK_TIMEOUT, android.telephony.satellite.SatelliteManager.SATELLITE_RESULT_NOT_REACHABLE, android.telephony.satellite.SatelliteManager.SATELLITE_RESULT_NOT_AUTHORIZED, android.telephony.satellite.SatelliteManager.SATELLITE_RESULT_NOT_SUPPORTED, android.telephony.satellite.SatelliteManager.SATELLITE_RESULT_REQUEST_IN_PROGRESS, android.telephony.satellite.SatelliteManager.SATELLITE_RESULT_MODEM_BUSY, android.telephony.satellite.SatelliteManager.SATELLITE_RESULT_ILLEGAL_STATE, android.telephony.satellite.SatelliteManager.SATELLITE_RESULT_MODEM_TIMEOUT}" />
    </annotation>
  </item>
  <item name="android.telephony.satellite.SatelliteManager void provisionService(java.lang.String, byte[], android.os.CancellationSignal, java.util.concurrent.Executor, java.util.function.Consumer&lt;java.lang.Integer&gt;)">
    <annotation name="androidx.annotation.RequiresPermission">
      <val name="value" val="&quot;android.permission.SATELLITE_COMMUNICATION&quot;" />
    </annotation>
  </item>
  <item name="android.telephony.satellite.SatelliteManager void provisionService(java.lang.String, byte[], android.os.CancellationSignal, java.util.concurrent.Executor, java.util.function.Consumer&lt;java.lang.Integer&gt;) 4">
    <annotation name="androidx.annotation.IntDef">
      <val name="value" val="{android.telephony.satellite.SatelliteManager.SATELLITE_RESULT_SUCCESS, android.telephony.satellite.SatelliteManager.SATELLITE_RESULT_ERROR, android.telephony.satellite.SatelliteManager.SATELLITE_RESULT_SERVER_ERROR, android.telephony.satellite.SatelliteManager.SATELLITE_RESULT_SERVICE_ERROR, android.telephony.satellite.SatelliteManager.SATELLITE_RESULT_MODEM_ERROR, android.telephony.satellite.SatelliteManager.SATELLITE_RESULT_NETWORK_ERROR, android.telephony.satellite.SatelliteManager.SATELLITE_RESULT_INVALID_TELEPHONY_STATE, android.telephony.satellite.SatelliteManager.SATELLITE_RESULT_INVALID_MODEM_STATE, android.telephony.satellite.SatelliteManager.SATELLITE_RESULT_INVALID_ARGUMENTS, android.telephony.satellite.SatelliteManager.SATELLITE_RESULT_REQUEST_FAILED, android.telephony.satellite.SatelliteManager.SATELLITE_RESULT_RADIO_NOT_AVAILABLE, android.telephony.satellite.SatelliteManager.SATELLITE_RESULT_REQUEST_NOT_SUPPORTED, android.telephony.satellite.SatelliteManager.SATELLITE_RESULT_NO_RESOURCES, android.telephony.satellite.SatelliteManager.SATELLITE_RESULT_SERVICE_NOT_PROVISIONED, android.telephony.satellite.SatelliteManager.SATELLITE_RESULT_SERVICE_PROVISION_IN_PROGRESS, android.telephony.satellite.SatelliteManager.SATELLITE_RESULT_REQUEST_ABORTED, android.telephony.satellite.SatelliteManager.SATELLITE_RESULT_ACCESS_BARRED, android.telephony.satellite.SatelliteManager.SATELLITE_RESULT_NETWORK_TIMEOUT, android.telephony.satellite.SatelliteManager.SATELLITE_RESULT_NOT_REACHABLE, android.telephony.satellite.SatelliteManager.SATELLITE_RESULT_NOT_AUTHORIZED, android.telephony.satellite.SatelliteManager.SATELLITE_RESULT_NOT_SUPPORTED, android.telephony.satellite.SatelliteManager.SATELLITE_RESULT_REQUEST_IN_PROGRESS, android.telephony.satellite.SatelliteManager.SATELLITE_RESULT_MODEM_BUSY, android.telephony.satellite.SatelliteManager.SATELLITE_RESULT_ILLEGAL_STATE, android.telephony.satellite.SatelliteManager.SATELLITE_RESULT_MODEM_TIMEOUT}" />
    </annotation>
  </item>
  <item name="android.telephony.satellite.SatelliteManager void registerForNtnSignalStrengthChanged(java.util.concurrent.Executor, android.telephony.satellite.NtnSignalStrengthCallback)">
    <annotation name="androidx.annotation.RequiresPermission">
      <val name="value" val="&quot;android.permission.SATELLITE_COMMUNICATION&quot;" />
    </annotation>
  </item>
  <item name="android.telephony.satellite.SatelliteManager void removeAttachRestrictionForCarrier(int, int, java.util.concurrent.Executor, java.util.function.Consumer&lt;java.lang.Integer&gt;)">
    <annotation name="androidx.annotation.RequiresPermission">
      <val name="value" val="&quot;android.permission.SATELLITE_COMMUNICATION&quot;" />
    </annotation>
  </item>
  <item name="android.telephony.satellite.SatelliteManager void removeAttachRestrictionForCarrier(int, int, java.util.concurrent.Executor, java.util.function.Consumer&lt;java.lang.Integer&gt;) 1">
    <annotation name="androidx.annotation.IntDef">
      <val name="value" val="{android.telephony.satellite.SatelliteManager.SATELLITE_COMMUNICATION_RESTRICTION_REASON_GEOLOCATION, android.telephony.satellite.SatelliteManager.SATELLITE_COMMUNICATION_RESTRICTION_REASON_ENTITLEMENT}" />
    </annotation>
  </item>
  <item name="android.telephony.satellite.SatelliteManager void removeAttachRestrictionForCarrier(int, int, java.util.concurrent.Executor, java.util.function.Consumer&lt;java.lang.Integer&gt;) 3">
    <annotation name="androidx.annotation.IntDef">
      <val name="value" val="{android.telephony.satellite.SatelliteManager.SATELLITE_RESULT_SUCCESS, android.telephony.satellite.SatelliteManager.SATELLITE_RESULT_ERROR, android.telephony.satellite.SatelliteManager.SATELLITE_RESULT_SERVER_ERROR, android.telephony.satellite.SatelliteManager.SATELLITE_RESULT_SERVICE_ERROR, android.telephony.satellite.SatelliteManager.SATELLITE_RESULT_MODEM_ERROR, android.telephony.satellite.SatelliteManager.SATELLITE_RESULT_NETWORK_ERROR, android.telephony.satellite.SatelliteManager.SATELLITE_RESULT_INVALID_TELEPHONY_STATE, android.telephony.satellite.SatelliteManager.SATELLITE_RESULT_INVALID_MODEM_STATE, android.telephony.satellite.SatelliteManager.SATELLITE_RESULT_INVALID_ARGUMENTS, android.telephony.satellite.SatelliteManager.SATELLITE_RESULT_REQUEST_FAILED, android.telephony.satellite.SatelliteManager.SATELLITE_RESULT_RADIO_NOT_AVAILABLE, android.telephony.satellite.SatelliteManager.SATELLITE_RESULT_REQUEST_NOT_SUPPORTED, android.telephony.satellite.SatelliteManager.SATELLITE_RESULT_NO_RESOURCES, android.telephony.satellite.SatelliteManager.SATELLITE_RESULT_SERVICE_NOT_PROVISIONED, android.telephony.satellite.SatelliteManager.SATELLITE_RESULT_SERVICE_PROVISION_IN_PROGRESS, android.telephony.satellite.SatelliteManager.SATELLITE_RESULT_REQUEST_ABORTED, android.telephony.satellite.SatelliteManager.SATELLITE_RESULT_ACCESS_BARRED, android.telephony.satellite.SatelliteManager.SATELLITE_RESULT_NETWORK_TIMEOUT, android.telephony.satellite.SatelliteManager.SATELLITE_RESULT_NOT_REACHABLE, android.telephony.satellite.SatelliteManager.SATELLITE_RESULT_NOT_AUTHORIZED, android.telephony.satellite.SatelliteManager.SATELLITE_RESULT_NOT_SUPPORTED, android.telephony.satellite.SatelliteManager.SATELLITE_RESULT_REQUEST_IN_PROGRESS, android.telephony.satellite.SatelliteManager.SATELLITE_RESULT_MODEM_BUSY, android.telephony.satellite.SatelliteManager.SATELLITE_RESULT_ILLEGAL_STATE, android.telephony.satellite.SatelliteManager.SATELLITE_RESULT_MODEM_TIMEOUT}" />
    </annotation>
  </item>
  <item name="android.telephony.satellite.SatelliteManager void requestAttachEnabledForCarrier(int, boolean, java.util.concurrent.Executor, java.util.function.Consumer&lt;java.lang.Integer&gt;)">
    <annotation name="androidx.annotation.RequiresPermission">
      <val name="value" val="&quot;android.permission.SATELLITE_COMMUNICATION&quot;" />
    </annotation>
  </item>
  <item name="android.telephony.satellite.SatelliteManager void requestAttachEnabledForCarrier(int, boolean, java.util.concurrent.Executor, java.util.function.Consumer&lt;java.lang.Integer&gt;) 3">
    <annotation name="androidx.annotation.IntDef">
      <val name="value" val="{android.telephony.satellite.SatelliteManager.SATELLITE_RESULT_SUCCESS, android.telephony.satellite.SatelliteManager.SATELLITE_RESULT_ERROR, android.telephony.satellite.SatelliteManager.SATELLITE_RESULT_SERVER_ERROR, android.telephony.satellite.SatelliteManager.SATELLITE_RESULT_SERVICE_ERROR, android.telephony.satellite.SatelliteManager.SATELLITE_RESULT_MODEM_ERROR, android.telephony.satellite.SatelliteManager.SATELLITE_RESULT_NETWORK_ERROR, android.telephony.satellite.SatelliteManager.SATELLITE_RESULT_INVALID_TELEPHONY_STATE, android.telephony.satellite.SatelliteManager.SATELLITE_RESULT_INVALID_MODEM_STATE, android.telephony.satellite.SatelliteManager.SATELLITE_RESULT_INVALID_ARGUMENTS, android.telephony.satellite.SatelliteManager.SATELLITE_RESULT_REQUEST_FAILED, android.telephony.satellite.SatelliteManager.SATELLITE_RESULT_RADIO_NOT_AVAILABLE, android.telephony.satellite.SatelliteManager.SATELLITE_RESULT_REQUEST_NOT_SUPPORTED, android.telephony.satellite.SatelliteManager.SATELLITE_RESULT_NO_RESOURCES, android.telephony.satellite.SatelliteManager.SATELLITE_RESULT_SERVICE_NOT_PROVISIONED, android.telephony.satellite.SatelliteManager.SATELLITE_RESULT_SERVICE_PROVISION_IN_PROGRESS, android.telephony.satellite.SatelliteManager.SATELLITE_RESULT_REQUEST_ABORTED, android.telephony.satellite.SatelliteManager.SATELLITE_RESULT_ACCESS_BARRED, android.telephony.satellite.SatelliteManager.SATELLITE_RESULT_NETWORK_TIMEOUT, android.telephony.satellite.SatelliteManager.SATELLITE_RESULT_NOT_REACHABLE, android.telephony.satellite.SatelliteManager.SATELLITE_RESULT_NOT_AUTHORIZED, android.telephony.satellite.SatelliteManager.SATELLITE_RESULT_NOT_SUPPORTED, android.telephony.satellite.SatelliteManager.SATELLITE_RESULT_REQUEST_IN_PROGRESS, android.telephony.satellite.SatelliteManager.SATELLITE_RESULT_MODEM_BUSY, android.telephony.satellite.SatelliteManager.SATELLITE_RESULT_ILLEGAL_STATE, android.telephony.satellite.SatelliteManager.SATELLITE_RESULT_MODEM_TIMEOUT}" />
    </annotation>
  </item>
  <item name="android.telephony.satellite.SatelliteManager void requestCapabilities(java.util.concurrent.Executor, android.os.OutcomeReceiver&lt;android.telephony.satellite.SatelliteCapabilities,android.telephony.satellite.SatelliteManager.SatelliteException&gt;)">
    <annotation name="androidx.annotation.RequiresPermission">
      <val name="value" val="&quot;android.permission.SATELLITE_COMMUNICATION&quot;" />
    </annotation>
  </item>
  <item name="android.telephony.satellite.SatelliteManager void requestEnabled(android.telephony.satellite.EnableRequestAttributes, java.util.concurrent.Executor, java.util.function.Consumer&lt;java.lang.Integer&gt;)">
    <annotation name="androidx.annotation.RequiresPermission">
      <val name="value" val="&quot;android.permission.SATELLITE_COMMUNICATION&quot;" />
    </annotation>
  </item>
  <item name="android.telephony.satellite.SatelliteManager void requestEnabled(android.telephony.satellite.EnableRequestAttributes, java.util.concurrent.Executor, java.util.function.Consumer&lt;java.lang.Integer&gt;) 2">
    <annotation name="androidx.annotation.IntDef">
      <val name="value" val="{android.telephony.satellite.SatelliteManager.SATELLITE_RESULT_SUCCESS, android.telephony.satellite.SatelliteManager.SATELLITE_RESULT_ERROR, android.telephony.satellite.SatelliteManager.SATELLITE_RESULT_SERVER_ERROR, android.telephony.satellite.SatelliteManager.SATELLITE_RESULT_SERVICE_ERROR, android.telephony.satellite.SatelliteManager.SATELLITE_RESULT_MODEM_ERROR, android.telephony.satellite.SatelliteManager.SATELLITE_RESULT_NETWORK_ERROR, android.telephony.satellite.SatelliteManager.SATELLITE_RESULT_INVALID_TELEPHONY_STATE, android.telephony.satellite.SatelliteManager.SATELLITE_RESULT_INVALID_MODEM_STATE, android.telephony.satellite.SatelliteManager.SATELLITE_RESULT_INVALID_ARGUMENTS, android.telephony.satellite.SatelliteManager.SATELLITE_RESULT_REQUEST_FAILED, android.telephony.satellite.SatelliteManager.SATELLITE_RESULT_RADIO_NOT_AVAILABLE, android.telephony.satellite.SatelliteManager.SATELLITE_RESULT_REQUEST_NOT_SUPPORTED, android.telephony.satellite.SatelliteManager.SATELLITE_RESULT_NO_RESOURCES, android.telephony.satellite.SatelliteManager.SATELLITE_RESULT_SERVICE_NOT_PROVISIONED, android.telephony.satellite.SatelliteManager.SATELLITE_RESULT_SERVICE_PROVISION_IN_PROGRESS, android.telephony.satellite.SatelliteManager.SATELLITE_RESULT_REQUEST_ABORTED, android.telephony.satellite.SatelliteManager.SATELLITE_RESULT_ACCESS_BARRED, android.telephony.satellite.SatelliteManager.SATELLITE_RESULT_NETWORK_TIMEOUT, android.telephony.satellite.SatelliteManager.SATELLITE_RESULT_NOT_REACHABLE, android.telephony.satellite.SatelliteManager.SATELLITE_RESULT_NOT_AUTHORIZED, android.telephony.satellite.SatelliteManager.SATELLITE_RESULT_NOT_SUPPORTED, android.telephony.satellite.SatelliteManager.SATELLITE_RESULT_REQUEST_IN_PROGRESS, android.telephony.satellite.SatelliteManager.SATELLITE_RESULT_MODEM_BUSY, android.telephony.satellite.SatelliteManager.SATELLITE_RESULT_ILLEGAL_STATE, android.telephony.satellite.SatelliteManager.SATELLITE_RESULT_MODEM_TIMEOUT}" />
    </annotation>
  </item>
  <item name="android.telephony.satellite.SatelliteManager void requestIsAttachEnabledForCarrier(int, java.util.concurrent.Executor, android.os.OutcomeReceiver&lt;java.lang.Boolean,android.telephony.satellite.SatelliteManager.SatelliteException&gt;)">
    <annotation name="androidx.annotation.RequiresPermission">
      <val name="value" val="&quot;android.permission.SATELLITE_COMMUNICATION&quot;" />
    </annotation>
  </item>
  <item name="android.telephony.satellite.SatelliteManager void requestIsCommunicationAllowedForCurrentLocation(java.util.concurrent.Executor, android.os.OutcomeReceiver&lt;java.lang.Boolean,android.telephony.satellite.SatelliteManager.SatelliteException&gt;)">
    <annotation name="androidx.annotation.RequiresPermission">
      <val name="value" val="&quot;android.permission.SATELLITE_COMMUNICATION&quot;" />
    </annotation>
  </item>
  <item name="android.telephony.satellite.SatelliteManager void requestIsDemoModeEnabled(java.util.concurrent.Executor, android.os.OutcomeReceiver&lt;java.lang.Boolean,android.telephony.satellite.SatelliteManager.SatelliteException&gt;)">
    <annotation name="androidx.annotation.RequiresPermission">
      <val name="value" val="&quot;android.permission.SATELLITE_COMMUNICATION&quot;" />
    </annotation>
  </item>
  <item name="android.telephony.satellite.SatelliteManager void requestIsEmergencyModeEnabled(java.util.concurrent.Executor, android.os.OutcomeReceiver&lt;java.lang.Boolean,android.telephony.satellite.SatelliteManager.SatelliteException&gt;)">
    <annotation name="androidx.annotation.RequiresPermission">
      <val name="value" val="&quot;android.permission.SATELLITE_COMMUNICATION&quot;" />
    </annotation>
  </item>
  <item name="android.telephony.satellite.SatelliteManager void requestIsEnabled(java.util.concurrent.Executor, android.os.OutcomeReceiver&lt;java.lang.Boolean,android.telephony.satellite.SatelliteManager.SatelliteException&gt;)">
    <annotation name="androidx.annotation.RequiresPermission">
      <val name="value" val="&quot;android.permission.SATELLITE_COMMUNICATION&quot;" />
    </annotation>
  </item>
  <item name="android.telephony.satellite.SatelliteManager void requestIsProvisioned(java.util.concurrent.Executor, android.os.OutcomeReceiver&lt;java.lang.Boolean,android.telephony.satellite.SatelliteManager.SatelliteException&gt;)">
    <annotation name="androidx.annotation.RequiresPermission">
      <val name="value" val="&quot;android.permission.SATELLITE_COMMUNICATION&quot;" />
    </annotation>
  </item>
  <item name="android.telephony.satellite.SatelliteManager void requestNtnSignalStrength(java.util.concurrent.Executor, android.os.OutcomeReceiver&lt;android.telephony.satellite.NtnSignalStrength,android.telephony.satellite.SatelliteManager.SatelliteException&gt;)">
    <annotation name="androidx.annotation.RequiresPermission">
      <val name="value" val="&quot;android.permission.SATELLITE_COMMUNICATION&quot;" />
    </annotation>
  </item>
  <item name="android.telephony.satellite.SatelliteManager void requestTimeForNextSatelliteVisibility(java.util.concurrent.Executor, android.os.OutcomeReceiver&lt;java.time.Duration,android.telephony.satellite.SatelliteManager.SatelliteException&gt;)">
    <annotation name="androidx.annotation.RequiresPermission">
      <val name="value" val="&quot;android.permission.SATELLITE_COMMUNICATION&quot;" />
    </annotation>
  </item>
  <item name="android.telephony.satellite.SatelliteManager void sendDatagram(int, android.telephony.satellite.SatelliteDatagram, boolean, java.util.concurrent.Executor, java.util.function.Consumer&lt;java.lang.Integer&gt;)">
    <annotation name="androidx.annotation.RequiresPermission">
      <val name="value" val="&quot;android.permission.SATELLITE_COMMUNICATION&quot;" />
    </annotation>
  </item>
  <item name="android.telephony.satellite.SatelliteManager void sendDatagram(int, android.telephony.satellite.SatelliteDatagram, boolean, java.util.concurrent.Executor, java.util.function.Consumer&lt;java.lang.Integer&gt;) 0">
    <annotation name="androidx.annotation.IntDef">
      <val name="value" val="{android.telephony.satellite.SatelliteManager.DATAGRAM_TYPE_UNKNOWN, android.telephony.satellite.SatelliteManager.DATAGRAM_TYPE_SOS_MESSAGE, android.telephony.satellite.SatelliteManager.DATAGRAM_TYPE_LOCATION_SHARING}" />
    </annotation>
  </item>
  <item name="android.telephony.satellite.SatelliteManager void sendDatagram(int, android.telephony.satellite.SatelliteDatagram, boolean, java.util.concurrent.Executor, java.util.function.Consumer&lt;java.lang.Integer&gt;) 4">
    <annotation name="androidx.annotation.IntDef">
      <val name="value" val="{android.telephony.satellite.SatelliteManager.SATELLITE_RESULT_SUCCESS, android.telephony.satellite.SatelliteManager.SATELLITE_RESULT_ERROR, android.telephony.satellite.SatelliteManager.SATELLITE_RESULT_SERVER_ERROR, android.telephony.satellite.SatelliteManager.SATELLITE_RESULT_SERVICE_ERROR, android.telephony.satellite.SatelliteManager.SATELLITE_RESULT_MODEM_ERROR, android.telephony.satellite.SatelliteManager.SATELLITE_RESULT_NETWORK_ERROR, android.telephony.satellite.SatelliteManager.SATELLITE_RESULT_INVALID_TELEPHONY_STATE, android.telephony.satellite.SatelliteManager.SATELLITE_RESULT_INVALID_MODEM_STATE, android.telephony.satellite.SatelliteManager.SATELLITE_RESULT_INVALID_ARGUMENTS, android.telephony.satellite.SatelliteManager.SATELLITE_RESULT_REQUEST_FAILED, android.telephony.satellite.SatelliteManager.SATELLITE_RESULT_RADIO_NOT_AVAILABLE, android.telephony.satellite.SatelliteManager.SATELLITE_RESULT_REQUEST_NOT_SUPPORTED, android.telephony.satellite.SatelliteManager.SATELLITE_RESULT_NO_RESOURCES, android.telephony.satellite.SatelliteManager.SATELLITE_RESULT_SERVICE_NOT_PROVISIONED, android.telephony.satellite.SatelliteManager.SATELLITE_RESULT_SERVICE_PROVISION_IN_PROGRESS, android.telephony.satellite.SatelliteManager.SATELLITE_RESULT_REQUEST_ABORTED, android.telephony.satellite.SatelliteManager.SATELLITE_RESULT_ACCESS_BARRED, android.telephony.satellite.SatelliteManager.SATELLITE_RESULT_NETWORK_TIMEOUT, android.telephony.satellite.SatelliteManager.SATELLITE_RESULT_NOT_REACHABLE, android.telephony.satellite.SatelliteManager.SATELLITE_RESULT_NOT_AUTHORIZED, android.telephony.satellite.SatelliteManager.SATELLITE_RESULT_NOT_SUPPORTED, android.telephony.satellite.SatelliteManager.SATELLITE_RESULT_REQUEST_IN_PROGRESS, android.telephony.satellite.SatelliteManager.SATELLITE_RESULT_MODEM_BUSY, android.telephony.satellite.SatelliteManager.SATELLITE_RESULT_ILLEGAL_STATE, android.telephony.satellite.SatelliteManager.SATELLITE_RESULT_MODEM_TIMEOUT}" />
    </annotation>
  </item>
  <item name="android.telephony.satellite.SatelliteManager void setDeviceAlignedWithSatellite(boolean)">
    <annotation name="androidx.annotation.RequiresPermission">
      <val name="value" val="&quot;android.permission.SATELLITE_COMMUNICATION&quot;" />
    </annotation>
  </item>
  <item name="android.telephony.satellite.SatelliteManager void startTransmissionUpdates(java.util.concurrent.Executor, java.util.function.Consumer&lt;java.lang.Integer&gt;, android.telephony.satellite.SatelliteTransmissionUpdateCallback)">
    <annotation name="androidx.annotation.RequiresPermission">
      <val name="value" val="&quot;android.permission.SATELLITE_COMMUNICATION&quot;" />
    </annotation>
  </item>
  <item name="android.telephony.satellite.SatelliteManager void startTransmissionUpdates(java.util.concurrent.Executor, java.util.function.Consumer&lt;java.lang.Integer&gt;, android.telephony.satellite.SatelliteTransmissionUpdateCallback) 1">
    <annotation name="androidx.annotation.IntDef">
      <val name="value" val="{android.telephony.satellite.SatelliteManager.SATELLITE_RESULT_SUCCESS, android.telephony.satellite.SatelliteManager.SATELLITE_RESULT_ERROR, android.telephony.satellite.SatelliteManager.SATELLITE_RESULT_SERVER_ERROR, android.telephony.satellite.SatelliteManager.SATELLITE_RESULT_SERVICE_ERROR, android.telephony.satellite.SatelliteManager.SATELLITE_RESULT_MODEM_ERROR, android.telephony.satellite.SatelliteManager.SATELLITE_RESULT_NETWORK_ERROR, android.telephony.satellite.SatelliteManager.SATELLITE_RESULT_INVALID_TELEPHONY_STATE, android.telephony.satellite.SatelliteManager.SATELLITE_RESULT_INVALID_MODEM_STATE, android.telephony.satellite.SatelliteManager.SATELLITE_RESULT_INVALID_ARGUMENTS, android.telephony.satellite.SatelliteManager.SATELLITE_RESULT_REQUEST_FAILED, android.telephony.satellite.SatelliteManager.SATELLITE_RESULT_RADIO_NOT_AVAILABLE, android.telephony.satellite.SatelliteManager.SATELLITE_RESULT_REQUEST_NOT_SUPPORTED, android.telephony.satellite.SatelliteManager.SATELLITE_RESULT_NO_RESOURCES, android.telephony.satellite.SatelliteManager.SATELLITE_RESULT_SERVICE_NOT_PROVISIONED, android.telephony.satellite.SatelliteManager.SATELLITE_RESULT_SERVICE_PROVISION_IN_PROGRESS, android.telephony.satellite.SatelliteManager.SATELLITE_RESULT_REQUEST_ABORTED, android.telephony.satellite.SatelliteManager.SATELLITE_RESULT_ACCESS_BARRED, android.telephony.satellite.SatelliteManager.SATELLITE_RESULT_NETWORK_TIMEOUT, android.telephony.satellite.SatelliteManager.SATELLITE_RESULT_NOT_REACHABLE, android.telephony.satellite.SatelliteManager.SATELLITE_RESULT_NOT_AUTHORIZED, android.telephony.satellite.SatelliteManager.SATELLITE_RESULT_NOT_SUPPORTED, android.telephony.satellite.SatelliteManager.SATELLITE_RESULT_REQUEST_IN_PROGRESS, android.telephony.satellite.SatelliteManager.SATELLITE_RESULT_MODEM_BUSY, android.telephony.satellite.SatelliteManager.SATELLITE_RESULT_ILLEGAL_STATE, android.telephony.satellite.SatelliteManager.SATELLITE_RESULT_MODEM_TIMEOUT}" />
    </annotation>
  </item>
  <item name="android.telephony.satellite.SatelliteManager void stopTransmissionUpdates(android.telephony.satellite.SatelliteTransmissionUpdateCallback, java.util.concurrent.Executor, java.util.function.Consumer&lt;java.lang.Integer&gt;)">
    <annotation name="androidx.annotation.RequiresPermission">
      <val name="value" val="&quot;android.permission.SATELLITE_COMMUNICATION&quot;" />
    </annotation>
  </item>
  <item name="android.telephony.satellite.SatelliteManager void stopTransmissionUpdates(android.telephony.satellite.SatelliteTransmissionUpdateCallback, java.util.concurrent.Executor, java.util.function.Consumer&lt;java.lang.Integer&gt;) 2">
    <annotation name="androidx.annotation.IntDef">
      <val name="value" val="{android.telephony.satellite.SatelliteManager.SATELLITE_RESULT_SUCCESS, android.telephony.satellite.SatelliteManager.SATELLITE_RESULT_ERROR, android.telephony.satellite.SatelliteManager.SATELLITE_RESULT_SERVER_ERROR, android.telephony.satellite.SatelliteManager.SATELLITE_RESULT_SERVICE_ERROR, android.telephony.satellite.SatelliteManager.SATELLITE_RESULT_MODEM_ERROR, android.telephony.satellite.SatelliteManager.SATELLITE_RESULT_NETWORK_ERROR, android.telephony.satellite.SatelliteManager.SATELLITE_RESULT_INVALID_TELEPHONY_STATE, android.telephony.satellite.SatelliteManager.SATELLITE_RESULT_INVALID_MODEM_STATE, android.telephony.satellite.SatelliteManager.SATELLITE_RESULT_INVALID_ARGUMENTS, android.telephony.satellite.SatelliteManager.SATELLITE_RESULT_REQUEST_FAILED, android.telephony.satellite.SatelliteManager.SATELLITE_RESULT_RADIO_NOT_AVAILABLE, android.telephony.satellite.SatelliteManager.SATELLITE_RESULT_REQUEST_NOT_SUPPORTED, android.telephony.satellite.SatelliteManager.SATELLITE_RESULT_NO_RESOURCES, android.telephony.satellite.SatelliteManager.SATELLITE_RESULT_SERVICE_NOT_PROVISIONED, android.telephony.satellite.SatelliteManager.SATELLITE_RESULT_SERVICE_PROVISION_IN_PROGRESS, android.telephony.satellite.SatelliteManager.SATELLITE_RESULT_REQUEST_ABORTED, android.telephony.satellite.SatelliteManager.SATELLITE_RESULT_ACCESS_BARRED, android.telephony.satellite.SatelliteManager.SATELLITE_RESULT_NETWORK_TIMEOUT, android.telephony.satellite.SatelliteManager.SATELLITE_RESULT_NOT_REACHABLE, android.telephony.satellite.SatelliteManager.SATELLITE_RESULT_NOT_AUTHORIZED, android.telephony.satellite.SatelliteManager.SATELLITE_RESULT_NOT_SUPPORTED, android.telephony.satellite.SatelliteManager.SATELLITE_RESULT_REQUEST_IN_PROGRESS, android.telephony.satellite.SatelliteManager.SATELLITE_RESULT_MODEM_BUSY, android.telephony.satellite.SatelliteManager.SATELLITE_RESULT_ILLEGAL_STATE, android.telephony.satellite.SatelliteManager.SATELLITE_RESULT_MODEM_TIMEOUT}" />
    </annotation>
  </item>
  <item name="android.telephony.satellite.SatelliteManager void unregisterForCapabilitiesChanged(android.telephony.satellite.SatelliteCapabilitiesCallback)">
    <annotation name="androidx.annotation.RequiresPermission">
      <val name="value" val="&quot;android.permission.SATELLITE_COMMUNICATION&quot;" />
    </annotation>
  </item>
  <item name="android.telephony.satellite.SatelliteManager void unregisterForIncomingDatagram(android.telephony.satellite.SatelliteDatagramCallback)">
    <annotation name="androidx.annotation.RequiresPermission">
      <val name="value" val="&quot;android.permission.SATELLITE_COMMUNICATION&quot;" />
    </annotation>
  </item>
  <item name="android.telephony.satellite.SatelliteManager void unregisterForModemStateChanged(android.telephony.satellite.SatelliteModemStateCallback)">
    <annotation name="androidx.annotation.RequiresPermission">
      <val name="value" val="&quot;android.permission.SATELLITE_COMMUNICATION&quot;" />
    </annotation>
  </item>
  <item name="android.telephony.satellite.SatelliteManager void unregisterForNtnSignalStrengthChanged(android.telephony.satellite.NtnSignalStrengthCallback)">
    <annotation name="androidx.annotation.RequiresPermission">
      <val name="value" val="&quot;android.permission.SATELLITE_COMMUNICATION&quot;" />
    </annotation>
  </item>
  <item name="android.telephony.satellite.SatelliteManager void unregisterForProvisionStateChanged(android.telephony.satellite.SatelliteProvisionStateCallback)">
    <annotation name="androidx.annotation.RequiresPermission">
      <val name="value" val="&quot;android.permission.SATELLITE_COMMUNICATION&quot;" />
    </annotation>
  </item>
  <item name="android.telephony.satellite.SatelliteManager.SatelliteException SatelliteException(int) 0">
    <annotation name="androidx.annotation.IntDef">
      <val name="value" val="{android.telephony.satellite.SatelliteManager.SATELLITE_RESULT_SUCCESS, android.telephony.satellite.SatelliteManager.SATELLITE_RESULT_ERROR, android.telephony.satellite.SatelliteManager.SATELLITE_RESULT_SERVER_ERROR, android.telephony.satellite.SatelliteManager.SATELLITE_RESULT_SERVICE_ERROR, android.telephony.satellite.SatelliteManager.SATELLITE_RESULT_MODEM_ERROR, android.telephony.satellite.SatelliteManager.SATELLITE_RESULT_NETWORK_ERROR, android.telephony.satellite.SatelliteManager.SATELLITE_RESULT_INVALID_TELEPHONY_STATE, android.telephony.satellite.SatelliteManager.SATELLITE_RESULT_INVALID_MODEM_STATE, android.telephony.satellite.SatelliteManager.SATELLITE_RESULT_INVALID_ARGUMENTS, android.telephony.satellite.SatelliteManager.SATELLITE_RESULT_REQUEST_FAILED, android.telephony.satellite.SatelliteManager.SATELLITE_RESULT_RADIO_NOT_AVAILABLE, android.telephony.satellite.SatelliteManager.SATELLITE_RESULT_REQUEST_NOT_SUPPORTED, android.telephony.satellite.SatelliteManager.SATELLITE_RESULT_NO_RESOURCES, android.telephony.satellite.SatelliteManager.SATELLITE_RESULT_SERVICE_NOT_PROVISIONED, android.telephony.satellite.SatelliteManager.SATELLITE_RESULT_SERVICE_PROVISION_IN_PROGRESS, android.telephony.satellite.SatelliteManager.SATELLITE_RESULT_REQUEST_ABORTED, android.telephony.satellite.SatelliteManager.SATELLITE_RESULT_ACCESS_BARRED, android.telephony.satellite.SatelliteManager.SATELLITE_RESULT_NETWORK_TIMEOUT, android.telephony.satellite.SatelliteManager.SATELLITE_RESULT_NOT_REACHABLE, android.telephony.satellite.SatelliteManager.SATELLITE_RESULT_NOT_AUTHORIZED, android.telephony.satellite.SatelliteManager.SATELLITE_RESULT_NOT_SUPPORTED, android.telephony.satellite.SatelliteManager.SATELLITE_RESULT_REQUEST_IN_PROGRESS, android.telephony.satellite.SatelliteManager.SATELLITE_RESULT_MODEM_BUSY, android.telephony.satellite.SatelliteManager.SATELLITE_RESULT_ILLEGAL_STATE, android.telephony.satellite.SatelliteManager.SATELLITE_RESULT_MODEM_TIMEOUT}" />
    </annotation>
  </item>
  <item name="android.telephony.satellite.SatelliteManager.SatelliteException int getErrorCode()">
    <annotation name="androidx.annotation.IntDef">
      <val name="value" val="{android.telephony.satellite.SatelliteManager.SATELLITE_RESULT_SUCCESS, android.telephony.satellite.SatelliteManager.SATELLITE_RESULT_ERROR, android.telephony.satellite.SatelliteManager.SATELLITE_RESULT_SERVER_ERROR, android.telephony.satellite.SatelliteManager.SATELLITE_RESULT_SERVICE_ERROR, android.telephony.satellite.SatelliteManager.SATELLITE_RESULT_MODEM_ERROR, android.telephony.satellite.SatelliteManager.SATELLITE_RESULT_NETWORK_ERROR, android.telephony.satellite.SatelliteManager.SATELLITE_RESULT_INVALID_TELEPHONY_STATE, android.telephony.satellite.SatelliteManager.SATELLITE_RESULT_INVALID_MODEM_STATE, android.telephony.satellite.SatelliteManager.SATELLITE_RESULT_INVALID_ARGUMENTS, android.telephony.satellite.SatelliteManager.SATELLITE_RESULT_REQUEST_FAILED, android.telephony.satellite.SatelliteManager.SATELLITE_RESULT_RADIO_NOT_AVAILABLE, android.telephony.satellite.SatelliteManager.SATELLITE_RESULT_REQUEST_NOT_SUPPORTED, android.telephony.satellite.SatelliteManager.SATELLITE_RESULT_NO_RESOURCES, android.telephony.satellite.SatelliteManager.SATELLITE_RESULT_SERVICE_NOT_PROVISIONED, android.telephony.satellite.SatelliteManager.SATELLITE_RESULT_SERVICE_PROVISION_IN_PROGRESS, android.telephony.satellite.SatelliteManager.SATELLITE_RESULT_REQUEST_ABORTED, android.telephony.satellite.SatelliteManager.SATELLITE_RESULT_ACCESS_BARRED, android.telephony.satellite.SatelliteManager.SATELLITE_RESULT_NETWORK_TIMEOUT, android.telephony.satellite.SatelliteManager.SATELLITE_RESULT_NOT_REACHABLE, android.telephony.satellite.SatelliteManager.SATELLITE_RESULT_NOT_AUTHORIZED, android.telephony.satellite.SatelliteManager.SATELLITE_RESULT_NOT_SUPPORTED, android.telephony.satellite.SatelliteManager.SATELLITE_RESULT_REQUEST_IN_PROGRESS, android.telephony.satellite.SatelliteManager.SATELLITE_RESULT_MODEM_BUSY, android.telephony.satellite.SatelliteManager.SATELLITE_RESULT_ILLEGAL_STATE, android.telephony.satellite.SatelliteManager.SATELLITE_RESULT_MODEM_TIMEOUT}" />
    </annotation>
  </item>
  <item name="android.telephony.satellite.SatelliteModemStateCallback void onSatelliteModemStateChanged(int) 0">
    <annotation name="androidx.annotation.IntDef">
      <val name="value" val="{android.telephony.satellite.SatelliteManager.SATELLITE_MODEM_STATE_IDLE, android.telephony.satellite.SatelliteManager.SATELLITE_MODEM_STATE_LISTENING, android.telephony.satellite.SatelliteManager.SATELLITE_MODEM_STATE_DATAGRAM_TRANSFERRING, android.telephony.satellite.SatelliteManager.SATELLITE_MODEM_STATE_DATAGRAM_RETRYING, android.telephony.satellite.SatelliteManager.SATELLITE_MODEM_STATE_OFF, android.telephony.satellite.SatelliteManager.SATELLITE_MODEM_STATE_UNAVAILABLE, android.telephony.satellite.SatelliteManager.SATELLITE_MODEM_STATE_NOT_CONNECTED, android.telephony.satellite.SatelliteManager.SATELLITE_MODEM_STATE_CONNECTED, android.telephony.satellite.SatelliteManager.SATELLITE_MODEM_STATE_UNKNOWN}" />
    </annotation>
  </item>
  <item name="android.telephony.satellite.SatelliteTransmissionUpdateCallback void onReceiveDatagramStateChanged(int, int, int) 0">
    <annotation name="androidx.annotation.IntDef">
      <val name="value" val="{android.telephony.satellite.SatelliteManager.SATELLITE_DATAGRAM_TRANSFER_STATE_IDLE, android.telephony.satellite.SatelliteManager.SATELLITE_DATAGRAM_TRANSFER_STATE_SENDING, android.telephony.satellite.SatelliteManager.SATELLITE_DATAGRAM_TRANSFER_STATE_SEND_SUCCESS, android.telephony.satellite.SatelliteManager.SATELLITE_DATAGRAM_TRANSFER_STATE_SEND_FAILED, android.telephony.satellite.SatelliteManager.SATELLITE_DATAGRAM_TRANSFER_STATE_RECEIVING, android.telephony.satellite.SatelliteManager.SATELLITE_DATAGRAM_TRANSFER_STATE_RECEIVE_SUCCESS, android.telephony.satellite.SatelliteManager.SATELLITE_DATAGRAM_TRANSFER_STATE_RECEIVE_NONE, android.telephony.satellite.SatelliteManager.SATELLITE_DATAGRAM_TRANSFER_STATE_RECEIVE_FAILED, android.telephony.satellite.SatelliteManager.SATELLITE_DATAGRAM_TRANSFER_STATE_WAITING_TO_CONNECT, android.telephony.satellite.SatelliteManager.SATELLITE_DATAGRAM_TRANSFER_STATE_UNKNOWN}" />
    </annotation>
  </item>
  <item name="android.telephony.satellite.SatelliteTransmissionUpdateCallback void onReceiveDatagramStateChanged(int, int, int) 2">
    <annotation name="androidx.annotation.IntDef">
      <val name="value" val="{android.telephony.satellite.SatelliteManager.SATELLITE_RESULT_SUCCESS, android.telephony.satellite.SatelliteManager.SATELLITE_RESULT_ERROR, android.telephony.satellite.SatelliteManager.SATELLITE_RESULT_SERVER_ERROR, android.telephony.satellite.SatelliteManager.SATELLITE_RESULT_SERVICE_ERROR, android.telephony.satellite.SatelliteManager.SATELLITE_RESULT_MODEM_ERROR, android.telephony.satellite.SatelliteManager.SATELLITE_RESULT_NETWORK_ERROR, android.telephony.satellite.SatelliteManager.SATELLITE_RESULT_INVALID_TELEPHONY_STATE, android.telephony.satellite.SatelliteManager.SATELLITE_RESULT_INVALID_MODEM_STATE, android.telephony.satellite.SatelliteManager.SATELLITE_RESULT_INVALID_ARGUMENTS, android.telephony.satellite.SatelliteManager.SATELLITE_RESULT_REQUEST_FAILED, android.telephony.satellite.SatelliteManager.SATELLITE_RESULT_RADIO_NOT_AVAILABLE, android.telephony.satellite.SatelliteManager.SATELLITE_RESULT_REQUEST_NOT_SUPPORTED, android.telephony.satellite.SatelliteManager.SATELLITE_RESULT_NO_RESOURCES, android.telephony.satellite.SatelliteManager.SATELLITE_RESULT_SERVICE_NOT_PROVISIONED, android.telephony.satellite.SatelliteManager.SATELLITE_RESULT_SERVICE_PROVISION_IN_PROGRESS, android.telephony.satellite.SatelliteManager.SATELLITE_RESULT_REQUEST_ABORTED, android.telephony.satellite.SatelliteManager.SATELLITE_RESULT_ACCESS_BARRED, android.telephony.satellite.SatelliteManager.SATELLITE_RESULT_NETWORK_TIMEOUT, android.telephony.satellite.SatelliteManager.SATELLITE_RESULT_NOT_REACHABLE, android.telephony.satellite.SatelliteManager.SATELLITE_RESULT_NOT_AUTHORIZED, android.telephony.satellite.SatelliteManager.SATELLITE_RESULT_NOT_SUPPORTED, android.telephony.satellite.SatelliteManager.SATELLITE_RESULT_REQUEST_IN_PROGRESS, android.telephony.satellite.SatelliteManager.SATELLITE_RESULT_MODEM_BUSY, android.telephony.satellite.SatelliteManager.SATELLITE_RESULT_ILLEGAL_STATE, android.telephony.satellite.SatelliteManager.SATELLITE_RESULT_MODEM_TIMEOUT}" />
    </annotation>
  </item>
  <item name="android.telephony.satellite.SatelliteTransmissionUpdateCallback void onSendDatagramStateChanged(int, int, int) 0">
    <annotation name="androidx.annotation.IntDef">
      <val name="value" val="{android.telephony.satellite.SatelliteManager.SATELLITE_DATAGRAM_TRANSFER_STATE_IDLE, android.telephony.satellite.SatelliteManager.SATELLITE_DATAGRAM_TRANSFER_STATE_SENDING, android.telephony.satellite.SatelliteManager.SATELLITE_DATAGRAM_TRANSFER_STATE_SEND_SUCCESS, android.telephony.satellite.SatelliteManager.SATELLITE_DATAGRAM_TRANSFER_STATE_SEND_FAILED, android.telephony.satellite.SatelliteManager.SATELLITE_DATAGRAM_TRANSFER_STATE_RECEIVING, android.telephony.satellite.SatelliteManager.SATELLITE_DATAGRAM_TRANSFER_STATE_RECEIVE_SUCCESS, android.telephony.satellite.SatelliteManager.SATELLITE_DATAGRAM_TRANSFER_STATE_RECEIVE_NONE, android.telephony.satellite.SatelliteManager.SATELLITE_DATAGRAM_TRANSFER_STATE_RECEIVE_FAILED, android.telephony.satellite.SatelliteManager.SATELLITE_DATAGRAM_TRANSFER_STATE_WAITING_TO_CONNECT, android.telephony.satellite.SatelliteManager.SATELLITE_DATAGRAM_TRANSFER_STATE_UNKNOWN}" />
    </annotation>
  </item>
  <item name="android.telephony.satellite.SatelliteTransmissionUpdateCallback void onSendDatagramStateChanged(int, int, int) 2">
    <annotation name="androidx.annotation.IntDef">
      <val name="value" val="{android.telephony.satellite.SatelliteManager.SATELLITE_RESULT_SUCCESS, android.telephony.satellite.SatelliteManager.SATELLITE_RESULT_ERROR, android.telephony.satellite.SatelliteManager.SATELLITE_RESULT_SERVER_ERROR, android.telephony.satellite.SatelliteManager.SATELLITE_RESULT_SERVICE_ERROR, android.telephony.satellite.SatelliteManager.SATELLITE_RESULT_MODEM_ERROR, android.telephony.satellite.SatelliteManager.SATELLITE_RESULT_NETWORK_ERROR, android.telephony.satellite.SatelliteManager.SATELLITE_RESULT_INVALID_TELEPHONY_STATE, android.telephony.satellite.SatelliteManager.SATELLITE_RESULT_INVALID_MODEM_STATE, android.telephony.satellite.SatelliteManager.SATELLITE_RESULT_INVALID_ARGUMENTS, android.telephony.satellite.SatelliteManager.SATELLITE_RESULT_REQUEST_FAILED, android.telephony.satellite.SatelliteManager.SATELLITE_RESULT_RADIO_NOT_AVAILABLE, android.telephony.satellite.SatelliteManager.SATELLITE_RESULT_REQUEST_NOT_SUPPORTED, android.telephony.satellite.SatelliteManager.SATELLITE_RESULT_NO_RESOURCES, android.telephony.satellite.SatelliteManager.SATELLITE_RESULT_SERVICE_NOT_PROVISIONED, android.telephony.satellite.SatelliteManager.SATELLITE_RESULT_SERVICE_PROVISION_IN_PROGRESS, android.telephony.satellite.SatelliteManager.SATELLITE_RESULT_REQUEST_ABORTED, android.telephony.satellite.SatelliteManager.SATELLITE_RESULT_ACCESS_BARRED, android.telephony.satellite.SatelliteManager.SATELLITE_RESULT_NETWORK_TIMEOUT, android.telephony.satellite.SatelliteManager.SATELLITE_RESULT_NOT_REACHABLE, android.telephony.satellite.SatelliteManager.SATELLITE_RESULT_NOT_AUTHORIZED, android.telephony.satellite.SatelliteManager.SATELLITE_RESULT_NOT_SUPPORTED, android.telephony.satellite.SatelliteManager.SATELLITE_RESULT_REQUEST_IN_PROGRESS, android.telephony.satellite.SatelliteManager.SATELLITE_RESULT_MODEM_BUSY, android.telephony.satellite.SatelliteManager.SATELLITE_RESULT_ILLEGAL_STATE, android.telephony.satellite.SatelliteManager.SATELLITE_RESULT_MODEM_TIMEOUT}" />
    </annotation>
  </item>
</root>

