<?xml version='1.0' encoding='UTF-8'?>
<root>
  <item name="android.provider.BlockedNumberContract boolean isBlocked(android.content.Context, java.lang.String)">
    <annotation name="androidx.annotation.WorkerThread" />
  </item>
  <item name="android.provider.BlockedNumberContract int unblock(android.content.Context, java.lang.String)">
    <annotation name="androidx.annotation.WorkerThread" />
  </item>
  <item name="android.provider.CallLog void storeCallComposerPicture(android.content.Context, java.io.InputStream, java.util.concurrent.Executor, android.os.OutcomeReceiver&lt;android.net.Uri,android.provider.CallLog.CallComposerLoggingException&gt;)">
    <annotation name="androidx.annotation.RequiresPermission">
      <val name="allOf" val="{&quot;android.permission.WRITE_CALL_LOG&quot;, &quot;android.permission.INTERACT_ACROSS_USERS&quot;}" />
    </annotation>
  </item>
  <item name="android.provider.CallLog.CallComposerLoggingException CallComposerLoggingException(int) 0">
    <annotation name="androidx.annotation.IntDef">
      <val name="value" val="{android.provider.CallLog.CallComposerLoggingException.ERROR_UNKNOWN, android.provider.CallLog.CallComposerLoggingException.ERROR_REMOTE_END_CLOSED, android.provider.CallLog.CallComposerLoggingException.ERROR_STORAGE_FULL, android.provider.CallLog.CallComposerLoggingException.ERROR_INPUT_CLOSED}" />
    </annotation>
  </item>
  <item name="android.provider.CallLog.CallComposerLoggingException int getErrorCode()">
    <annotation name="androidx.annotation.IntDef">
      <val name="value" val="{android.provider.CallLog.CallComposerLoggingException.ERROR_UNKNOWN, android.provider.CallLog.CallComposerLoggingException.ERROR_REMOTE_END_CLOSED, android.provider.CallLog.CallComposerLoggingException.ERROR_STORAGE_FULL, android.provider.CallLog.CallComposerLoggingException.ERROR_INPUT_CLOSED}" />
    </annotation>
  </item>
  <item name="android.provider.CloudMediaProvider.CloudMediaSurfaceStateChangedCallback void setPlaybackState(int, int, android.os.Bundle) 1">
    <annotation name="androidx.annotation.IntDef">
      <val name="value" val="{android.provider.CloudMediaProvider.CloudMediaSurfaceStateChangedCallback.PLAYBACK_STATE_BUFFERING, android.provider.CloudMediaProvider.CloudMediaSurfaceStateChangedCallback.PLAYBACK_STATE_READY, android.provider.CloudMediaProvider.CloudMediaSurfaceStateChangedCallback.PLAYBACK_STATE_STARTED, android.provider.CloudMediaProvider.CloudMediaSurfaceStateChangedCallback.PLAYBACK_STATE_PAUSED, android.provider.CloudMediaProvider.CloudMediaSurfaceStateChangedCallback.PLAYBACK_STATE_COMPLETED, android.provider.CloudMediaProvider.CloudMediaSurfaceStateChangedCallback.PLAYBACK_STATE_ERROR_RETRIABLE_FAILURE, android.provider.CloudMediaProvider.CloudMediaSurfaceStateChangedCallback.PLAYBACK_STATE_ERROR_PERMANENT_FAILURE, android.provider.CloudMediaProvider.CloudMediaSurfaceStateChangedCallback.PLAYBACK_STATE_MEDIA_SIZE_CHANGED}" />
      <val name="flag" val="true" />
    </annotation>
  </item>
  <item name="android.provider.ContactsContract.Settings void setDefaultAccount(android.content.ContentResolver, android.accounts.Account)">
    <annotation name="androidx.annotation.RequiresPermission">
      <val name="value" val="&quot;android.permission.SET_DEFAULT_ACCOUNT_FOR_CONTACTS&quot;" />
    </annotation>
  </item>
  <item name="android.provider.ContactsContract.SimContacts void addSimAccount(android.content.ContentResolver, java.lang.String, java.lang.String, int, int)">
    <annotation name="androidx.annotation.RequiresPermission">
      <val name="value" val="&quot;android.contacts.permission.MANAGE_SIM_ACCOUNTS&quot;" />
    </annotation>
  </item>
  <item name="android.provider.ContactsContract.SimContacts void removeSimAccounts(android.content.ContentResolver, int)">
    <annotation name="androidx.annotation.RequiresPermission">
      <val name="value" val="&quot;android.contacts.permission.MANAGE_SIM_ACCOUNTS&quot;" />
    </annotation>
  </item>
  <item name="android.provider.DeviceConfig android.provider.DeviceConfig.Properties getProperties(java.lang.String, java.lang.String...)">
    <annotation name="androidx.annotation.RequiresPermission">
      <val name="value" val="&quot;android.permission.READ_DEVICE_CONFIG&quot;" />
    </annotation>
  </item>
  <item name="android.provider.DeviceConfig boolean deleteProperty(java.lang.String, java.lang.String)">
    <annotation name="androidx.annotation.RequiresPermission">
      <val name="anyOf" val="{&quot;android.permission.WRITE_DEVICE_CONFIG&quot;, &quot;android.permission.WRITE_ALLOWLISTED_DEVICE_CONFIG&quot;}" />
    </annotation>
  </item>
  <item name="android.provider.DeviceConfig boolean getBoolean(java.lang.String, java.lang.String, boolean)">
    <annotation name="androidx.annotation.RequiresPermission">
      <val name="value" val="&quot;android.permission.READ_DEVICE_CONFIG&quot;" />
    </annotation>
  </item>
  <item name="android.provider.DeviceConfig boolean setProperties(android.provider.DeviceConfig.Properties)">
    <annotation name="androidx.annotation.RequiresPermission">
      <val name="anyOf" val="{&quot;android.permission.WRITE_DEVICE_CONFIG&quot;, &quot;android.permission.WRITE_ALLOWLISTED_DEVICE_CONFIG&quot;}" />
    </annotation>
  </item>
  <item name="android.provider.DeviceConfig boolean setProperty(java.lang.String, java.lang.String, java.lang.String, boolean)">
    <annotation name="androidx.annotation.RequiresPermission">
      <val name="anyOf" val="{&quot;android.permission.WRITE_DEVICE_CONFIG&quot;, &quot;android.permission.WRITE_ALLOWLISTED_DEVICE_CONFIG&quot;}" />
    </annotation>
  </item>
  <item name="android.provider.DeviceConfig float getFloat(java.lang.String, java.lang.String, float)">
    <annotation name="androidx.annotation.RequiresPermission">
      <val name="value" val="&quot;android.permission.READ_DEVICE_CONFIG&quot;" />
    </annotation>
  </item>
  <item name="android.provider.DeviceConfig int getInt(java.lang.String, java.lang.String, int)">
    <annotation name="androidx.annotation.RequiresPermission">
      <val name="value" val="&quot;android.permission.READ_DEVICE_CONFIG&quot;" />
    </annotation>
  </item>
  <item name="android.provider.DeviceConfig int getSyncDisabledMode()">
    <annotation name="androidx.annotation.RequiresPermission">
      <val name="anyOf" val="{&quot;android.permission.WRITE_DEVICE_CONFIG&quot;, &quot;android.permission.READ_WRITE_SYNC_DISABLED_MODE_CONFIG&quot;}" />
    </annotation>
  </item>
  <item name="android.provider.DeviceConfig java.lang.String getProperty(java.lang.String, java.lang.String)">
    <annotation name="androidx.annotation.RequiresPermission">
      <val name="value" val="&quot;android.permission.READ_DEVICE_CONFIG&quot;" />
    </annotation>
  </item>
  <item name="android.provider.DeviceConfig java.lang.String getString(java.lang.String, java.lang.String, java.lang.String)">
    <annotation name="androidx.annotation.RequiresPermission">
      <val name="value" val="&quot;android.permission.READ_DEVICE_CONFIG&quot;" />
    </annotation>
  </item>
  <item name="android.provider.DeviceConfig long getLong(java.lang.String, java.lang.String, long)">
    <annotation name="androidx.annotation.RequiresPermission">
      <val name="value" val="&quot;android.permission.READ_DEVICE_CONFIG&quot;" />
    </annotation>
  </item>
  <item name="android.provider.DeviceConfig void clearMonitorCallback(android.content.ContentResolver)">
    <annotation name="androidx.annotation.RequiresPermission">
      <val name="value" val="&quot;android.permission.MONITOR_DEVICE_CONFIG_ACCESS&quot;" />
    </annotation>
  </item>
  <item name="android.provider.DeviceConfig void resetToDefaults(int, java.lang.String)">
    <annotation name="androidx.annotation.RequiresPermission">
      <val name="anyOf" val="{&quot;android.permission.WRITE_DEVICE_CONFIG&quot;, &quot;android.permission.WRITE_ALLOWLISTED_DEVICE_CONFIG&quot;}" />
    </annotation>
  </item>
  <item name="android.provider.DeviceConfig void setMonitorCallback(android.content.ContentResolver, java.util.concurrent.Executor, android.provider.DeviceConfig.MonitorCallback)">
    <annotation name="androidx.annotation.RequiresPermission">
      <val name="value" val="&quot;android.permission.MONITOR_DEVICE_CONFIG_ACCESS&quot;" />
    </annotation>
  </item>
  <item name="android.provider.DeviceConfig void setSyncDisabledMode(int)">
    <annotation name="androidx.annotation.RequiresPermission">
      <val name="anyOf" val="{&quot;android.permission.WRITE_DEVICE_CONFIG&quot;, &quot;android.permission.READ_WRITE_SYNC_DISABLED_MODE_CONFIG&quot;}" />
    </annotation>
  </item>
  <item name="android.provider.DeviceConfig void setSyncDisabledMode(int) 0">
    <annotation name="androidx.annotation.IntDef">
      <val name="value" val="{android.provider.DeviceConfig.SYNC_DISABLED_MODE_NONE, android.provider.DeviceConfig.SYNC_DISABLED_MODE_PERSISTENT, android.provider.DeviceConfig.SYNC_DISABLED_MODE_UNTIL_REBOOT}" />
    </annotation>
  </item>
<item name="android.provider.DocumentsProvider android.net.Uri canonicalize(android.net.Uri)">
    <annotation name="androidx.annotation.CallSuper" />
  </item>
  <item name="android.provider.DocumentsProvider android.os.Bundle call(java.lang.String, java.lang.String, android.os.Bundle)">
    <annotation name="androidx.annotation.CallSuper" />
  </item>
  <item name="android.provider.FontsContract.FontFamilyResult int getStatusCode()">
    <annotation name="androidx.annotation.IntDef">
      <val name="value" val="{android.provider.FontsContract.FontFamilyResult.STATUS_OK, android.provider.FontsContract.FontFamilyResult.STATUS_WRONG_CERTIFICATES, android.provider.FontsContract.FontFamilyResult.STATUS_UNEXPECTED_DATA_PROVIDED}" />
    </annotation>
  </item>
  <item name="android.provider.FontsContract.FontInfo int getTtcIndex()">
    <annotation name="androidx.annotation.IntRange">
      <val name="from" val="0" />
    </annotation>
  </item>
  <item name="android.provider.FontsContract.FontInfo int getWeight()">
    <annotation name="androidx.annotation.IntRange">
      <val name="from" val="1" />
      <val name="to" val="1000" />
    </annotation>
  </item>
  <item name="android.provider.FontsContract.FontRequestCallback void onTypefaceRequestFailed(int) 0">
    <annotation name="androidx.annotation.IntDef">
      <val name="value" val="{android.provider.FontsContract.FontRequestCallback.FAIL_REASON_PROVIDER_NOT_FOUND, android.provider.FontsContract.FontRequestCallback.FAIL_REASON_FONT_LOAD_ERROR, android.provider.FontsContract.FontRequestCallback.FAIL_REASON_FONT_NOT_FOUND, android.provider.FontsContract.FontRequestCallback.FAIL_REASON_FONT_UNAVAILABLE, android.provider.FontsContract.FontRequestCallback.FAIL_REASON_MALFORMED_QUERY}" />
    </annotation>
  </item>
  <item name="android.provider.MediaStore QUERY_ARG_MATCH_FAVORITE">
    <annotation name="androidx.annotation.IntDef">
      <val name="value" val="{android.provider.MediaStore.MATCH_DEFAULT, android.provider.MediaStore.MATCH_INCLUDE, android.provider.MediaStore.MATCH_EXCLUDE, android.provider.MediaStore.MATCH_ONLY}" />
      <val name="flag" val="true" />
    </annotation>
  </item>
  <item name="android.provider.MediaStore QUERY_ARG_MATCH_PENDING">
    <annotation name="androidx.annotation.IntDef">
      <val name="value" val="{android.provider.MediaStore.MATCH_DEFAULT, android.provider.MediaStore.MATCH_INCLUDE, android.provider.MediaStore.MATCH_EXCLUDE, android.provider.MediaStore.MATCH_ONLY}" />
      <val name="flag" val="true" />
    </annotation>
  </item>
  <item name="android.provider.MediaStore QUERY_ARG_MATCH_TRASHED">
    <annotation name="androidx.annotation.IntDef">
      <val name="value" val="{android.provider.MediaStore.MATCH_DEFAULT, android.provider.MediaStore.MATCH_INCLUDE, android.provider.MediaStore.MATCH_EXCLUDE, android.provider.MediaStore.MATCH_ONLY}" />
      <val name="flag" val="true" />
    </annotation>
  </item>
  <item name="android.provider.MediaStore android.net.Uri scanFile(android.content.ContentResolver, java.io.File)">
    <annotation name="androidx.annotation.WorkerThread" />
  </item>
  <item name="android.provider.MediaStore void scanVolume(android.content.ContentResolver, java.lang.String)">
    <annotation name="androidx.annotation.WorkerThread" />
  </item>
  <item name="android.provider.MediaStore void waitForIdle(android.content.ContentResolver)">
    <annotation name="androidx.annotation.WorkerThread" />
  </item>
<item name="android.provider.Settings.Global boolean putString(android.content.ContentResolver, java.lang.String, java.lang.String, java.lang.String, boolean)">
    <annotation name="androidx.annotation.RequiresPermission">
      <val name="value" val="&quot;android.permission.WRITE_SECURE_SETTINGS&quot;" />
    </annotation>
  </item>
  <item name="android.provider.Settings.Global void resetToDefaults(android.content.ContentResolver, java.lang.String)">
    <annotation name="androidx.annotation.RequiresPermission">
      <val name="value" val="&quot;android.permission.WRITE_SECURE_SETTINGS&quot;" />
    </annotation>
  </item>
  <item name="android.provider.Settings.Secure boolean putString(android.content.ContentResolver, java.lang.String, java.lang.String, java.lang.String, boolean)">
    <annotation name="androidx.annotation.RequiresPermission">
      <val name="value" val="&quot;android.permission.WRITE_SECURE_SETTINGS&quot;" />
    </annotation>
  </item>
  <item name="android.provider.Settings.Secure void resetToDefaults(android.content.ContentResolver, java.lang.String)">
    <annotation name="androidx.annotation.RequiresPermission">
      <val name="value" val="&quot;android.permission.WRITE_SECURE_SETTINGS&quot;" />
    </annotation>
  </item>
  <item name="android.provider.Settings.System boolean putString(android.content.ContentResolver, java.lang.String, java.lang.String, boolean)">
    <annotation name="androidx.annotation.RequiresPermission">
      <val name="value" val="&quot;android.permission.MODIFY_SETTINGS_OVERRIDEABLE_BY_RESTORE&quot;" />
    </annotation>
  </item>
  <item name="android.provider.SimPhonebookContract.ElementaryFiles android.net.Uri getItemUri(int, int) 1">
    <annotation name="androidx.annotation.IntDef">
      <val name="value" val="{android.provider.SimPhonebookContract.ElementaryFiles.EF_UNKNOWN, android.provider.SimPhonebookContract.ElementaryFiles.EF_ADN, android.provider.SimPhonebookContract.ElementaryFiles.EF_FDN, android.provider.SimPhonebookContract.ElementaryFiles.EF_SDN}" />
    </annotation>
  </item>
  <item name="android.provider.SimPhonebookContract.SimRecords android.net.Uri getContentUri(int, int) 1">
    <annotation name="androidx.annotation.IntDef">
      <val name="value" val="{android.provider.SimPhonebookContract.ElementaryFiles.EF_UNKNOWN, android.provider.SimPhonebookContract.ElementaryFiles.EF_ADN, android.provider.SimPhonebookContract.ElementaryFiles.EF_FDN, android.provider.SimPhonebookContract.ElementaryFiles.EF_SDN}" />
    </annotation>
  </item>
  <item name="android.provider.SimPhonebookContract.SimRecords android.net.Uri getItemUri(int, int, int) 1">
    <annotation name="androidx.annotation.IntDef">
      <val name="value" val="{android.provider.SimPhonebookContract.ElementaryFiles.EF_UNKNOWN, android.provider.SimPhonebookContract.ElementaryFiles.EF_ADN, android.provider.SimPhonebookContract.ElementaryFiles.EF_FDN, android.provider.SimPhonebookContract.ElementaryFiles.EF_SDN}" />
    </annotation>
  </item>
  <item name="android.provider.SimPhonebookContract.SimRecords android.net.Uri getItemUri(int, int, int) 2">
    <annotation name="androidx.annotation.IntRange">
      <val name="from" val="1" />
    </annotation>
  </item>
  <item name="android.provider.SimPhonebookContract.SimRecords int getEncodedNameLength(android.content.ContentResolver, java.lang.String)">
    <annotation name="androidx.annotation.WorkerThread" />
    <annotation name="androidx.annotation.IntRange">
      <val name="from" val="0" />
    </annotation>
  </item>
  <item name="android.provider.Telephony.Carriers CARRIER_EDITED">
    <annotation name="androidx.annotation.IntDef">
      <val name="value" val="{android.provider.Telephony.Carriers.UNEDITED, android.provider.Telephony.Carriers.USER_EDITED, android.provider.Telephony.Carriers.USER_DELETED, android.provider.Telephony.Carriers.CARRIER_EDITED}" />
    </annotation>
  </item>
  <item name="android.provider.Telephony.Carriers UNEDITED">
    <annotation name="androidx.annotation.IntDef">
      <val name="value" val="{android.provider.Telephony.Carriers.UNEDITED, android.provider.Telephony.Carriers.USER_EDITED, android.provider.Telephony.Carriers.USER_DELETED, android.provider.Telephony.Carriers.CARRIER_EDITED}" />
    </annotation>
  </item>
  <item name="android.provider.Telephony.Carriers USER_DELETED">
    <annotation name="androidx.annotation.IntDef">
      <val name="value" val="{android.provider.Telephony.Carriers.UNEDITED, android.provider.Telephony.Carriers.USER_EDITED, android.provider.Telephony.Carriers.USER_DELETED, android.provider.Telephony.Carriers.CARRIER_EDITED}" />
    </annotation>
  </item>
  <item name="android.provider.Telephony.Carriers USER_EDITED">
    <annotation name="androidx.annotation.IntDef">
      <val name="value" val="{android.provider.Telephony.Carriers.UNEDITED, android.provider.Telephony.Carriers.USER_EDITED, android.provider.Telephony.Carriers.USER_DELETED, android.provider.Telephony.Carriers.CARRIER_EDITED}" />
    </annotation>
  </item>
  <item name="android.provider.Telephony.CellBroadcasts MESSAGE_HISTORY_URI">
    <annotation name="androidx.annotation.RequiresPermission">
      <val name="value" val="&quot;android.permission.READ_CELL_BROADCASTS&quot;" />
    </annotation>
  </item>
</root>