<?xml version="1.0" encoding="UTF-8"?>
<root>
  <item name="android.telephony.gba.GbaService void onAuthenticationRequest(int, int, int, android.net.Uri, byte[], boolean) 2">
    <annotation name="androidx.annotation.IntDef">
      <val name="value" val="{android.telephony.TelephonyManager.APPTYPE_UNKNOWN, android.telephony.TelephonyManager.APPTYPE_SIM, android.telephony.TelephonyManager.APPTYPE_USIM, android.telephony.TelephonyManager.APPTYPE_RUIM, android.telephony.TelephonyManager.APPTYPE_CSIM, android.telephony.TelephonyManager.APPTYPE_ISIM}" />
    </annotation>
  </item>
  <item name="android.telephony.gba.GbaService void reportAuthenticationFailure(int, int) 1">
    <annotation name="androidx.annotation.IntDef">
      <val name="value" val="{android.telephony.TelephonyManager.GBA_FAILURE_REASON_UNKNOWN, android.telephony.TelephonyManager.GBA_FAILURE_REASON_FEATURE_NOT_SUPPORTED, android.telephony.TelephonyManager.GBA_FAILURE_REASON_FEATURE_NOT_READY, android.telephony.TelephonyManager.GBA_FAILURE_REASON_NETWORK_FAILURE, android.telephony.TelephonyManager.GBA_FAILURE_REASON_INCORRECT_NAF_ID, android.telephony.TelephonyManager.GBA_FAILURE_REASON_SECURITY_PROTOCOL_NOT_SUPPORTED}" />
    </annotation>
  </item>
  <item name="android.telephony.gba.UaSecurityProtocolIdentifier int getOrg()">
    <annotation name="androidx.annotation.IntDef">
      <val name="value" val="{android.telephony.gba.UaSecurityProtocolIdentifier.ORG_NONE, android.telephony.gba.UaSecurityProtocolIdentifier.ORG_3GPP, android.telephony.gba.UaSecurityProtocolIdentifier.ORG_3GPP2, android.telephony.gba.UaSecurityProtocolIdentifier.ORG_OMA, android.telephony.gba.UaSecurityProtocolIdentifier.ORG_GSMA, android.telephony.gba.UaSecurityProtocolIdentifier.ORG_LOCAL}" />
    </annotation>
  </item>
  <item name="android.telephony.gba.UaSecurityProtocolIdentifier int getProtocol()">
    <annotation name="androidx.annotation.IntDef">
      <val name="value" val="{android.telephony.gba.UaSecurityProtocolIdentifier.UA_SECURITY_PROTOCOL_3GPP_SUBSCRIBER_CERTIFICATE, android.telephony.gba.UaSecurityProtocolIdentifier.UA_SECURITY_PROTOCOL_3GPP_MBMS, android.telephony.gba.UaSecurityProtocolIdentifier.UA_SECURITY_PROTOCOL_3GPP_HTTP_DIGEST_AUTHENTICATION, android.telephony.gba.UaSecurityProtocolIdentifier.UA_SECURITY_PROTOCOL_3GPP_HTTP_BASED_MBMS, android.telephony.gba.UaSecurityProtocolIdentifier.UA_SECURITY_PROTOCOL_3GPP_SIP_BASED_MBMS, android.telephony.gba.UaSecurityProtocolIdentifier.UA_SECURITY_PROTOCOL_3GPP_GENERIC_PUSH_LAYER, android.telephony.gba.UaSecurityProtocolIdentifier.UA_SECURITY_PROTOCOL_3GPP_IMS_MEDIA_PLANE, android.telephony.gba.UaSecurityProtocolIdentifier.UA_SECURITY_PROTOCOL_3GPP_GENERATION_TMPI, android.telephony.gba.UaSecurityProtocolIdentifier.UA_SECURITY_PROTOCOL_3GPP_TLS_DEFAULT, android.telephony.gba.UaSecurityProtocolIdentifier.UA_SECURITY_PROTOCOL_3GPP_TLS_BROWSER}" />
    </annotation>
  </item>
  <item name="android.telephony.gba.UaSecurityProtocolIdentifier int getTlsCipherSuite()">
    <annotation name="androidx.annotation.IntDef">
      <val name="value" val="{android.telephony.gba.TlsParams.TLS_NULL_WITH_NULL_NULL, android.telephony.gba.TlsParams.TLS_RSA_WITH_NULL_MD5, android.telephony.gba.TlsParams.TLS_RSA_WITH_NULL_SHA, android.telephony.gba.TlsParams.TLS_RSA_WITH_RC4_128_MD5, android.telephony.gba.TlsParams.TLS_RSA_WITH_RC4_128_SHA, android.telephony.gba.TlsParams.TLS_RSA_WITH_3DES_EDE_CBC_SHA, android.telephony.gba.TlsParams.TLS_DH_DSS_WITH_3DES_EDE_CBC_SHA, android.telephony.gba.TlsParams.TLS_DH_RSA_WITH_3DES_EDE_CBC_SHA, android.telephony.gba.TlsParams.TLS_DHE_DSS_WITH_3DES_EDE_CBC_SHA, android.telephony.gba.TlsParams.TLS_DHE_RSA_WITH_3DES_EDE_CBC_SHA, android.telephony.gba.TlsParams.TLS_DH_ANON_WITH_RC4_128_MD5, android.telephony.gba.TlsParams.TLS_DH_ANON_WITH_3DES_EDE_CBC_SHA, android.telephony.gba.TlsParams.TLS_RSA_WITH_AES_128_CBC_SHA, android.telephony.gba.TlsParams.TLS_DH_DSS_WITH_AES_128_CBC_SHA, android.telephony.gba.TlsParams.TLS_DH_RSA_WITH_AES_128_CBC_SHA, android.telephony.gba.TlsParams.TLS_DHE_DSS_WITH_AES_128_CBC_SHA, android.telephony.gba.TlsParams.TLS_DHE_RSA_WITH_AES_128_CBC_SHA, android.telephony.gba.TlsParams.TLS_DH_ANON_WITH_AES_128_CBC_SHA, android.telephony.gba.TlsParams.TLS_RSA_WITH_AES_256_CBC_SHA, android.telephony.gba.TlsParams.TLS_DH_DSS_WITH_AES_256_CBC_SHA, android.telephony.gba.TlsParams.TLS_DH_RSA_WITH_AES_256_CBC_SHA, android.telephony.gba.TlsParams.TLS_DHE_DSS_WITH_AES_256_CBC_SHA, android.telephony.gba.TlsParams.TLS_DHE_RSA_WITH_AES_256_CBC_SHA, android.telephony.gba.TlsParams.TLS_DH_ANON_WITH_AES_256_CBC_SHA, android.telephony.gba.TlsParams.TLS_RSA_WITH_NULL_SHA256, android.telephony.gba.TlsParams.TLS_RSA_WITH_AES_128_CBC_SHA256, android.telephony.gba.TlsParams.TLS_RSA_WITH_AES_256_CBC_SHA256, android.telephony.gba.TlsParams.TLS_DH_DSS_WITH_AES_128_CBC_SHA256, android.telephony.gba.TlsParams.TLS_DH_RSA_WITH_AES_128_CBC_SHA256, android.telephony.gba.TlsParams.TLS_DHE_DSS_WITH_AES_128_CBC_SHA256, android.telephony.gba.TlsParams.TLS_DHE_RSA_WITH_AES_128_CBC_SHA256, android.telephony.gba.TlsParams.TLS_DH_DSS_WITH_AES_256_CBC_SHA256, android.telephony.gba.TlsParams.TLS_DH_RSA_WITH_AES_256_CBC_SHA256, android.telephony.gba.TlsParams.TLS_DHE_DSS_WITH_AES_256_CBC_SHA256, android.telephony.gba.TlsParams.TLS_DHE_RSA_WITH_AES_256_CBC_SHA256, android.telephony.gba.TlsParams.TLS_DH_ANON_WITH_AES_128_CBC_SHA256, android.telephony.gba.TlsParams.TLS_DH_ANON_WITH_AES_256_CBC_SHA256, android.telephony.gba.TlsParams.TLS_DHE_RSA_WITH_AES_128_GCM_SHA256, android.telephony.gba.TlsParams.TLS_DHE_RSA_WITH_AES_256_GCM_SHA384, android.telephony.gba.TlsParams.TLS_DHE_PSK_WITH_AES_128_GCM_SHA256, android.telephony.gba.TlsParams.TLS_DHE_PSK_WITH_AES_256_GCM_SHA384, android.telephony.gba.TlsParams.TLS_AES_128_GCM_SHA256, android.telephony.gba.TlsParams.TLS_AES_256_GCM_SHA384, android.telephony.gba.TlsParams.TLS_CHACHA20_POLY1305_SHA256, android.telephony.gba.TlsParams.TLS_AES_128_CCM_SHA256, android.telephony.gba.TlsParams.TLS_ECDHE_ECDSA_WITH_AES_128_GCM_SHA256, android.telephony.gba.TlsParams.TLS_ECDHE_ECDSA_WITH_AES_256_GCM_SHA384, android.telephony.gba.TlsParams.TLS_ECDHE_RSA_WITH_AES_128_GCM_SHA256, android.telephony.gba.TlsParams.TLS_ECDHE_RSA_WITH_AES_256_GCM_SHA384, android.telephony.gba.TlsParams.TLS_DHE_RSA_WITH_AES_128_CCM, android.telephony.gba.TlsParams.TLS_DHE_RSA_WITH_AES_256_CCM, android.telephony.gba.TlsParams.TLS_DHE_PSK_WITH_AES_128_CCM, android.telephony.gba.TlsParams.TLS_DHE_PSK_WITH_AES_256_CCM, android.telephony.gba.TlsParams.TLS_ECDHE_RSA_WITH_CHACHA20_POLY1305_SHA256, android.telephony.gba.TlsParams.TLS_ECDHE_ECDSA_WITH_CHACHA20_POLY1305_SHA256, android.telephony.gba.TlsParams.TLS_DHE_RSA_WITH_CHACHA20_POLY1305_SHA256, android.telephony.gba.TlsParams.TLS_ECDHE_PSK_WITH_CHACHA20_POLY1305_SHA256, android.telephony.gba.TlsParams.TLS_DHE_PSK_WITH_CHACHA20_POLY1305_SHA256, android.telephony.gba.TlsParams.TLS_ECDHE_PSK_WITH_AES_128_GCM_SHA256, android.telephony.gba.TlsParams.TLS_ECDHE_PSK_WITH_AES_256_GCM_SHA384, android.telephony.gba.TlsParams.TLS_ECDHE_PSK_WITH_AES_128_CCM_SHA256}" />
    </annotation>
  </item>
  <item name="android.telephony.gba.UaSecurityProtocolIdentifier.Builder android.telephony.gba.UaSecurityProtocolIdentifier.Builder setOrg(int) 0">
    <annotation name="androidx.annotation.IntDef">
      <val name="value" val="{android.telephony.gba.UaSecurityProtocolIdentifier.ORG_NONE, android.telephony.gba.UaSecurityProtocolIdentifier.ORG_3GPP, android.telephony.gba.UaSecurityProtocolIdentifier.ORG_3GPP2, android.telephony.gba.UaSecurityProtocolIdentifier.ORG_OMA, android.telephony.gba.UaSecurityProtocolIdentifier.ORG_GSMA, android.telephony.gba.UaSecurityProtocolIdentifier.ORG_LOCAL}" />
    </annotation>
  </item>
  <item name="android.telephony.gba.UaSecurityProtocolIdentifier.Builder android.telephony.gba.UaSecurityProtocolIdentifier.Builder setProtocol(int) 0">
    <annotation name="androidx.annotation.IntDef">
      <val name="value" val="{android.telephony.gba.UaSecurityProtocolIdentifier.UA_SECURITY_PROTOCOL_3GPP_SUBSCRIBER_CERTIFICATE, android.telephony.gba.UaSecurityProtocolIdentifier.UA_SECURITY_PROTOCOL_3GPP_MBMS, android.telephony.gba.UaSecurityProtocolIdentifier.UA_SECURITY_PROTOCOL_3GPP_HTTP_DIGEST_AUTHENTICATION, android.telephony.gba.UaSecurityProtocolIdentifier.UA_SECURITY_PROTOCOL_3GPP_HTTP_BASED_MBMS, android.telephony.gba.UaSecurityProtocolIdentifier.UA_SECURITY_PROTOCOL_3GPP_SIP_BASED_MBMS, android.telephony.gba.UaSecurityProtocolIdentifier.UA_SECURITY_PROTOCOL_3GPP_GENERIC_PUSH_LAYER, android.telephony.gba.UaSecurityProtocolIdentifier.UA_SECURITY_PROTOCOL_3GPP_IMS_MEDIA_PLANE, android.telephony.gba.UaSecurityProtocolIdentifier.UA_SECURITY_PROTOCOL_3GPP_GENERATION_TMPI, android.telephony.gba.UaSecurityProtocolIdentifier.UA_SECURITY_PROTOCOL_3GPP_TLS_DEFAULT, android.telephony.gba.UaSecurityProtocolIdentifier.UA_SECURITY_PROTOCOL_3GPP_TLS_BROWSER}" />
    </annotation>
  </item>
  <item name="android.telephony.gba.UaSecurityProtocolIdentifier.Builder android.telephony.gba.UaSecurityProtocolIdentifier.Builder setTlsCipherSuite(int) 0">
    <annotation name="androidx.annotation.IntDef">
      <val name="value" val="{android.telephony.gba.TlsParams.TLS_NULL_WITH_NULL_NULL, android.telephony.gba.TlsParams.TLS_RSA_WITH_NULL_MD5, android.telephony.gba.TlsParams.TLS_RSA_WITH_NULL_SHA, android.telephony.gba.TlsParams.TLS_RSA_WITH_RC4_128_MD5, android.telephony.gba.TlsParams.TLS_RSA_WITH_RC4_128_SHA, android.telephony.gba.TlsParams.TLS_RSA_WITH_3DES_EDE_CBC_SHA, android.telephony.gba.TlsParams.TLS_DH_DSS_WITH_3DES_EDE_CBC_SHA, android.telephony.gba.TlsParams.TLS_DH_RSA_WITH_3DES_EDE_CBC_SHA, android.telephony.gba.TlsParams.TLS_DHE_DSS_WITH_3DES_EDE_CBC_SHA, android.telephony.gba.TlsParams.TLS_DHE_RSA_WITH_3DES_EDE_CBC_SHA, android.telephony.gba.TlsParams.TLS_DH_ANON_WITH_RC4_128_MD5, android.telephony.gba.TlsParams.TLS_DH_ANON_WITH_3DES_EDE_CBC_SHA, android.telephony.gba.TlsParams.TLS_RSA_WITH_AES_128_CBC_SHA, android.telephony.gba.TlsParams.TLS_DH_DSS_WITH_AES_128_CBC_SHA, android.telephony.gba.TlsParams.TLS_DH_RSA_WITH_AES_128_CBC_SHA, android.telephony.gba.TlsParams.TLS_DHE_DSS_WITH_AES_128_CBC_SHA, android.telephony.gba.TlsParams.TLS_DHE_RSA_WITH_AES_128_CBC_SHA, android.telephony.gba.TlsParams.TLS_DH_ANON_WITH_AES_128_CBC_SHA, android.telephony.gba.TlsParams.TLS_RSA_WITH_AES_256_CBC_SHA, android.telephony.gba.TlsParams.TLS_DH_DSS_WITH_AES_256_CBC_SHA, android.telephony.gba.TlsParams.TLS_DH_RSA_WITH_AES_256_CBC_SHA, android.telephony.gba.TlsParams.TLS_DHE_DSS_WITH_AES_256_CBC_SHA, android.telephony.gba.TlsParams.TLS_DHE_RSA_WITH_AES_256_CBC_SHA, android.telephony.gba.TlsParams.TLS_DH_ANON_WITH_AES_256_CBC_SHA, android.telephony.gba.TlsParams.TLS_RSA_WITH_NULL_SHA256, android.telephony.gba.TlsParams.TLS_RSA_WITH_AES_128_CBC_SHA256, android.telephony.gba.TlsParams.TLS_RSA_WITH_AES_256_CBC_SHA256, android.telephony.gba.TlsParams.TLS_DH_DSS_WITH_AES_128_CBC_SHA256, android.telephony.gba.TlsParams.TLS_DH_RSA_WITH_AES_128_CBC_SHA256, android.telephony.gba.TlsParams.TLS_DHE_DSS_WITH_AES_128_CBC_SHA256, android.telephony.gba.TlsParams.TLS_DHE_RSA_WITH_AES_128_CBC_SHA256, android.telephony.gba.TlsParams.TLS_DH_DSS_WITH_AES_256_CBC_SHA256, android.telephony.gba.TlsParams.TLS_DH_RSA_WITH_AES_256_CBC_SHA256, android.telephony.gba.TlsParams.TLS_DHE_DSS_WITH_AES_256_CBC_SHA256, android.telephony.gba.TlsParams.TLS_DHE_RSA_WITH_AES_256_CBC_SHA256, android.telephony.gba.TlsParams.TLS_DH_ANON_WITH_AES_128_CBC_SHA256, android.telephony.gba.TlsParams.TLS_DH_ANON_WITH_AES_256_CBC_SHA256, android.telephony.gba.TlsParams.TLS_DHE_RSA_WITH_AES_128_GCM_SHA256, android.telephony.gba.TlsParams.TLS_DHE_RSA_WITH_AES_256_GCM_SHA384, android.telephony.gba.TlsParams.TLS_DHE_PSK_WITH_AES_128_GCM_SHA256, android.telephony.gba.TlsParams.TLS_DHE_PSK_WITH_AES_256_GCM_SHA384, android.telephony.gba.TlsParams.TLS_AES_128_GCM_SHA256, android.telephony.gba.TlsParams.TLS_AES_256_GCM_SHA384, android.telephony.gba.TlsParams.TLS_CHACHA20_POLY1305_SHA256, android.telephony.gba.TlsParams.TLS_AES_128_CCM_SHA256, android.telephony.gba.TlsParams.TLS_ECDHE_ECDSA_WITH_AES_128_GCM_SHA256, android.telephony.gba.TlsParams.TLS_ECDHE_ECDSA_WITH_AES_256_GCM_SHA384, android.telephony.gba.TlsParams.TLS_ECDHE_RSA_WITH_AES_128_GCM_SHA256, android.telephony.gba.TlsParams.TLS_ECDHE_RSA_WITH_AES_256_GCM_SHA384, android.telephony.gba.TlsParams.TLS_DHE_RSA_WITH_AES_128_CCM, android.telephony.gba.TlsParams.TLS_DHE_RSA_WITH_AES_256_CCM, android.telephony.gba.TlsParams.TLS_DHE_PSK_WITH_AES_128_CCM, android.telephony.gba.TlsParams.TLS_DHE_PSK_WITH_AES_256_CCM, android.telephony.gba.TlsParams.TLS_ECDHE_RSA_WITH_CHACHA20_POLY1305_SHA256, android.telephony.gba.TlsParams.TLS_ECDHE_ECDSA_WITH_CHACHA20_POLY1305_SHA256, android.telephony.gba.TlsParams.TLS_DHE_RSA_WITH_CHACHA20_POLY1305_SHA256, android.telephony.gba.TlsParams.TLS_ECDHE_PSK_WITH_CHACHA20_POLY1305_SHA256, android.telephony.gba.TlsParams.TLS_DHE_PSK_WITH_CHACHA20_POLY1305_SHA256, android.telephony.gba.TlsParams.TLS_ECDHE_PSK_WITH_AES_128_GCM_SHA256, android.telephony.gba.TlsParams.TLS_ECDHE_PSK_WITH_AES_256_GCM_SHA384, android.telephony.gba.TlsParams.TLS_ECDHE_PSK_WITH_AES_128_CCM_SHA256}" />
    </annotation>
  </item>
</root>

