<?xml version="1.0" encoding="UTF-8"?>
<root>
  <item name="android.companion.virtual.camera.VirtualCamera void close()">
    <annotation name="androidx.annotation.RequiresPermission">
      <val name="value" val="&quot;android.permission.CREATE_VIRTUAL_DEVICE&quot;" />
    </annotation>
  </item>
  <item name="android.companion.virtual.camera.VirtualCameraCallback void onStreamConfigured(int, android.view.Surface, int, int, int) 2">
    <annotation name="androidx.annotation.IntRange">
      <val name="from" val="1" />
    </annotation>
  </item>
  <item name="android.companion.virtual.camera.VirtualCameraCallback void onStreamConfigured(int, android.view.Surface, int, int, int) 3">
    <annotation name="androidx.annotation.IntRange">
      <val name="from" val="1" />
    </annotation>
  </item>
  <item name="android.companion.virtual.camera.VirtualCameraCallback void onStreamConfigured(int, android.view.Surface, int, int, int) 4">
    <annotation name="androidx.annotation.IntDef">
      <val name="value" val="{android.graphics.ImageFormat.UNKNOWN, android.graphics.PixelFormat.RGBA_8888, android.graphics.PixelFormat.RGBX_8888, android.graphics.PixelFormat.RGB_888, android.graphics.ImageFormat.RGB_565, android.graphics.ImageFormat.YV12, android.graphics.ImageFormat.Y8, android.graphics.ImageFormat.YCBCR_P010, android.graphics.ImageFormat.NV16, android.graphics.ImageFormat.NV21, android.graphics.ImageFormat.YUY2, android.graphics.ImageFormat.JPEG, android.graphics.ImageFormat.DEPTH_JPEG, android.graphics.ImageFormat.YUV_420_888, android.graphics.ImageFormat.YUV_422_888, android.graphics.ImageFormat.YUV_444_888, android.graphics.ImageFormat.FLEX_RGB_888, android.graphics.ImageFormat.FLEX_RGBA_8888, android.graphics.ImageFormat.RAW_SENSOR, android.graphics.ImageFormat.RAW_PRIVATE, android.graphics.ImageFormat.RAW10, android.graphics.ImageFormat.RAW12, android.graphics.ImageFormat.DEPTH16, android.graphics.ImageFormat.DEPTH_POINT_CLOUD, android.graphics.ImageFormat.PRIVATE, android.graphics.ImageFormat.HEIC, android.graphics.ImageFormat.JPEG_R}" />
    </annotation>
  </item>
  <item name="android.companion.virtual.camera.VirtualCameraConfig int getSensorOrientation()">
    <annotation name="androidx.annotation.IntDef">
      <val name="value" val="{android.companion.virtual.camera.VirtualCameraConfig.SENSOR_ORIENTATION_0, android.companion.virtual.camera.VirtualCameraConfig.SENSOR_ORIENTATION_90, android.companion.virtual.camera.VirtualCameraConfig.SENSOR_ORIENTATION_180, android.companion.virtual.camera.VirtualCameraConfig.SENSOR_ORIENTATION_270}" />
    </annotation>
  </item>
  <item name="android.companion.virtual.camera.VirtualCameraConfig.Builder android.companion.virtual.camera.VirtualCameraConfig.Builder addStreamConfig(int, int, int, int) 0">
    <annotation name="androidx.annotation.IntRange">
      <val name="from" val="1" />
    </annotation>
  </item>
  <item name="android.companion.virtual.camera.VirtualCameraConfig.Builder android.companion.virtual.camera.VirtualCameraConfig.Builder addStreamConfig(int, int, int, int) 1">
    <annotation name="androidx.annotation.IntRange">
      <val name="from" val="1" />
    </annotation>
  </item>
  <item name="android.companion.virtual.camera.VirtualCameraConfig.Builder android.companion.virtual.camera.VirtualCameraConfig.Builder addStreamConfig(int, int, int, int) 2">
    <annotation name="androidx.annotation.IntDef">
      <val name="value" val="{android.graphics.ImageFormat.UNKNOWN, android.graphics.PixelFormat.RGBA_8888, android.graphics.PixelFormat.RGBX_8888, android.graphics.PixelFormat.RGB_888, android.graphics.ImageFormat.RGB_565, android.graphics.ImageFormat.YV12, android.graphics.ImageFormat.Y8, android.graphics.ImageFormat.YCBCR_P010, android.graphics.ImageFormat.NV16, android.graphics.ImageFormat.NV21, android.graphics.ImageFormat.YUY2, android.graphics.ImageFormat.JPEG, android.graphics.ImageFormat.DEPTH_JPEG, android.graphics.ImageFormat.YUV_420_888, android.graphics.ImageFormat.YUV_422_888, android.graphics.ImageFormat.YUV_444_888, android.graphics.ImageFormat.FLEX_RGB_888, android.graphics.ImageFormat.FLEX_RGBA_8888, android.graphics.ImageFormat.RAW_SENSOR, android.graphics.ImageFormat.RAW_PRIVATE, android.graphics.ImageFormat.RAW10, android.graphics.ImageFormat.RAW12, android.graphics.ImageFormat.DEPTH16, android.graphics.ImageFormat.DEPTH_POINT_CLOUD, android.graphics.ImageFormat.PRIVATE, android.graphics.ImageFormat.HEIC, android.graphics.ImageFormat.JPEG_R}" />
    </annotation>
  </item>
  <item name="android.companion.virtual.camera.VirtualCameraConfig.Builder android.companion.virtual.camera.VirtualCameraConfig.Builder addStreamConfig(int, int, int, int) 3">
    <annotation name="androidx.annotation.IntRange">
      <val name="from" val="1" />
    </annotation>
  </item>
  <item name="android.companion.virtual.camera.VirtualCameraConfig.Builder android.companion.virtual.camera.VirtualCameraConfig.Builder setSensorOrientation(int) 0">
    <annotation name="androidx.annotation.IntDef">
      <val name="value" val="{android.companion.virtual.camera.VirtualCameraConfig.SENSOR_ORIENTATION_0, android.companion.virtual.camera.VirtualCameraConfig.SENSOR_ORIENTATION_90, android.companion.virtual.camera.VirtualCameraConfig.SENSOR_ORIENTATION_180, android.companion.virtual.camera.VirtualCameraConfig.SENSOR_ORIENTATION_270}" />
    </annotation>
  </item>
  <item name="android.companion.virtual.camera.VirtualCameraStreamConfig int getFormat()">
    <annotation name="androidx.annotation.IntDef">
      <val name="value" val="{android.graphics.ImageFormat.UNKNOWN, android.graphics.PixelFormat.RGBA_8888, android.graphics.PixelFormat.RGBX_8888, android.graphics.PixelFormat.RGB_888, android.graphics.ImageFormat.RGB_565, android.graphics.ImageFormat.YV12, android.graphics.ImageFormat.Y8, android.graphics.ImageFormat.YCBCR_P010, android.graphics.ImageFormat.NV16, android.graphics.ImageFormat.NV21, android.graphics.ImageFormat.YUY2, android.graphics.ImageFormat.JPEG, android.graphics.ImageFormat.DEPTH_JPEG, android.graphics.ImageFormat.YUV_420_888, android.graphics.ImageFormat.YUV_422_888, android.graphics.ImageFormat.YUV_444_888, android.graphics.ImageFormat.FLEX_RGB_888, android.graphics.ImageFormat.FLEX_RGBA_8888, android.graphics.ImageFormat.RAW_SENSOR, android.graphics.ImageFormat.RAW_PRIVATE, android.graphics.ImageFormat.RAW10, android.graphics.ImageFormat.RAW12, android.graphics.ImageFormat.DEPTH16, android.graphics.ImageFormat.DEPTH_POINT_CLOUD, android.graphics.ImageFormat.PRIVATE, android.graphics.ImageFormat.HEIC, android.graphics.ImageFormat.JPEG_R}" />
    </annotation>
  </item>
  <item name="android.companion.virtual.camera.VirtualCameraStreamConfig int getHeight()">
    <annotation name="androidx.annotation.IntRange">
      <val name="from" val="1" />
    </annotation>
  </item>
  <item name="android.companion.virtual.camera.VirtualCameraStreamConfig int getMaximumFramesPerSecond()">
    <annotation name="androidx.annotation.IntRange">
      <val name="from" val="1" />
    </annotation>
  </item>
  <item name="android.companion.virtual.camera.VirtualCameraStreamConfig int getWidth()">
    <annotation name="androidx.annotation.IntRange">
      <val name="from" val="1" />
    </annotation>
  </item>
</root>

