<?xml version="1.0" encoding="UTF-8"?>
<root>
  <item name="android.app.prediction.AppPredictionContext int getPredictedTargetCount()">
    <annotation name="androidx.annotation.IntRange">
      <val name="from" val="0" />
    </annotation>
  </item>
  <item name="android.app.prediction.AppPredictionContext.Builder android.app.prediction.AppPredictionContext.Builder setPredictedTargetCount(int) 0">
    <annotation name="androidx.annotation.IntRange">
      <val name="from" val="0" />
    </annotation>
  </item>
  <item name="android.app.prediction.AppTarget int getRank()">
    <annotation name="androidx.annotation.IntRange">
      <val name="from" val="0" />
    </annotation>
  </item>
  <item name="android.app.prediction.AppTarget.Builder android.app.prediction.AppTarget.Builder setRank(int) 0">
    <annotation name="androidx.annotation.IntRange">
      <val name="from" val="0" />
    </annotation>
  </item>
  <item name="android.app.prediction.AppTargetEvent int getAction()">
    <annotation name="androidx.annotation.IntDef">
      <val name="value" val="{android.app.prediction.AppTargetEvent.ACTION_LAUNCH, android.app.prediction.AppTargetEvent.ACTION_DISMISS, android.app.prediction.AppTargetEvent.ACTION_PIN, android.app.prediction.AppTargetEvent.ACTION_UNPIN}" />
    </annotation>
  </item>
  <item name="android.app.prediction.AppTargetEvent.Builder Builder(android.app.prediction.AppTarget, int) 1">
    <annotation name="androidx.annotation.IntDef">
      <val name="value" val="{android.app.prediction.AppTargetEvent.ACTION_LAUNCH, android.app.prediction.AppTargetEvent.ACTION_DISMISS, android.app.prediction.AppTargetEvent.ACTION_PIN, android.app.prediction.AppTargetEvent.ACTION_UNPIN}" />
    </annotation>
  </item>
</root>

