<?xml version="1.0" encoding="UTF-8"?>
<root>
  <item name="android.telephony.euicc.EuiccCardManager void cancelSession(java.lang.String, byte[], int, java.util.concurrent.Executor, android.telephony.euicc.EuiccCardManager.ResultCallback&lt;byte[]&gt;) 2">
    <annotation name="androidx.annotation.IntDef">
      <val name="value" val="{android.telephony.euicc.EuiccCardManager.CANCEL_REASON_END_USER_REJECTED, android.telephony.euicc.EuiccCardManager.CANCEL_REASON_POSTPONED, android.telephony.euicc.EuiccCardManager.CANCEL_REASON_TIMEOUT, android.telephony.euicc.EuiccCardManager.CANCEL_REASON_PPR_NOT_ALLOWED}" />
    </annotation>
  </item>
  <item name="android.telephony.euicc.EuiccCardManager void listNotifications(java.lang.String, int, java.util.concurrent.Executor, android.telephony.euicc.EuiccCardManager.ResultCallback&lt;android.telephony.euicc.EuiccNotification[]&gt;) 1">
    <annotation name="androidx.annotation.IntDef">
      <val name="value" val="{android.telephony.euicc.EuiccNotification.EVENT_INSTALL, android.telephony.euicc.EuiccNotification.EVENT_ENABLE, android.telephony.euicc.EuiccNotification.EVENT_DISABLE, android.telephony.euicc.EuiccNotification.EVENT_DELETE}" />
      <val name="flag" val="true" />
    </annotation>
  </item>
  <item name="android.telephony.euicc.EuiccCardManager void resetMemory(java.lang.String, int, java.util.concurrent.Executor, android.telephony.euicc.EuiccCardManager.ResultCallback&lt;java.lang.Void&gt;) 1">
    <annotation name="androidx.annotation.IntDef">
      <val name="value" val="{android.telephony.euicc.EuiccCardManager.RESET_OPTION_DELETE_OPERATIONAL_PROFILES, android.telephony.euicc.EuiccCardManager.RESET_OPTION_DELETE_FIELD_LOADED_TEST_PROFILES, android.telephony.euicc.EuiccCardManager.RESET_OPTION_RESET_DEFAULT_SMDP_ADDRESS}" />
      <val name="flag" val="true" />
    </annotation>
  </item>
  <item name="android.telephony.euicc.EuiccCardManager void retrieveNotificationList(java.lang.String, int, java.util.concurrent.Executor, android.telephony.euicc.EuiccCardManager.ResultCallback&lt;android.telephony.euicc.EuiccNotification[]&gt;) 1">
    <annotation name="androidx.annotation.IntDef">
      <val name="value" val="{android.telephony.euicc.EuiccNotification.EVENT_INSTALL, android.telephony.euicc.EuiccNotification.EVENT_ENABLE, android.telephony.euicc.EuiccNotification.EVENT_DISABLE, android.telephony.euicc.EuiccNotification.EVENT_DELETE}" />
      <val name="flag" val="true" />
    </annotation>
  </item>
  <item name="android.telephony.euicc.EuiccManager ACTION_CONVERT_TO_EMBEDDED_SUBSCRIPTION">
    <annotation name="androidx.annotation.RequiresPermission">
      <val name="value" val="&quot;android.permission.MODIFY_PHONE_STATE&quot;" />
    </annotation>
  </item>
  <item name="android.telephony.euicc.EuiccManager ACTION_OTA_STATUS_CHANGED">
    <annotation name="androidx.annotation.RequiresPermission">
      <val name="value" val="&quot;android.permission.WRITE_EMBEDDED_SUBSCRIPTIONS&quot;" />
    </annotation>
  </item>
  <item name="android.telephony.euicc.EuiccManager ACTION_TRANSFER_EMBEDDED_SUBSCRIPTIONS">
    <annotation name="androidx.annotation.RequiresPermission">
      <val name="value" val="&quot;android.permission.MODIFY_PHONE_STATE&quot;" />
    </annotation>
  </item>
  <item name="android.telephony.euicc.EuiccManager boolean isSupportedCountry(java.lang.String)">
    <annotation name="androidx.annotation.RequiresPermission">
      <val name="value" val="&quot;android.permission.WRITE_EMBEDDED_SUBSCRIPTIONS&quot;" />
    </annotation>
  </item>
  <item name="android.telephony.euicc.EuiccManager int getOtaStatus()">
    <annotation name="androidx.annotation.RequiresPermission">
      <val name="value" val="&quot;android.permission.WRITE_EMBEDDED_SUBSCRIPTIONS&quot;" />
    </annotation>
  </item>
  <item name="android.telephony.euicc.EuiccManager java.util.List&lt;java.lang.String&gt; getSupportedCountries()">
    <annotation name="androidx.annotation.RequiresPermission">
      <val name="value" val="&quot;android.permission.WRITE_EMBEDDED_SUBSCRIPTIONS&quot;" />
    </annotation>
  </item>
  <item name="android.telephony.euicc.EuiccManager java.util.List&lt;java.lang.String&gt; getUnsupportedCountries()">
    <annotation name="androidx.annotation.RequiresPermission">
      <val name="value" val="&quot;android.permission.WRITE_EMBEDDED_SUBSCRIPTIONS&quot;" />
    </annotation>
  </item>
  <item name="android.telephony.euicc.EuiccManager void continueOperation(android.content.Intent, android.os.Bundle)">
    <annotation name="androidx.annotation.RequiresPermission">
      <val name="value" val="&quot;android.permission.WRITE_EMBEDDED_SUBSCRIPTIONS&quot;" />
    </annotation>
  </item>
  <item name="android.telephony.euicc.EuiccManager void deleteSubscription(int, android.app.PendingIntent)">
    <annotation name="androidx.annotation.RequiresPermission">
      <val name="value" val="&quot;android.permission.WRITE_EMBEDDED_SUBSCRIPTIONS&quot;" />
    </annotation>
  </item>
  <item name="android.telephony.euicc.EuiccManager void downloadSubscription(android.telephony.euicc.DownloadableSubscription, boolean, android.app.PendingIntent)">
    <annotation name="androidx.annotation.RequiresPermission">
      <val name="value" val="&quot;android.permission.WRITE_EMBEDDED_SUBSCRIPTIONS&quot;" />
    </annotation>
  </item>
  <item name="android.telephony.euicc.EuiccManager void eraseSubscriptions(android.app.PendingIntent)">
    <annotation name="androidx.annotation.RequiresPermission">
      <val name="value" val="&quot;android.permission.WRITE_EMBEDDED_SUBSCRIPTIONS&quot;" />
    </annotation>
  </item>
  <item name="android.telephony.euicc.EuiccManager void eraseSubscriptions(int, android.app.PendingIntent)">
    <annotation name="androidx.annotation.RequiresPermission">
      <val name="value" val="&quot;android.permission.WRITE_EMBEDDED_SUBSCRIPTIONS&quot;" />
    </annotation>
  </item>
  <item name="android.telephony.euicc.EuiccManager void eraseSubscriptions(int, android.app.PendingIntent) 0">
    <annotation name="androidx.annotation.IntDef">
      <val name="value" val="{android.telephony.euicc.EuiccCardManager.RESET_OPTION_DELETE_OPERATIONAL_PROFILES, android.telephony.euicc.EuiccCardManager.RESET_OPTION_DELETE_FIELD_LOADED_TEST_PROFILES, android.telephony.euicc.EuiccCardManager.RESET_OPTION_RESET_DEFAULT_SMDP_ADDRESS}" />
      <val name="flag" val="true" />
    </annotation>
  </item>
  <item name="android.telephony.euicc.EuiccManager void getDefaultDownloadableSubscriptionList(android.app.PendingIntent)">
    <annotation name="androidx.annotation.RequiresPermission">
      <val name="value" val="&quot;android.permission.WRITE_EMBEDDED_SUBSCRIPTIONS&quot;" />
    </annotation>
  </item>
  <item name="android.telephony.euicc.EuiccManager void getDownloadableSubscriptionMetadata(android.telephony.euicc.DownloadableSubscription, android.app.PendingIntent)">
    <annotation name="androidx.annotation.RequiresPermission">
      <val name="value" val="&quot;android.permission.WRITE_EMBEDDED_SUBSCRIPTIONS&quot;" />
    </annotation>
  </item>
  <item name="android.telephony.euicc.EuiccManager void setSupportedCountries(java.util.List&lt;java.lang.String&gt;)">
    <annotation name="androidx.annotation.RequiresPermission">
      <val name="value" val="&quot;android.permission.WRITE_EMBEDDED_SUBSCRIPTIONS&quot;" />
    </annotation>
  </item>
  <item name="android.telephony.euicc.EuiccManager void setUnsupportedCountries(java.util.List&lt;java.lang.String&gt;)">
    <annotation name="androidx.annotation.RequiresPermission">
      <val name="value" val="&quot;android.permission.WRITE_EMBEDDED_SUBSCRIPTIONS&quot;" />
    </annotation>
  </item>
  <item name="android.telephony.euicc.EuiccManager void switchToSubscription(int, android.app.PendingIntent)">
    <annotation name="androidx.annotation.RequiresPermission">
      <val name="value" val="&quot;android.permission.WRITE_EMBEDDED_SUBSCRIPTIONS&quot;" />
    </annotation>
  </item>
  <item name="android.telephony.euicc.EuiccManager void switchToSubscription(int, int, android.app.PendingIntent)">
    <annotation name="androidx.annotation.RequiresPermission">
      <val name="value" val="&quot;android.permission.WRITE_EMBEDDED_SUBSCRIPTIONS&quot;" />
    </annotation>
  </item>
  <item name="android.telephony.euicc.EuiccManager void updateSubscriptionNickname(int, java.lang.String, android.app.PendingIntent)">
    <annotation name="androidx.annotation.RequiresPermission">
      <val name="value" val="&quot;android.permission.WRITE_EMBEDDED_SUBSCRIPTIONS&quot;" />
    </annotation>
  </item>
  <item name="android.telephony.euicc.EuiccNotification ALL_EVENTS">
    <annotation name="androidx.annotation.IntDef">
      <val name="value" val="{android.telephony.euicc.EuiccNotification.EVENT_INSTALL, android.telephony.euicc.EuiccNotification.EVENT_ENABLE, android.telephony.euicc.EuiccNotification.EVENT_DISABLE, android.telephony.euicc.EuiccNotification.EVENT_DELETE}" />
      <val name="flag" val="true" />
    </annotation>
  </item>
  <item name="android.telephony.euicc.EuiccNotification EuiccNotification(int, java.lang.String, int, byte[]) 2">
    <annotation name="androidx.annotation.IntDef">
      <val name="value" val="{android.telephony.euicc.EuiccNotification.EVENT_INSTALL, android.telephony.euicc.EuiccNotification.EVENT_ENABLE, android.telephony.euicc.EuiccNotification.EVENT_DISABLE, android.telephony.euicc.EuiccNotification.EVENT_DELETE}" />
      <val name="flag" val="true" />
    </annotation>
  </item>
  <item name="android.telephony.euicc.EuiccNotification int getEvent()">
    <annotation name="androidx.annotation.IntDef">
      <val name="value" val="{android.telephony.euicc.EuiccNotification.EVENT_INSTALL, android.telephony.euicc.EuiccNotification.EVENT_ENABLE, android.telephony.euicc.EuiccNotification.EVENT_DISABLE, android.telephony.euicc.EuiccNotification.EVENT_DELETE}" />
      <val name="flag" val="true" />
    </annotation>
  </item>
  <item name="android.telephony.euicc.EuiccRulesAuthTable boolean hasPolicyRuleFlag(int, int) 1">
    <annotation name="androidx.annotation.IntDef">
      <val name="value" val="{android.telephony.euicc.EuiccRulesAuthTable.POLICY_RULE_FLAG_CONSENT_REQUIRED}" />
      <val name="flag" val="true" />
    </annotation>
  </item>
  <item name="android.telephony.euicc.EuiccRulesAuthTable int findIndex(int, android.service.carrier.CarrierIdentifier) 0">
    <annotation name="androidx.annotation.IntDef">
      <val name="value" val="{android.service.euicc.EuiccProfileInfo.POLICY_RULE_DO_NOT_DISABLE, android.service.euicc.EuiccProfileInfo.POLICY_RULE_DO_NOT_DELETE, android.service.euicc.EuiccProfileInfo.POLICY_RULE_DELETE_AFTER_DISABLING}" />
      <val name="flag" val="true" />
    </annotation>
  </item>
</root>

