<?xml version="1.0" encoding="UTF-8"?>
<root>
  <item name="android.nfc.cardemulation.CardEmulation android.content.ComponentName getPreferredPaymentService(android.content.Context)">
    <annotation name="androidx.annotation.RequiresPermission">
      <val name="value" val="&quot;android.permission.NFC_PREFERRED_PAYMENT_INFO&quot;" />
    </annotation>
  </item>
  <item name="android.nfc.cardemulation.CardEmulation boolean setOffHostForService(android.content.ComponentName, java.lang.String)">
    <annotation name="androidx.annotation.RequiresPermission">
      <val name="value" val="&quot;android.permission.NFC&quot;" />
    </annotation>
  </item>
  <item name="android.nfc.cardemulation.CardEmulation boolean unsetOffHostForService(android.content.ComponentName)">
    <annotation name="androidx.annotation.RequiresPermission">
      <val name="value" val="&quot;android.permission.NFC&quot;" />
    </annotation>
  </item>
  <item name="android.nfc.cardemulation.CardEmulation java.lang.CharSequence getDescriptionForPreferredPaymentService()">
    <annotation name="androidx.annotation.RequiresPermission">
      <val name="value" val="&quot;android.permission.NFC_PREFERRED_PAYMENT_INFO&quot;" />
    </annotation>
  </item>
  <item name="android.nfc.cardemulation.CardEmulation java.lang.String getRouteDestinationForPreferredPaymentService()">
    <annotation name="androidx.annotation.RequiresPermission">
      <val name="value" val="&quot;android.permission.NFC_PREFERRED_PAYMENT_INFO&quot;" />
    </annotation>
  </item>
  <item name="android.nfc.cardemulation.CardEmulation java.util.List&lt;java.lang.String&gt; getAidsForPreferredPaymentService()">
    <annotation name="androidx.annotation.RequiresPermission">
      <val name="value" val="&quot;android.permission.NFC_PREFERRED_PAYMENT_INFO&quot;" />
    </annotation>
  </item>
  <item name="android.nfc.cardemulation.PollingFrame int getType()">
    <annotation name="androidx.annotation.IntDef">
      <val name="value" val="{android.nfc.cardemulation.PollingFrame.POLLING_LOOP_TYPE_A, android.nfc.cardemulation.PollingFrame.POLLING_LOOP_TYPE_B, android.nfc.cardemulation.PollingFrame.POLLING_LOOP_TYPE_F, android.nfc.cardemulation.PollingFrame.POLLING_LOOP_TYPE_OFF, android.nfc.cardemulation.PollingFrame.POLLING_LOOP_TYPE_ON, android.nfc.cardemulation.PollingFrame.POLLING_LOOP_TYPE_UNKNOWN}" />
    </annotation>
  </item>
</root>

