<?xml version="1.0" encoding="UTF-8"?>
<root>
  <item name="android.content.pm.dex.ArtManager boolean isRuntimeProfilingEnabled(int)">
    <annotation name="androidx.annotation.RequiresPermission">
      <val name="allOf" val="{&quot;android.permission.READ_RUNTIME_PROFILES&quot;, &quot;android.permission.PACKAGE_USAGE_STATS&quot;}" />
    </annotation>
  </item>
  <item name="android.content.pm.dex.ArtManager boolean isRuntimeProfilingEnabled(int) 0">
    <annotation name="androidx.annotation.IntDef">
      <val name="value" val="{android.content.pm.dex.ArtManager.PROFILE_APPS, android.content.pm.dex.ArtManager.PROFILE_BOOT_IMAGE}" />
      <val name="flag" val="true" />
    </annotation>
  </item>
  <item name="android.content.pm.dex.ArtManager void snapshotRuntimeProfile(int, java.lang.String, java.lang.String, java.util.concurrent.Executor, android.content.pm.dex.ArtManager.SnapshotRuntimeProfileCallback)">
    <annotation name="androidx.annotation.RequiresPermission">
      <val name="allOf" val="{&quot;android.permission.READ_RUNTIME_PROFILES&quot;, &quot;android.permission.PACKAGE_USAGE_STATS&quot;}" />
    </annotation>
  </item>
  <item name="android.content.pm.dex.ArtManager void snapshotRuntimeProfile(int, java.lang.String, java.lang.String, java.util.concurrent.Executor, android.content.pm.dex.ArtManager.SnapshotRuntimeProfileCallback) 0">
    <annotation name="androidx.annotation.IntDef">
      <val name="value" val="{android.content.pm.dex.ArtManager.PROFILE_APPS, android.content.pm.dex.ArtManager.PROFILE_BOOT_IMAGE}" />
      <val name="flag" val="true" />
    </annotation>
  </item>
</root>

