<?xml version="1.0" encoding="UTF-8"?>
<root>
  <item name="android.service.settings.suggestions.Suggestion int getFlags()">
    <annotation name="androidx.annotation.IntDef">
      <val name="value" val="{android.service.settings.suggestions.Suggestion.FLAG_HAS_BUTTON}" />
      <val name="flag" val="true" />
    </annotation>
  </item>
  <item name="android.service.settings.suggestions.Suggestion.Builder android.service.settings.suggestions.Suggestion.Builder setFlags(int) 0">
    <annotation name="androidx.annotation.IntDef">
      <val name="value" val="{android.service.settings.suggestions.Suggestion.FLAG_HAS_BUTTON}" />
      <val name="flag" val="true" />
    </annotation>
  </item>
</root>

