<?xml version="1.0" encoding="UTF-8"?>
<root>
  <item name="android.app.usage.BroadcastResponseStats BroadcastResponseStats(java.lang.String, long) 1">
    <annotation name="androidx.annotation.IntRange">
      <val name="from" val="1" />
    </annotation>
  </item>
  <item name="android.app.usage.BroadcastResponseStats int describeContents()">
    <annotation name="androidx.annotation.IntDef">
      <val name="value" val="{android.os.Parcelable.CONTENTS_FILE_DESCRIPTOR}" />
      <val name="flag" val="true" />
    </annotation>
  </item>
  <item name="android.app.usage.BroadcastResponseStats int getBroadcastsDispatchedCount()">
    <annotation name="androidx.annotation.IntRange">
      <val name="from" val="0" />
    </annotation>
  </item>
  <item name="android.app.usage.BroadcastResponseStats int getNotificationsCancelledCount()">
    <annotation name="androidx.annotation.IntRange">
      <val name="from" val="0" />
    </annotation>
  </item>
  <item name="android.app.usage.BroadcastResponseStats int getNotificationsPostedCount()">
    <annotation name="androidx.annotation.IntRange">
      <val name="from" val="0" />
    </annotation>
  </item>
  <item name="android.app.usage.BroadcastResponseStats int getNotificationsUpdatedCount()">
    <annotation name="androidx.annotation.IntRange">
      <val name="from" val="0" />
    </annotation>
  </item>
  <item name="android.app.usage.BroadcastResponseStats long getId()">
    <annotation name="androidx.annotation.IntRange">
      <val name="from" val="1" />
    </annotation>
  </item>
  <item name="android.app.usage.BroadcastResponseStats void writeToParcel(android.os.Parcel, int) 1">
    <annotation name="androidx.annotation.IntDef">
      <val name="value" val="{android.os.Parcelable.PARCELABLE_WRITE_RETURN_VALUE}" />
      <val name="flag" val="true" />
    </annotation>
  </item>
  <item name="android.app.usage.StorageStatsManager android.app.usage.ExternalStorageStats queryExternalStatsForUser(java.util.UUID, android.os.UserHandle)">
    <annotation name="androidx.annotation.WorkerThread"/>
  </item>
  <item name="android.app.usage.StorageStatsManager android.app.usage.StorageStats queryStatsForPackage(java.util.UUID, java.lang.String, android.os.UserHandle)">
    <annotation name="androidx.annotation.WorkerThread"/>
  </item>
  <item name="android.app.usage.StorageStatsManager android.app.usage.StorageStats queryStatsForUid(java.util.UUID, int)">
    <annotation name="androidx.annotation.WorkerThread"/>
  </item>
  <item name="android.app.usage.StorageStatsManager android.app.usage.StorageStats queryStatsForUser(java.util.UUID, android.os.UserHandle)">
    <annotation name="androidx.annotation.WorkerThread"/>
  </item>
  <item name="android.app.usage.StorageStatsManager long getFreeBytes(java.util.UUID)">
    <annotation name="androidx.annotation.WorkerThread"/>
  </item>
  <item name="android.app.usage.StorageStatsManager long getTotalBytes(java.util.UUID)">
    <annotation name="androidx.annotation.WorkerThread"/>
  </item>
  <item name="android.app.usage.UsageStatsManager int getAppStandbyBucket()">
    <annotation name="androidx.annotation.IntDef">
      <val name="value" val="{android.app.usage.UsageStatsManager.STANDBY_BUCKET_EXEMPTED, android.app.usage.UsageStatsManager.STANDBY_BUCKET_ACTIVE, android.app.usage.UsageStatsManager.STANDBY_BUCKET_WORKING_SET, android.app.usage.UsageStatsManager.STANDBY_BUCKET_FREQUENT, android.app.usage.UsageStatsManager.STANDBY_BUCKET_RARE, android.app.usage.UsageStatsManager.STANDBY_BUCKET_RESTRICTED, android.app.usage.UsageStatsManager.STANDBY_BUCKET_NEVER}" />
      <val name="flag" val="false" />
    </annotation>
  </item>
  <item name="android.app.usage.UsageStatsManager int getAppStandbyBucket(java.lang.String)">
    <annotation name="androidx.annotation.RequiresPermission">
      <val name="value" val="&quot;android.permission.PACKAGE_USAGE_STATS&quot;" />
    </annotation>
    <annotation name="androidx.annotation.IntDef">
      <val name="value" val="{android.app.usage.UsageStatsManager.STANDBY_BUCKET_EXEMPTED, android.app.usage.UsageStatsManager.STANDBY_BUCKET_ACTIVE, android.app.usage.UsageStatsManager.STANDBY_BUCKET_WORKING_SET, android.app.usage.UsageStatsManager.STANDBY_BUCKET_FREQUENT, android.app.usage.UsageStatsManager.STANDBY_BUCKET_RARE, android.app.usage.UsageStatsManager.STANDBY_BUCKET_RESTRICTED, android.app.usage.UsageStatsManager.STANDBY_BUCKET_NEVER}" />
      <val name="flag" val="false" />
    </annotation>
  </item>
  <item name="android.app.usage.UsageStatsManager int getUsageSource()">
    <annotation name="androidx.annotation.IntDef">
      <val name="value" val="{android.app.usage.UsageStatsManager.USAGE_SOURCE_TASK_ROOT_ACTIVITY, android.app.usage.UsageStatsManager.USAGE_SOURCE_CURRENT_ACTIVITY}" />
    </annotation>
  </item>
  <item name="android.app.usage.UsageStatsManager java.util.List&lt;android.app.usage.BroadcastResponseStats&gt; queryBroadcastResponseStats(java.lang.String, long)">
    <annotation name="androidx.annotation.RequiresPermission">
      <val name="value" val="&quot;android.permission.ACCESS_BROADCAST_RESPONSE_STATS&quot;" />
    </annotation>
  </item>
  <item name="android.app.usage.UsageStatsManager java.util.List&lt;android.app.usage.BroadcastResponseStats&gt; queryBroadcastResponseStats(java.lang.String, long) 1">
    <annotation name="androidx.annotation.IntRange">
      <val name="from" val="0" />
    </annotation>
  </item>
  <item name="android.app.usage.UsageStatsManager java.util.Map&lt;java.lang.String,java.lang.Integer&gt; getAppStandbyBuckets()">
    <annotation name="androidx.annotation.RequiresPermission">
      <val name="value" val="&quot;android.permission.PACKAGE_USAGE_STATS&quot;" />
    </annotation>
  </item>
  <item name="android.app.usage.UsageStatsManager long getLastTimeAnyComponentUsed(java.lang.String)">
    <annotation name="androidx.annotation.RequiresPermission">
      <val name="allOf" val="{&quot;android.permission.INTERACT_ACROSS_USERS&quot;, &quot;android.permission.PACKAGE_USAGE_STATS&quot;}" />
    </annotation>
  </item>
  <item name="android.app.usage.UsageStatsManager void clearBroadcastResponseStats(java.lang.String, long)">
    <annotation name="androidx.annotation.RequiresPermission">
      <val name="value" val="&quot;android.permission.ACCESS_BROADCAST_RESPONSE_STATS&quot;" />
    </annotation>
  </item>
  <item name="android.app.usage.UsageStatsManager void clearBroadcastResponseStats(java.lang.String, long) 1">
    <annotation name="androidx.annotation.IntRange">
      <val name="from" val="0" />
    </annotation>
  </item>
  <item name="android.app.usage.UsageStatsManager void onCarrierPrivilegedAppsChanged()">
    <annotation name="androidx.annotation.RequiresPermission">
      <val name="value" val="&quot;android.permission.BIND_CARRIER_SERVICES&quot;" />
    </annotation>
  </item>
  <item name="android.app.usage.UsageStatsManager void registerAppUsageLimitObserver(int, java.lang.String[], java.time.Duration, java.time.Duration, android.app.PendingIntent)">
    <annotation name="androidx.annotation.RequiresPermission">
      <val name="allOf" val="{&quot;android.permission.SUSPEND_APPS&quot;, &quot;android.permission.OBSERVE_APP_USAGE&quot;}" />
    </annotation>
  </item>
  <item name="android.app.usage.UsageStatsManager void registerAppUsageObserver(int, java.lang.String[], long, java.util.concurrent.TimeUnit, android.app.PendingIntent)">
    <annotation name="androidx.annotation.RequiresPermission">
      <val name="value" val="&quot;android.permission.OBSERVE_APP_USAGE&quot;" />
    </annotation>
  </item>
  <item name="android.app.usage.UsageStatsManager void registerUsageSessionObserver(int, java.lang.String[], java.time.Duration, java.time.Duration, android.app.PendingIntent, android.app.PendingIntent)">
    <annotation name="androidx.annotation.RequiresPermission">
      <val name="value" val="&quot;android.permission.OBSERVE_APP_USAGE&quot;" />
    </annotation>
  </item>
  <item name="android.app.usage.UsageStatsManager void setAppStandbyBucket(java.lang.String, int)">
    <annotation name="androidx.annotation.RequiresPermission">
      <val name="value" val="&quot;android.permission.CHANGE_APP_IDLE_STATE&quot;" />
    </annotation>
  </item>
  <item name="android.app.usage.UsageStatsManager void setAppStandbyBucket(java.lang.String, int) 1">
    <annotation name="androidx.annotation.IntDef">
      <val name="value" val="{android.app.usage.UsageStatsManager.STANDBY_BUCKET_EXEMPTED, android.app.usage.UsageStatsManager.STANDBY_BUCKET_ACTIVE, android.app.usage.UsageStatsManager.STANDBY_BUCKET_WORKING_SET, android.app.usage.UsageStatsManager.STANDBY_BUCKET_FREQUENT, android.app.usage.UsageStatsManager.STANDBY_BUCKET_RARE, android.app.usage.UsageStatsManager.STANDBY_BUCKET_RESTRICTED, android.app.usage.UsageStatsManager.STANDBY_BUCKET_NEVER}" />
      <val name="flag" val="false" />
    </annotation>
  </item>
  <item name="android.app.usage.UsageStatsManager void setAppStandbyBuckets(java.util.Map&lt;java.lang.String,java.lang.Integer&gt;)">
    <annotation name="androidx.annotation.RequiresPermission">
      <val name="value" val="&quot;android.permission.CHANGE_APP_IDLE_STATE&quot;" />
    </annotation>
  </item>
  <item name="android.app.usage.UsageStatsManager void setEstimatedLaunchTimeMillis(java.lang.String, long)">
    <annotation name="androidx.annotation.RequiresPermission">
      <val name="value" val="&quot;android.permission.CHANGE_APP_LAUNCH_TIME_ESTIMATE&quot;" />
    </annotation>
  </item>
  <item name="android.app.usage.UsageStatsManager void setEstimatedLaunchTimesMillis(java.util.Map&lt;java.lang.String,java.lang.Long&gt;)">
    <annotation name="androidx.annotation.RequiresPermission">
      <val name="value" val="&quot;android.permission.CHANGE_APP_LAUNCH_TIME_ESTIMATE&quot;" />
    </annotation>
  </item>
  <item name="android.app.usage.UsageStatsManager void unregisterAppUsageLimitObserver(int)">
    <annotation name="androidx.annotation.RequiresPermission">
      <val name="allOf" val="{&quot;android.permission.SUSPEND_APPS&quot;, &quot;android.permission.OBSERVE_APP_USAGE&quot;}" />
    </annotation>
  </item>
  <item name="android.app.usage.UsageStatsManager void unregisterAppUsageObserver(int)">
    <annotation name="androidx.annotation.RequiresPermission">
      <val name="value" val="&quot;android.permission.OBSERVE_APP_USAGE&quot;" />
    </annotation>
  </item>
  <item name="android.app.usage.UsageStatsManager void unregisterUsageSessionObserver(int)">
    <annotation name="androidx.annotation.RequiresPermission">
      <val name="value" val="&quot;android.permission.OBSERVE_APP_USAGE&quot;" />
    </annotation>
  </item>
  <item name="android.app.usage.UsageStatsManager void whitelistAppTemporarily(java.lang.String, long, android.os.UserHandle)">
    <annotation name="androidx.annotation.RequiresPermission">
      <val name="value" val="&quot;android.permission.CHANGE_DEVICE_IDLE_TEMP_WHITELIST&quot;" />
    </annotation>
  </item>
</root>

