<?xml version="1.0" encoding="UTF-8"?>
<root>
  <item name="android.service.timezone.TimeZoneProviderStatus DEPENDENCY_STATUS_BLOCKED_BY_ENVIRONMENT">
    <annotation name="androidx.annotation.IntDef">
      <val name="value" val="{android.service.timezone.TimeZoneProviderStatus.DEPENDENCY_STATUS_NOT_APPLICABLE, android.service.timezone.TimeZoneProviderStatus.DEPENDENCY_STATUS_OK, android.service.timezone.TimeZoneProviderStatus.DEPENDENCY_STATUS_TEMPORARILY_UNAVAILABLE, android.service.timezone.TimeZoneProviderStatus.DEPENDENCY_STATUS_BLOCKED_BY_ENVIRONMENT, android.service.timezone.TimeZoneProviderStatus.DEPENDENCY_STATUS_DEGRADED_BY_SETTINGS, android.service.timezone.TimeZoneProviderStatus.DEPENDENCY_STATUS_BLOCKED_BY_SETTINGS}" />
    </annotation>
  </item>
  <item name="android.service.timezone.TimeZoneProviderStatus DEPENDENCY_STATUS_BLOCKED_BY_SETTINGS">
    <annotation name="androidx.annotation.IntDef">
      <val name="value" val="{android.service.timezone.TimeZoneProviderStatus.DEPENDENCY_STATUS_NOT_APPLICABLE, android.service.timezone.TimeZoneProviderStatus.DEPENDENCY_STATUS_OK, android.service.timezone.TimeZoneProviderStatus.DEPENDENCY_STATUS_TEMPORARILY_UNAVAILABLE, android.service.timezone.TimeZoneProviderStatus.DEPENDENCY_STATUS_BLOCKED_BY_ENVIRONMENT, android.service.timezone.TimeZoneProviderStatus.DEPENDENCY_STATUS_DEGRADED_BY_SETTINGS, android.service.timezone.TimeZoneProviderStatus.DEPENDENCY_STATUS_BLOCKED_BY_SETTINGS}" />
    </annotation>
  </item>
  <item name="android.service.timezone.TimeZoneProviderStatus DEPENDENCY_STATUS_DEGRADED_BY_SETTINGS">
    <annotation name="androidx.annotation.IntDef">
      <val name="value" val="{android.service.timezone.TimeZoneProviderStatus.DEPENDENCY_STATUS_NOT_APPLICABLE, android.service.timezone.TimeZoneProviderStatus.DEPENDENCY_STATUS_OK, android.service.timezone.TimeZoneProviderStatus.DEPENDENCY_STATUS_TEMPORARILY_UNAVAILABLE, android.service.timezone.TimeZoneProviderStatus.DEPENDENCY_STATUS_BLOCKED_BY_ENVIRONMENT, android.service.timezone.TimeZoneProviderStatus.DEPENDENCY_STATUS_DEGRADED_BY_SETTINGS, android.service.timezone.TimeZoneProviderStatus.DEPENDENCY_STATUS_BLOCKED_BY_SETTINGS}" />
    </annotation>
  </item>
  <item name="android.service.timezone.TimeZoneProviderStatus DEPENDENCY_STATUS_NOT_APPLICABLE">
    <annotation name="androidx.annotation.IntDef">
      <val name="value" val="{android.service.timezone.TimeZoneProviderStatus.DEPENDENCY_STATUS_NOT_APPLICABLE, android.service.timezone.TimeZoneProviderStatus.DEPENDENCY_STATUS_OK, android.service.timezone.TimeZoneProviderStatus.DEPENDENCY_STATUS_TEMPORARILY_UNAVAILABLE, android.service.timezone.TimeZoneProviderStatus.DEPENDENCY_STATUS_BLOCKED_BY_ENVIRONMENT, android.service.timezone.TimeZoneProviderStatus.DEPENDENCY_STATUS_DEGRADED_BY_SETTINGS, android.service.timezone.TimeZoneProviderStatus.DEPENDENCY_STATUS_BLOCKED_BY_SETTINGS}" />
    </annotation>
  </item>
  <item name="android.service.timezone.TimeZoneProviderStatus DEPENDENCY_STATUS_OK">
    <annotation name="androidx.annotation.IntDef">
      <val name="value" val="{android.service.timezone.TimeZoneProviderStatus.DEPENDENCY_STATUS_NOT_APPLICABLE, android.service.timezone.TimeZoneProviderStatus.DEPENDENCY_STATUS_OK, android.service.timezone.TimeZoneProviderStatus.DEPENDENCY_STATUS_TEMPORARILY_UNAVAILABLE, android.service.timezone.TimeZoneProviderStatus.DEPENDENCY_STATUS_BLOCKED_BY_ENVIRONMENT, android.service.timezone.TimeZoneProviderStatus.DEPENDENCY_STATUS_DEGRADED_BY_SETTINGS, android.service.timezone.TimeZoneProviderStatus.DEPENDENCY_STATUS_BLOCKED_BY_SETTINGS}" />
    </annotation>
  </item>
  <item name="android.service.timezone.TimeZoneProviderStatus DEPENDENCY_STATUS_TEMPORARILY_UNAVAILABLE">
    <annotation name="androidx.annotation.IntDef">
      <val name="value" val="{android.service.timezone.TimeZoneProviderStatus.DEPENDENCY_STATUS_NOT_APPLICABLE, android.service.timezone.TimeZoneProviderStatus.DEPENDENCY_STATUS_OK, android.service.timezone.TimeZoneProviderStatus.DEPENDENCY_STATUS_TEMPORARILY_UNAVAILABLE, android.service.timezone.TimeZoneProviderStatus.DEPENDENCY_STATUS_BLOCKED_BY_ENVIRONMENT, android.service.timezone.TimeZoneProviderStatus.DEPENDENCY_STATUS_DEGRADED_BY_SETTINGS, android.service.timezone.TimeZoneProviderStatus.DEPENDENCY_STATUS_BLOCKED_BY_SETTINGS}" />
    </annotation>
  </item>
  <item name="android.service.timezone.TimeZoneProviderStatus OPERATION_STATUS_FAILED">
    <annotation name="androidx.annotation.IntDef">
      <val name="value" val="{android.service.timezone.TimeZoneProviderStatus.OPERATION_STATUS_NOT_APPLICABLE, android.service.timezone.TimeZoneProviderStatus.OPERATION_STATUS_OK, android.service.timezone.TimeZoneProviderStatus.OPERATION_STATUS_FAILED}" />
    </annotation>
  </item>
  <item name="android.service.timezone.TimeZoneProviderStatus OPERATION_STATUS_NOT_APPLICABLE">
    <annotation name="androidx.annotation.IntDef">
      <val name="value" val="{android.service.timezone.TimeZoneProviderStatus.OPERATION_STATUS_NOT_APPLICABLE, android.service.timezone.TimeZoneProviderStatus.OPERATION_STATUS_OK, android.service.timezone.TimeZoneProviderStatus.OPERATION_STATUS_FAILED}" />
    </annotation>
  </item>
  <item name="android.service.timezone.TimeZoneProviderStatus OPERATION_STATUS_OK">
    <annotation name="androidx.annotation.IntDef">
      <val name="value" val="{android.service.timezone.TimeZoneProviderStatus.OPERATION_STATUS_NOT_APPLICABLE, android.service.timezone.TimeZoneProviderStatus.OPERATION_STATUS_OK, android.service.timezone.TimeZoneProviderStatus.OPERATION_STATUS_FAILED}" />
    </annotation>
  </item>
  <item name="android.service.timezone.TimeZoneProviderStatus int getConnectivityDependencyStatus()">
    <annotation name="androidx.annotation.IntDef">
      <val name="value" val="{android.service.timezone.TimeZoneProviderStatus.DEPENDENCY_STATUS_NOT_APPLICABLE, android.service.timezone.TimeZoneProviderStatus.DEPENDENCY_STATUS_OK, android.service.timezone.TimeZoneProviderStatus.DEPENDENCY_STATUS_TEMPORARILY_UNAVAILABLE, android.service.timezone.TimeZoneProviderStatus.DEPENDENCY_STATUS_BLOCKED_BY_ENVIRONMENT, android.service.timezone.TimeZoneProviderStatus.DEPENDENCY_STATUS_DEGRADED_BY_SETTINGS, android.service.timezone.TimeZoneProviderStatus.DEPENDENCY_STATUS_BLOCKED_BY_SETTINGS}" />
    </annotation>
  </item>
  <item name="android.service.timezone.TimeZoneProviderStatus int getLocationDetectionDependencyStatus()">
    <annotation name="androidx.annotation.IntDef">
      <val name="value" val="{android.service.timezone.TimeZoneProviderStatus.DEPENDENCY_STATUS_NOT_APPLICABLE, android.service.timezone.TimeZoneProviderStatus.DEPENDENCY_STATUS_OK, android.service.timezone.TimeZoneProviderStatus.DEPENDENCY_STATUS_TEMPORARILY_UNAVAILABLE, android.service.timezone.TimeZoneProviderStatus.DEPENDENCY_STATUS_BLOCKED_BY_ENVIRONMENT, android.service.timezone.TimeZoneProviderStatus.DEPENDENCY_STATUS_DEGRADED_BY_SETTINGS, android.service.timezone.TimeZoneProviderStatus.DEPENDENCY_STATUS_BLOCKED_BY_SETTINGS}" />
    </annotation>
  </item>
  <item name="android.service.timezone.TimeZoneProviderStatus int getTimeZoneResolutionOperationStatus()">
    <annotation name="androidx.annotation.IntDef">
      <val name="value" val="{android.service.timezone.TimeZoneProviderStatus.OPERATION_STATUS_NOT_APPLICABLE, android.service.timezone.TimeZoneProviderStatus.OPERATION_STATUS_OK, android.service.timezone.TimeZoneProviderStatus.OPERATION_STATUS_FAILED}" />
    </annotation>
  </item>
  <item name="android.service.timezone.TimeZoneProviderStatus.Builder android.service.timezone.TimeZoneProviderStatus.Builder setConnectivityDependencyStatus(int) 0">
    <annotation name="androidx.annotation.IntDef">
      <val name="value" val="{android.service.timezone.TimeZoneProviderStatus.DEPENDENCY_STATUS_NOT_APPLICABLE, android.service.timezone.TimeZoneProviderStatus.DEPENDENCY_STATUS_OK, android.service.timezone.TimeZoneProviderStatus.DEPENDENCY_STATUS_TEMPORARILY_UNAVAILABLE, android.service.timezone.TimeZoneProviderStatus.DEPENDENCY_STATUS_BLOCKED_BY_ENVIRONMENT, android.service.timezone.TimeZoneProviderStatus.DEPENDENCY_STATUS_DEGRADED_BY_SETTINGS, android.service.timezone.TimeZoneProviderStatus.DEPENDENCY_STATUS_BLOCKED_BY_SETTINGS}" />
    </annotation>
  </item>
  <item name="android.service.timezone.TimeZoneProviderStatus.Builder android.service.timezone.TimeZoneProviderStatus.Builder setLocationDetectionDependencyStatus(int) 0">
    <annotation name="androidx.annotation.IntDef">
      <val name="value" val="{android.service.timezone.TimeZoneProviderStatus.DEPENDENCY_STATUS_NOT_APPLICABLE, android.service.timezone.TimeZoneProviderStatus.DEPENDENCY_STATUS_OK, android.service.timezone.TimeZoneProviderStatus.DEPENDENCY_STATUS_TEMPORARILY_UNAVAILABLE, android.service.timezone.TimeZoneProviderStatus.DEPENDENCY_STATUS_BLOCKED_BY_ENVIRONMENT, android.service.timezone.TimeZoneProviderStatus.DEPENDENCY_STATUS_DEGRADED_BY_SETTINGS, android.service.timezone.TimeZoneProviderStatus.DEPENDENCY_STATUS_BLOCKED_BY_SETTINGS}" />
    </annotation>
  </item>
  <item name="android.service.timezone.TimeZoneProviderStatus.Builder android.service.timezone.TimeZoneProviderStatus.Builder setTimeZoneResolutionOperationStatus(int) 0">
    <annotation name="androidx.annotation.IntDef">
      <val name="value" val="{android.service.timezone.TimeZoneProviderStatus.OPERATION_STATUS_NOT_APPLICABLE, android.service.timezone.TimeZoneProviderStatus.OPERATION_STATUS_OK, android.service.timezone.TimeZoneProviderStatus.OPERATION_STATUS_FAILED}" />
    </annotation>
  </item>
</root>

