<?xml version="1.0" encoding="UTF-8"?>
<root>
  <item name="android.media.tv.AdBuffer AdBuffer(int, java.lang.String, android.os.SharedMemory, int, int, long, int) 6">
    <annotation name="androidx.annotation.IntDef">
      <val name="value" val="{android.media.MediaCodec.BUFFER_FLAG_SYNC_FRAME, android.media.MediaCodec.BUFFER_FLAG_KEY_FRAME, android.media.MediaCodec.BUFFER_FLAG_CODEC_CONFIG, android.media.MediaCodec.BUFFER_FLAG_END_OF_STREAM, android.media.MediaCodec.BUFFER_FLAG_PARTIAL_FRAME, android.media.MediaCodec.BUFFER_FLAG_DECODE_ONLY}" />
      <val name="flag" val="true" />
    </annotation>
  </item>
  <item name="android.media.tv.AdBuffer int getFlags()">
    <annotation name="androidx.annotation.IntDef">
      <val name="value" val="{android.media.MediaCodec.BUFFER_FLAG_SYNC_FRAME, android.media.MediaCodec.BUFFER_FLAG_KEY_FRAME, android.media.MediaCodec.BUFFER_FLAG_CODEC_CONFIG, android.media.MediaCodec.BUFFER_FLAG_END_OF_STREAM, android.media.MediaCodec.BUFFER_FLAG_PARTIAL_FRAME, android.media.MediaCodec.BUFFER_FLAG_DECODE_ONLY}" />
      <val name="flag" val="true" />
    </annotation>
  </item>
  <item name="android.media.tv.AdRequest AdRequest(int, int, android.net.Uri, long, long, long, android.os.Bundle) 1">
    <annotation name="androidx.annotation.IntDef">
      <val name="value" val="{android.media.tv.AdRequest.REQUEST_TYPE_START, android.media.tv.AdRequest.REQUEST_TYPE_STOP}" />
    </annotation>
  </item>
  <item name="android.media.tv.AdRequest AdRequest(int, int, android.os.ParcelFileDescriptor, long, long, long, java.lang.String, android.os.Bundle) 1">
    <annotation name="androidx.annotation.IntDef">
      <val name="value" val="{android.media.tv.AdRequest.REQUEST_TYPE_START, android.media.tv.AdRequest.REQUEST_TYPE_STOP}" />
    </annotation>
  </item>
  <item name="android.media.tv.AdRequest int getRequestType()">
    <annotation name="androidx.annotation.IntDef">
      <val name="value" val="{android.media.tv.AdRequest.REQUEST_TYPE_START, android.media.tv.AdRequest.REQUEST_TYPE_STOP}" />
    </annotation>
  </item>
  <item name="android.media.tv.AdResponse AdResponse(int, int, long) 1">
    <annotation name="androidx.annotation.IntDef">
      <val name="value" val="{android.media.tv.AdResponse.RESPONSE_TYPE_PLAYING, android.media.tv.AdResponse.RESPONSE_TYPE_FINISHED, android.media.tv.AdResponse.RESPONSE_TYPE_STOPPED, android.media.tv.AdResponse.RESPONSE_TYPE_ERROR, android.media.tv.AdResponse.RESPONSE_TYPE_BUFFERING}" />
    </annotation>
  </item>
  <item name="android.media.tv.AdResponse int getResponseType()">
    <annotation name="androidx.annotation.IntDef">
      <val name="value" val="{android.media.tv.AdResponse.RESPONSE_TYPE_PLAYING, android.media.tv.AdResponse.RESPONSE_TYPE_FINISHED, android.media.tv.AdResponse.RESPONSE_TYPE_STOPPED, android.media.tv.AdResponse.RESPONSE_TYPE_ERROR, android.media.tv.AdResponse.RESPONSE_TYPE_BUFFERING}" />
    </annotation>
  </item>
  <item name="android.media.tv.AitInfo AitInfo(int, int) 0">
    <annotation name="androidx.annotation.IntDef">
      <val name="value" val="{android.media.tv.interactive.TvInteractiveAppServiceInfo.INTERACTIVE_APP_TYPE_HBBTV, android.media.tv.interactive.TvInteractiveAppServiceInfo.INTERACTIVE_APP_TYPE_ATSC, android.media.tv.interactive.TvInteractiveAppServiceInfo.INTERACTIVE_APP_TYPE_GINGA, android.media.tv.interactive.TvInteractiveAppServiceInfo.INTERACTIVE_APP_TYPE_TARGETED_AD, android.media.tv.interactive.TvInteractiveAppServiceInfo.INTERACTIVE_APP_TYPE_OTHER}" />
    </annotation>
  </item>
  <item name="android.media.tv.AitInfo int getType()">
    <annotation name="androidx.annotation.IntDef">
      <val name="value" val="{android.media.tv.interactive.TvInteractiveAppServiceInfo.INTERACTIVE_APP_TYPE_HBBTV, android.media.tv.interactive.TvInteractiveAppServiceInfo.INTERACTIVE_APP_TYPE_ATSC, android.media.tv.interactive.TvInteractiveAppServiceInfo.INTERACTIVE_APP_TYPE_GINGA, android.media.tv.interactive.TvInteractiveAppServiceInfo.INTERACTIVE_APP_TYPE_TARGETED_AD, android.media.tv.interactive.TvInteractiveAppServiceInfo.INTERACTIVE_APP_TYPE_OTHER}" />
    </annotation>
  </item>
  <item name="android.media.tv.BroadcastInfoRequest int getOption()">
    <annotation name="androidx.annotation.IntDef">
      <val name="value" val="{android.media.tv.BroadcastInfoRequest.REQUEST_OPTION_REPEAT, android.media.tv.BroadcastInfoRequest.REQUEST_OPTION_AUTO_UPDATE}" />
    </annotation>
  </item>
  <item name="android.media.tv.BroadcastInfoRequest int getType()">
    <annotation name="androidx.annotation.IntDef">
      <val name="value" val="{android.media.tv.TvInputManager.BROADCAST_INFO_TYPE_TS, android.media.tv.TvInputManager.BROADCAST_INFO_TYPE_TABLE, android.media.tv.TvInputManager.BROADCAST_INFO_TYPE_SECTION, android.media.tv.TvInputManager.BROADCAST_INFO_TYPE_PES, android.media.tv.TvInputManager.BROADCAST_INFO_STREAM_EVENT, android.media.tv.TvInputManager.BROADCAST_INFO_TYPE_DSMCC, android.media.tv.TvInputManager.BROADCAST_INFO_TYPE_COMMAND, android.media.tv.TvInputManager.BROADCAST_INFO_TYPE_TIMELINE}" />
    </annotation>
  </item>
  <item name="android.media.tv.BroadcastInfoResponse int getResponseResult()">
    <annotation name="androidx.annotation.IntDef">
      <val name="value" val="{android.media.tv.BroadcastInfoResponse.RESPONSE_RESULT_ERROR, android.media.tv.BroadcastInfoResponse.RESPONSE_RESULT_OK, android.media.tv.BroadcastInfoResponse.RESPONSE_RESULT_CANCEL}" />
    </annotation>
  </item>
  <item name="android.media.tv.BroadcastInfoResponse int getType()">
    <annotation name="androidx.annotation.IntDef">
      <val name="value" val="{android.media.tv.TvInputManager.BROADCAST_INFO_TYPE_TS, android.media.tv.TvInputManager.BROADCAST_INFO_TYPE_TABLE, android.media.tv.TvInputManager.BROADCAST_INFO_TYPE_SECTION, android.media.tv.TvInputManager.BROADCAST_INFO_TYPE_PES, android.media.tv.TvInputManager.BROADCAST_INFO_STREAM_EVENT, android.media.tv.TvInputManager.BROADCAST_INFO_TYPE_DSMCC, android.media.tv.TvInputManager.BROADCAST_INFO_TYPE_COMMAND, android.media.tv.TvInputManager.BROADCAST_INFO_TYPE_TIMELINE}" />
    </annotation>
  </item>
  <item name="android.media.tv.CommandRequest CommandRequest(int, int, java.lang.String, java.lang.String, java.lang.String, java.lang.String) 1">
    <annotation name="androidx.annotation.IntDef">
      <val name="value" val="{android.media.tv.BroadcastInfoRequest.REQUEST_OPTION_REPEAT, android.media.tv.BroadcastInfoRequest.REQUEST_OPTION_AUTO_UPDATE}" />
    </annotation>
  </item>
  <item name="android.media.tv.CommandResponse CommandResponse(int, int, int, java.lang.String, java.lang.String) 2">
    <annotation name="androidx.annotation.IntDef">
      <val name="value" val="{android.media.tv.BroadcastInfoResponse.RESPONSE_RESULT_ERROR, android.media.tv.BroadcastInfoResponse.RESPONSE_RESULT_OK, android.media.tv.BroadcastInfoResponse.RESPONSE_RESULT_CANCEL}" />
    </annotation>
  </item>
  <item name="android.media.tv.DsmccRequest DsmccRequest(int, int, android.net.Uri) 1">
    <annotation name="androidx.annotation.IntDef">
      <val name="value" val="{android.media.tv.BroadcastInfoRequest.REQUEST_OPTION_REPEAT, android.media.tv.BroadcastInfoRequest.REQUEST_OPTION_AUTO_UPDATE}" />
    </annotation>
  </item>
  <item name="android.media.tv.DsmccResponse DsmccResponse(int, int, int, android.os.ParcelFileDescriptor) 2">
    <annotation name="androidx.annotation.IntDef">
      <val name="value" val="{android.media.tv.BroadcastInfoResponse.RESPONSE_RESULT_ERROR, android.media.tv.BroadcastInfoResponse.RESPONSE_RESULT_OK, android.media.tv.BroadcastInfoResponse.RESPONSE_RESULT_CANCEL}" />
    </annotation>
  </item>
  <item name="android.media.tv.DsmccResponse DsmccResponse(int, int, int, boolean, java.util.List&lt;java.lang.String&gt;) 2">
    <annotation name="androidx.annotation.IntDef">
      <val name="value" val="{android.media.tv.BroadcastInfoResponse.RESPONSE_RESULT_ERROR, android.media.tv.BroadcastInfoResponse.RESPONSE_RESULT_OK, android.media.tv.BroadcastInfoResponse.RESPONSE_RESULT_CANCEL}" />
    </annotation>
  </item>
  <item name="android.media.tv.DsmccResponse DsmccResponse(int, int, int, int[], java.lang.String[]) 2">
    <annotation name="androidx.annotation.IntDef">
      <val name="value" val="{android.media.tv.BroadcastInfoResponse.RESPONSE_RESULT_ERROR, android.media.tv.BroadcastInfoResponse.RESPONSE_RESULT_OK, android.media.tv.BroadcastInfoResponse.RESPONSE_RESULT_CANCEL}" />
    </annotation>
  </item>
  <item name="android.media.tv.DsmccResponse java.lang.String getBiopMessageType()">
    <annotation name="androidx.annotation.StringDef">
      <val name="value" val="{android.media.tv.DsmccResponse.BIOP_MESSAGE_TYPE_DIRECTORY, android.media.tv.DsmccResponse.BIOP_MESSAGE_TYPE_FILE, android.media.tv.DsmccResponse.BIOP_MESSAGE_TYPE_STREAM, android.media.tv.DsmccResponse.BIOP_MESSAGE_TYPE_SERVICE_GATEWAY}" />
    </annotation>
  </item>
  <item name="android.media.tv.DvbDeviceInfo int getAdapterId()">
    <annotation name="androidx.annotation.IntRange">
      <val name="from" val="0" />
    </annotation>
  </item>
  <item name="android.media.tv.DvbDeviceInfo int getDeviceId()">
    <annotation name="androidx.annotation.IntRange">
      <val name="from" val="0" />
    </annotation>
  </item>
  <item name="android.media.tv.PesRequest PesRequest(int, int, int, int) 1">
    <annotation name="androidx.annotation.IntDef">
      <val name="value" val="{android.media.tv.BroadcastInfoRequest.REQUEST_OPTION_REPEAT, android.media.tv.BroadcastInfoRequest.REQUEST_OPTION_AUTO_UPDATE}" />
    </annotation>
  </item>
  <item name="android.media.tv.PesResponse PesResponse(int, int, int, java.lang.String) 2">
    <annotation name="androidx.annotation.IntDef">
      <val name="value" val="{android.media.tv.BroadcastInfoResponse.RESPONSE_RESULT_ERROR, android.media.tv.BroadcastInfoResponse.RESPONSE_RESULT_OK, android.media.tv.BroadcastInfoResponse.RESPONSE_RESULT_CANCEL}" />
    </annotation>
  </item>
  <item name="android.media.tv.SectionRequest SectionRequest(int, int, int, int, int) 1">
    <annotation name="androidx.annotation.IntDef">
      <val name="value" val="{android.media.tv.BroadcastInfoRequest.REQUEST_OPTION_REPEAT, android.media.tv.BroadcastInfoRequest.REQUEST_OPTION_AUTO_UPDATE}" />
    </annotation>
  </item>
  <item name="android.media.tv.SectionResponse SectionResponse(int, int, int, int, int, android.os.Bundle) 2">
    <annotation name="androidx.annotation.IntDef">
      <val name="value" val="{android.media.tv.BroadcastInfoResponse.RESPONSE_RESULT_ERROR, android.media.tv.BroadcastInfoResponse.RESPONSE_RESULT_OK, android.media.tv.BroadcastInfoResponse.RESPONSE_RESULT_CANCEL}" />
    </annotation>
  </item>
  <item name="android.media.tv.StreamEventRequest StreamEventRequest(int, int, android.net.Uri, java.lang.String) 1">
    <annotation name="androidx.annotation.IntDef">
      <val name="value" val="{android.media.tv.BroadcastInfoRequest.REQUEST_OPTION_REPEAT, android.media.tv.BroadcastInfoRequest.REQUEST_OPTION_AUTO_UPDATE}" />
    </annotation>
  </item>
  <item name="android.media.tv.StreamEventResponse StreamEventResponse(int, int, int, int, long, byte[]) 2">
    <annotation name="androidx.annotation.IntDef">
      <val name="value" val="{android.media.tv.BroadcastInfoResponse.RESPONSE_RESULT_ERROR, android.media.tv.BroadcastInfoResponse.RESPONSE_RESULT_OK, android.media.tv.BroadcastInfoResponse.RESPONSE_RESULT_CANCEL}" />
    </annotation>
  </item>
  <item name="android.media.tv.TableRequest TableRequest(int, int, int, int, int) 1">
    <annotation name="androidx.annotation.IntDef">
      <val name="value" val="{android.media.tv.BroadcastInfoRequest.REQUEST_OPTION_REPEAT, android.media.tv.BroadcastInfoRequest.REQUEST_OPTION_AUTO_UPDATE}" />
    </annotation>
  </item>
  <item name="android.media.tv.TableRequest TableRequest(int, int, int, int, int) 3">
    <annotation name="androidx.annotation.IntDef">
      <val name="value" val="{android.media.tv.TableRequest.TABLE_NAME_PAT, android.media.tv.TableRequest.TABLE_NAME_PMT, android.media.tv.TableRequest.TABLE_NAME_CAT, android.media.tv.TableRequest.TABLE_NAME_NIT, android.media.tv.TableRequest.TABLE_NAME_BAT, android.media.tv.TableRequest.TABLE_NAME_SDT, android.media.tv.TableRequest.TABLE_NAME_EIT, android.media.tv.TableRequest.TABLE_NAME_TDT, android.media.tv.TableRequest.TABLE_NAME_TOT, android.media.tv.TableRequest.TABLE_NAME_SIT}" />
    </annotation>
  </item>
  <item name="android.media.tv.TableRequest int getTableName()">
    <annotation name="androidx.annotation.IntDef">
      <val name="value" val="{android.media.tv.TableRequest.TABLE_NAME_PAT, android.media.tv.TableRequest.TABLE_NAME_PMT, android.media.tv.TableRequest.TABLE_NAME_CAT, android.media.tv.TableRequest.TABLE_NAME_NIT, android.media.tv.TableRequest.TABLE_NAME_BAT, android.media.tv.TableRequest.TABLE_NAME_SDT, android.media.tv.TableRequest.TABLE_NAME_EIT, android.media.tv.TableRequest.TABLE_NAME_TDT, android.media.tv.TableRequest.TABLE_NAME_TOT, android.media.tv.TableRequest.TABLE_NAME_SIT}" />
    </annotation>
  </item>
  <item name="android.media.tv.TableResponse TableResponse(int, int, int, android.net.Uri, int, int) 2">
    <annotation name="androidx.annotation.IntDef">
      <val name="value" val="{android.media.tv.BroadcastInfoResponse.RESPONSE_RESULT_ERROR, android.media.tv.BroadcastInfoResponse.RESPONSE_RESULT_OK, android.media.tv.BroadcastInfoResponse.RESPONSE_RESULT_CANCEL}" />
    </annotation>
  </item>
  <item name="android.media.tv.TableResponse.Builder Builder(int, int, int, int, int) 2">
    <annotation name="androidx.annotation.IntDef">
      <val name="value" val="{android.media.tv.BroadcastInfoResponse.RESPONSE_RESULT_ERROR, android.media.tv.BroadcastInfoResponse.RESPONSE_RESULT_OK, android.media.tv.BroadcastInfoResponse.RESPONSE_RESULT_CANCEL}" />
    </annotation>
  </item>
  <item name="android.media.tv.TimelineRequest TimelineRequest(int, int, int) 1">
    <annotation name="androidx.annotation.IntDef">
      <val name="value" val="{android.media.tv.BroadcastInfoRequest.REQUEST_OPTION_REPEAT, android.media.tv.BroadcastInfoRequest.REQUEST_OPTION_AUTO_UPDATE}" />
    </annotation>
  </item>
  <item name="android.media.tv.TimelineRequest TimelineRequest(int, int, int, java.lang.String) 1">
    <annotation name="androidx.annotation.IntDef">
      <val name="value" val="{android.media.tv.BroadcastInfoRequest.REQUEST_OPTION_REPEAT, android.media.tv.BroadcastInfoRequest.REQUEST_OPTION_AUTO_UPDATE}" />
    </annotation>
  </item>
  <item name="android.media.tv.TimelineResponse TimelineResponse(int, int, int, java.lang.String, int, int, long, long) 2">
    <annotation name="androidx.annotation.IntDef">
      <val name="value" val="{android.media.tv.BroadcastInfoResponse.RESPONSE_RESULT_ERROR, android.media.tv.BroadcastInfoResponse.RESPONSE_RESULT_OK, android.media.tv.BroadcastInfoResponse.RESPONSE_RESULT_CANCEL}" />
    </annotation>
  </item>
  <item name="android.media.tv.TsRequest TsRequest(int, int, int) 1">
    <annotation name="androidx.annotation.IntDef">
      <val name="value" val="{android.media.tv.BroadcastInfoRequest.REQUEST_OPTION_REPEAT, android.media.tv.BroadcastInfoRequest.REQUEST_OPTION_AUTO_UPDATE}" />
    </annotation>
  </item>
  <item name="android.media.tv.TsResponse TsResponse(int, int, int, java.lang.String) 2">
    <annotation name="androidx.annotation.IntDef">
      <val name="value" val="{android.media.tv.BroadcastInfoResponse.RESPONSE_RESULT_ERROR, android.media.tv.BroadcastInfoResponse.RESPONSE_RESULT_OK, android.media.tv.BroadcastInfoResponse.RESPONSE_RESULT_CANCEL}" />
    </annotation>
  </item>
  <item name="android.media.tv.TunedInfo int getAppType()">
    <annotation name="androidx.annotation.IntDef">
      <val name="value" val="{android.media.tv.TunedInfo.APP_TYPE_SELF, android.media.tv.TunedInfo.APP_TYPE_SYSTEM, android.media.tv.TunedInfo.APP_TYPE_NON_SYSTEM}" />
    </annotation>
  </item>
  <item name="android.media.tv.TvContract.Channels java.lang.String getVideoResolution(java.lang.String) 0">
    <annotation name="androidx.annotation.StringDef">
      <val name="value" val="{android.media.tv.TvContract.Channels.VIDEO_FORMAT_240P, android.media.tv.TvContract.Channels.VIDEO_FORMAT_360P, android.media.tv.TvContract.Channels.VIDEO_FORMAT_480I, android.media.tv.TvContract.Channels.VIDEO_FORMAT_576I, android.media.tv.TvContract.Channels.VIDEO_FORMAT_576P, android.media.tv.TvContract.Channels.VIDEO_FORMAT_720P, android.media.tv.TvContract.Channels.VIDEO_FORMAT_1080I, android.media.tv.TvContract.Channels.VIDEO_FORMAT_1080P, android.media.tv.TvContract.Channels.VIDEO_FORMAT_2160P, android.media.tv.TvContract.Channels.VIDEO_FORMAT_4320P}" />
    </annotation>
  </item>
  <item name="android.media.tv.TvContract.Programs.Genres java.lang.String encode(java.lang.String...) 0">
    <annotation name="androidx.annotation.StringDef">
      <val name="value" val="{android.media.tv.TvContract.Programs.Genres.FAMILY_KIDS, android.media.tv.TvContract.Programs.Genres.SPORTS, android.media.tv.TvContract.Programs.Genres.SHOPPING, android.media.tv.TvContract.Programs.Genres.MOVIES, android.media.tv.TvContract.Programs.Genres.COMEDY, android.media.tv.TvContract.Programs.Genres.TRAVEL, android.media.tv.TvContract.Programs.Genres.DRAMA, android.media.tv.TvContract.Programs.Genres.EDUCATION, android.media.tv.TvContract.Programs.Genres.ANIMAL_WILDLIFE, android.media.tv.TvContract.Programs.Genres.NEWS, android.media.tv.TvContract.Programs.Genres.GAMING, android.media.tv.TvContract.Programs.Genres.ARTS, android.media.tv.TvContract.Programs.Genres.ENTERTAINMENT, android.media.tv.TvContract.Programs.Genres.LIFE_STYLE, android.media.tv.TvContract.Programs.Genres.MUSIC, android.media.tv.TvContract.Programs.Genres.PREMIER, android.media.tv.TvContract.Programs.Genres.TECH_SCIENCE}" />
    </annotation>
  </item>
  <item name="android.media.tv.TvContract.Programs.Genres java.lang.String[] decode(java.lang.String)">
    <annotation name="androidx.annotation.StringDef">
      <val name="value" val="{android.media.tv.TvContract.Programs.Genres.FAMILY_KIDS, android.media.tv.TvContract.Programs.Genres.SPORTS, android.media.tv.TvContract.Programs.Genres.SHOPPING, android.media.tv.TvContract.Programs.Genres.MOVIES, android.media.tv.TvContract.Programs.Genres.COMEDY, android.media.tv.TvContract.Programs.Genres.TRAVEL, android.media.tv.TvContract.Programs.Genres.DRAMA, android.media.tv.TvContract.Programs.Genres.EDUCATION, android.media.tv.TvContract.Programs.Genres.ANIMAL_WILDLIFE, android.media.tv.TvContract.Programs.Genres.NEWS, android.media.tv.TvContract.Programs.Genres.GAMING, android.media.tv.TvContract.Programs.Genres.ARTS, android.media.tv.TvContract.Programs.Genres.ENTERTAINMENT, android.media.tv.TvContract.Programs.Genres.LIFE_STYLE, android.media.tv.TvContract.Programs.Genres.MUSIC, android.media.tv.TvContract.Programs.Genres.PREMIER, android.media.tv.TvContract.Programs.Genres.TECH_SCIENCE}" />
    </annotation>
  </item>
  <item name="android.media.tv.TvInputHardwareInfo int getCableConnectionStatus()">
    <annotation name="androidx.annotation.IntDef">
      <val name="value" val="{android.media.tv.TvInputHardwareInfo.CABLE_CONNECTION_STATUS_UNKNOWN, android.media.tv.TvInputHardwareInfo.CABLE_CONNECTION_STATUS_CONNECTED, android.media.tv.TvInputHardwareInfo.CABLE_CONNECTION_STATUS_DISCONNECTED}" />
    </annotation>
  </item>
  <item name="android.media.tv.TvInputHardwareInfo.Builder android.media.tv.TvInputHardwareInfo.Builder cableConnectionStatus(int) 0">
    <annotation name="androidx.annotation.IntDef">
      <val name="value" val="{android.media.tv.TvInputHardwareInfo.CABLE_CONNECTION_STATUS_UNKNOWN, android.media.tv.TvInputHardwareInfo.CABLE_CONNECTION_STATUS_CONNECTED, android.media.tv.TvInputHardwareInfo.CABLE_CONNECTION_STATUS_DISCONNECTED}" />
    </annotation>
  </item>
  <item name="android.media.tv.TvInputInfo int getType()">
    <annotation name="androidx.annotation.IntDef">
      <val name="value" val="{android.media.tv.TvInputInfo.TYPE_TUNER, android.media.tv.TvInputInfo.TYPE_OTHER, android.media.tv.TvInputInfo.TYPE_COMPOSITE, android.media.tv.TvInputInfo.TYPE_SVIDEO, android.media.tv.TvInputInfo.TYPE_SCART, android.media.tv.TvInputInfo.TYPE_COMPONENT, android.media.tv.TvInputInfo.TYPE_VGA, android.media.tv.TvInputInfo.TYPE_DVI, android.media.tv.TvInputInfo.TYPE_HDMI, android.media.tv.TvInputInfo.TYPE_DISPLAY_PORT}" />
    </annotation>
  </item>
  <item name="android.media.tv.TvInputInfo.Builder android.media.tv.TvInputInfo.Builder setLabel(int) 0">
    <annotation name="androidx.annotation.StringRes"/>
  </item>
  <item name="android.media.tv.TvInputManager android.media.tv.TvInputManager.Hardware acquireTvInputHardware(int, android.media.tv.TvInputInfo, android.media.tv.TvInputManager.HardwareCallback)">
    <annotation name="androidx.annotation.RequiresPermission">
      <val name="value" val="&quot;android.permission.TV_INPUT_HARDWARE&quot;" />
    </annotation>
  </item>
  <item name="android.media.tv.TvInputManager android.media.tv.TvInputManager.Hardware acquireTvInputHardware(int, android.media.tv.TvInputInfo, java.lang.String, int, java.util.concurrent.Executor, android.media.tv.TvInputManager.HardwareCallback)">
    <annotation name="androidx.annotation.RequiresPermission">
      <val name="value" val="&quot;android.permission.TV_INPUT_HARDWARE&quot;" />
    </annotation>
  </item>
  <item name="android.media.tv.TvInputManager android.media.tv.TvInputManager.Hardware acquireTvInputHardware(int, android.media.tv.TvInputInfo, java.lang.String, int, java.util.concurrent.Executor, android.media.tv.TvInputManager.HardwareCallback) 3">
    <annotation name="androidx.annotation.IntDef">
      <val name="value" val="{android.media.tv.TvInputService.PRIORITY_HINT_USE_CASE_TYPE_BACKGROUND, android.media.tv.TvInputService.PRIORITY_HINT_USE_CASE_TYPE_SCAN, android.media.tv.TvInputService.PRIORITY_HINT_USE_CASE_TYPE_PLAYBACK, android.media.tv.TvInputService.PRIORITY_HINT_USE_CASE_TYPE_LIVE, android.media.tv.TvInputService.PRIORITY_HINT_USE_CASE_TYPE_RECORD}" />
    </annotation>
  </item>
  <item name="android.media.tv.TvInputManager android.os.IBinder getExtensionInterface(java.lang.String, java.lang.String)">
    <annotation name="androidx.annotation.RequiresPermission">
      <val name="value" val="&quot;android.permission.TIS_EXTENSION_INTERFACE&quot;" />
    </annotation>
  </item>
  <item name="android.media.tv.TvInputManager android.os.ParcelFileDescriptor openDvbDevice(android.media.tv.DvbDeviceInfo, int)">
    <annotation name="androidx.annotation.RequiresPermission">
      <val name="value" val="&quot;android.permission.DVB_DEVICE&quot;" />
    </annotation>
  </item>
  <item name="android.media.tv.TvInputManager android.os.ParcelFileDescriptor openDvbDevice(android.media.tv.DvbDeviceInfo, int) 1">
  </item>
  <item name="android.media.tv.TvInputManager boolean captureFrame(java.lang.String, android.view.Surface, android.media.tv.TvStreamConfig)">
    <annotation name="androidx.annotation.RequiresPermission">
      <val name="value" val="&quot;android.permission.CAPTURE_TV_INPUT&quot;" />
    </annotation>
  </item>
  <item name="android.media.tv.TvInputManager boolean isSingleSessionActive()">
    <annotation name="androidx.annotation.RequiresPermission">
      <val name="value" val="&quot;android.permission.CAPTURE_TV_INPUT&quot;" />
    </annotation>
  </item>
  <item name="android.media.tv.TvInputManager int getClientPid(java.lang.String)">
    <annotation name="androidx.annotation.RequiresPermission">
      <val name="value" val="&quot;android.permission.TUNER_RESOURCE_ACCESS&quot;" />
    </annotation>
  </item>
  <item name="android.media.tv.TvInputManager int getClientPriority(int)">
    <annotation name="androidx.annotation.RequiresPermission">
      <val name="value" val="&quot;android.permission.TUNER_RESOURCE_ACCESS&quot;" />
    </annotation>
  </item>
  <item name="android.media.tv.TvInputManager int getClientPriority(int) 0">
    <annotation name="androidx.annotation.IntDef">
      <val name="value" val="{android.media.tv.TvInputService.PRIORITY_HINT_USE_CASE_TYPE_BACKGROUND, android.media.tv.TvInputService.PRIORITY_HINT_USE_CASE_TYPE_SCAN, android.media.tv.TvInputService.PRIORITY_HINT_USE_CASE_TYPE_PLAYBACK, android.media.tv.TvInputService.PRIORITY_HINT_USE_CASE_TYPE_LIVE, android.media.tv.TvInputService.PRIORITY_HINT_USE_CASE_TYPE_RECORD}" />
    </annotation>
  </item>
  <item name="android.media.tv.TvInputManager int getClientPriority(int, java.lang.String)">
    <annotation name="androidx.annotation.RequiresPermission">
      <val name="value" val="&quot;android.permission.TUNER_RESOURCE_ACCESS&quot;" />
    </annotation>
  </item>
  <item name="android.media.tv.TvInputManager int getClientPriority(int, java.lang.String) 0">
    <annotation name="androidx.annotation.IntDef">
      <val name="value" val="{android.media.tv.TvInputService.PRIORITY_HINT_USE_CASE_TYPE_BACKGROUND, android.media.tv.TvInputService.PRIORITY_HINT_USE_CASE_TYPE_SCAN, android.media.tv.TvInputService.PRIORITY_HINT_USE_CASE_TYPE_PLAYBACK, android.media.tv.TvInputService.PRIORITY_HINT_USE_CASE_TYPE_LIVE, android.media.tv.TvInputService.PRIORITY_HINT_USE_CASE_TYPE_RECORD}" />
    </annotation>
  </item>
  <item name="android.media.tv.TvInputManager int getInputState(java.lang.String)">
    <annotation name="androidx.annotation.IntDef">
      <val name="value" val="{android.media.tv.TvInputManager.INPUT_STATE_CONNECTED, android.media.tv.TvInputManager.INPUT_STATE_CONNECTED_STANDBY, android.media.tv.TvInputManager.INPUT_STATE_DISCONNECTED}" />
    </annotation>
  </item>
  <item name="android.media.tv.TvInputManager java.util.List&lt;android.media.tv.DvbDeviceInfo&gt; getDvbDeviceList()">
    <annotation name="androidx.annotation.RequiresPermission">
      <val name="value" val="&quot;android.permission.DVB_DEVICE&quot;" />
    </annotation>
  </item>
  <item name="android.media.tv.TvInputManager java.util.List&lt;android.media.tv.TunedInfo&gt; getCurrentTunedInfos()">
    <annotation name="androidx.annotation.RequiresPermission">
      <val name="value" val="&quot;android.permission.ACCESS_TUNED_INFO&quot;" />
    </annotation>
  </item>
  <item name="android.media.tv.TvInputManager java.util.List&lt;android.media.tv.TvContentRatingSystemInfo&gt; getTvContentRatingSystemList()">
    <annotation name="androidx.annotation.RequiresPermission">
      <val name="value" val="&quot;android.permission.READ_CONTENT_RATING_SYSTEMS&quot;" />
    </annotation>
  </item>
  <item name="android.media.tv.TvInputManager java.util.List&lt;android.media.tv.TvInputHardwareInfo&gt; getHardwareList()">
    <annotation name="androidx.annotation.RequiresPermission">
      <val name="value" val="&quot;android.permission.TV_INPUT_HARDWARE&quot;" />
    </annotation>
  </item>
  <item name="android.media.tv.TvInputManager java.util.List&lt;android.media.tv.TvStreamConfig&gt; getAvailableTvStreamConfigList(java.lang.String)">
    <annotation name="androidx.annotation.RequiresPermission">
      <val name="value" val="&quot;android.permission.CAPTURE_TV_INPUT&quot;" />
    </annotation>
  </item>
  <item name="android.media.tv.TvInputManager java.util.List&lt;java.lang.String&gt; getAvailableExtensionInterfaceNames(java.lang.String)">
    <annotation name="androidx.annotation.RequiresPermission">
      <val name="value" val="&quot;android.permission.TIS_EXTENSION_INTERFACE&quot;" />
    </annotation>
  </item>
  <item name="android.media.tv.TvInputManager void addBlockedRating(android.media.tv.TvContentRating)">
    <annotation name="androidx.annotation.RequiresPermission">
      <val name="value" val="&quot;android.permission.MODIFY_PARENTAL_CONTROLS&quot;" />
    </annotation>
  </item>
  <item name="android.media.tv.TvInputManager void notifyPreviewProgramAddedToWatchNext(java.lang.String, long, long)">
    <annotation name="androidx.annotation.RequiresPermission">
      <val name="value" val="&quot;android.permission.NOTIFY_TV_INPUTS&quot;" />
    </annotation>
  </item>
  <item name="android.media.tv.TvInputManager void notifyPreviewProgramBrowsableDisabled(java.lang.String, long)">
    <annotation name="androidx.annotation.RequiresPermission">
      <val name="value" val="&quot;android.permission.NOTIFY_TV_INPUTS&quot;" />
    </annotation>
  </item>
  <item name="android.media.tv.TvInputManager void notifyWatchNextProgramBrowsableDisabled(java.lang.String, long)">
    <annotation name="androidx.annotation.RequiresPermission">
      <val name="value" val="&quot;android.permission.NOTIFY_TV_INPUTS&quot;" />
    </annotation>
  </item>
  <item name="android.media.tv.TvInputManager void releaseTvInputHardware(int, android.media.tv.TvInputManager.Hardware)">
    <annotation name="androidx.annotation.RequiresPermission">
      <val name="value" val="&quot;android.permission.TV_INPUT_HARDWARE&quot;" />
    </annotation>
  </item>
  <item name="android.media.tv.TvInputManager void removeBlockedRating(android.media.tv.TvContentRating)">
    <annotation name="androidx.annotation.RequiresPermission">
      <val name="value" val="&quot;android.permission.MODIFY_PARENTAL_CONTROLS&quot;" />
    </annotation>
  </item>
  <item name="android.media.tv.TvInputManager void setParentalControlsEnabled(boolean)">
    <annotation name="androidx.annotation.RequiresPermission">
      <val name="value" val="&quot;android.permission.MODIFY_PARENTAL_CONTROLS&quot;" />
    </annotation>
  </item>
  <item name="android.media.tv.TvInputManager.Hardware void overrideAudioSink(android.media.AudioDeviceInfo, int, int, int) 1">
    <annotation name="androidx.annotation.IntRange">
      <val name="from" val="0" />
    </annotation>
  </item>
  <item name="android.media.tv.TvInputManager.Hardware void overrideAudioSink(android.media.AudioDeviceInfo, int, int, int) 3">
    <annotation name="androidx.annotation.IntDef">
      <val name="value" val="{android.media.AudioFormat.ENCODING_DEFAULT, android.media.AudioFormat.ENCODING_PCM_16BIT, android.media.AudioFormat.ENCODING_PCM_8BIT, android.media.AudioFormat.ENCODING_PCM_FLOAT, android.media.AudioFormat.ENCODING_AC3, android.media.AudioFormat.ENCODING_E_AC3, android.media.AudioFormat.ENCODING_DTS, android.media.AudioFormat.ENCODING_DTS_HD, android.media.AudioFormat.ENCODING_MP3, android.media.AudioFormat.ENCODING_AAC_LC, android.media.AudioFormat.ENCODING_AAC_HE_V1, android.media.AudioFormat.ENCODING_AAC_HE_V2, android.media.AudioFormat.ENCODING_IEC61937, android.media.AudioFormat.ENCODING_DOLBY_TRUEHD, android.media.AudioFormat.ENCODING_AAC_ELD, android.media.AudioFormat.ENCODING_AAC_XHE, android.media.AudioFormat.ENCODING_AC4, android.media.AudioFormat.ENCODING_E_AC3_JOC, android.media.AudioFormat.ENCODING_DOLBY_MAT, android.media.AudioFormat.ENCODING_OPUS, android.media.AudioFormat.ENCODING_PCM_24BIT_PACKED, android.media.AudioFormat.ENCODING_PCM_32BIT, android.media.AudioFormat.ENCODING_MPEGH_BL_L3, android.media.AudioFormat.ENCODING_MPEGH_BL_L4, android.media.AudioFormat.ENCODING_MPEGH_LC_L3, android.media.AudioFormat.ENCODING_MPEGH_LC_L4, android.media.AudioFormat.ENCODING_DTS_UHD_P1, android.media.AudioFormat.ENCODING_DRA, android.media.AudioFormat.ENCODING_DTS_HD_MA, android.media.AudioFormat.ENCODING_DTS_UHD_P2, android.media.AudioFormat.ENCODING_DSD}" />
      <val name="flag" val="false" />
    </annotation>
  </item>
  <item name="android.media.tv.TvInputManager.TvInputCallback void onCurrentTunedInfosUpdated(java.util.List&lt;android.media.tv.TunedInfo&gt;)">
    <annotation name="androidx.annotation.RequiresPermission">
      <val name="value" val="&quot;android.permission.ACCESS_TUNED_INFO&quot;" />
    </annotation>
  </item>
  <item name="android.media.tv.TvInputManager.TvInputCallback void onInputStateChanged(java.lang.String, int) 1">
    <annotation name="androidx.annotation.IntDef">
      <val name="value" val="{android.media.tv.TvInputManager.INPUT_STATE_CONNECTED, android.media.tv.TvInputManager.INPUT_STATE_CONNECTED_STANDBY, android.media.tv.TvInputManager.INPUT_STATE_DISCONNECTED}" />
    </annotation>
  </item>
  <item name="android.media.tv.TvInputService.RecordingSession void notifyError(int) 0">
    <annotation name="androidx.annotation.IntDef">
      <val name="value" val="{android.media.tv.TvInputManager.RECORDING_ERROR_UNKNOWN, android.media.tv.TvInputManager.RECORDING_ERROR_INSUFFICIENT_SPACE, android.media.tv.TvInputManager.RECORDING_ERROR_RESOURCE_BUSY}" />
    </annotation>
  </item>
  <item name="android.media.tv.TvInputService.Session void notifySignalStrength(int) 0">
    <annotation name="androidx.annotation.IntDef">
      <val name="value" val="{android.media.tv.TvInputManager.SIGNAL_STRENGTH_LOST, android.media.tv.TvInputManager.SIGNAL_STRENGTH_WEAK, android.media.tv.TvInputManager.SIGNAL_STRENGTH_STRONG}" />
    </annotation>
  </item>
  <item name="android.media.tv.TvInputService.Session void notifyTimeShiftMode(int) 0">
    <annotation name="androidx.annotation.IntDef">
      <val name="value" val="{android.media.tv.TvInputManager.TIME_SHIFT_MODE_OFF, android.media.tv.TvInputManager.TIME_SHIFT_MODE_LOCAL, android.media.tv.TvInputManager.TIME_SHIFT_MODE_NETWORK, android.media.tv.TvInputManager.TIME_SHIFT_MODE_AUTO}" />
      <val name="flag" val="false" />
    </annotation>
  </item>
  <item name="android.media.tv.TvInputService.Session void notifyTimeShiftStatusChanged(int) 0">
    <annotation name="androidx.annotation.IntDef">
      <val name="value" val="{android.media.tv.TvInputManager.TIME_SHIFT_STATUS_UNKNOWN, android.media.tv.TvInputManager.TIME_SHIFT_STATUS_UNSUPPORTED, android.media.tv.TvInputManager.TIME_SHIFT_STATUS_UNAVAILABLE, android.media.tv.TvInputManager.TIME_SHIFT_STATUS_AVAILABLE}" />
    </annotation>
  </item>
  <item name="android.media.tv.TvInputService.Session void notifyTvMessage(int, android.os.Bundle) 0">
    <annotation name="androidx.annotation.IntDef">
      <val name="value" val="{android.media.tv.TvInputManager.TV_MESSAGE_TYPE_WATERMARK, android.media.tv.TvInputManager.TV_MESSAGE_TYPE_CLOSED_CAPTION, android.media.tv.TvInputManager.TV_MESSAGE_TYPE_OTHER}" />
    </annotation>
  </item>
  <item name="android.media.tv.TvInputService.Session void notifyVideoUnavailable(int) 0">
    <annotation name="androidx.annotation.IntDef">
      <val name="value" val="{android.media.tv.TvInputManager.VIDEO_UNAVAILABLE_REASON_UNKNOWN, android.media.tv.TvInputManager.VIDEO_UNAVAILABLE_REASON_TUNING, android.media.tv.TvInputManager.VIDEO_UNAVAILABLE_REASON_WEAK_SIGNAL, android.media.tv.TvInputManager.VIDEO_UNAVAILABLE_REASON_BUFFERING, android.media.tv.TvInputManager.VIDEO_UNAVAILABLE_REASON_AUDIO_ONLY, android.media.tv.TvInputManager.VIDEO_UNAVAILABLE_REASON_NOT_CONNECTED, android.media.tv.TvInputManager.VIDEO_UNAVAILABLE_REASON_INSUFFICIENT_RESOURCE, android.media.tv.TvInputManager.VIDEO_UNAVAILABLE_REASON_CAS_INSUFFICIENT_OUTPUT_PROTECTION, android.media.tv.TvInputManager.VIDEO_UNAVAILABLE_REASON_CAS_PVR_RECORDING_NOT_ALLOWED, android.media.tv.TvInputManager.VIDEO_UNAVAILABLE_REASON_CAS_LICENSE_EXPIRED, android.media.tv.TvInputManager.VIDEO_UNAVAILABLE_REASON_CAS_NEED_ACTIVATION, android.media.tv.TvInputManager.VIDEO_UNAVAILABLE_REASON_CAS_NEED_PAIRING, android.media.tv.TvInputManager.VIDEO_UNAVAILABLE_REASON_CAS_NO_CARD, android.media.tv.TvInputManager.VIDEO_UNAVAILABLE_REASON_CAS_CARD_MUTE, android.media.tv.TvInputManager.VIDEO_UNAVAILABLE_REASON_CAS_CARD_INVALID, android.media.tv.TvInputManager.VIDEO_UNAVAILABLE_REASON_CAS_BLACKOUT, android.media.tv.TvInputManager.VIDEO_UNAVAILABLE_REASON_CAS_REBOOTING, android.media.tv.TvInputManager.VIDEO_UNAVAILABLE_REASON_CAS_UNKNOWN}" />
    </annotation>
  </item>
  <item name="android.media.tv.TvInputService.Session void onSetStreamVolume(float) 0">
    <annotation name="androidx.annotation.FloatRange">
      <val name="from" val="0.0" />
      <val name="to" val="1.0" />
    </annotation>
  </item>
  <item name="android.media.tv.TvInputService.Session void onSetTvMessageEnabled(int, boolean) 0">
    <annotation name="androidx.annotation.IntDef">
      <val name="value" val="{android.media.tv.TvInputManager.TV_MESSAGE_TYPE_WATERMARK, android.media.tv.TvInputManager.TV_MESSAGE_TYPE_CLOSED_CAPTION, android.media.tv.TvInputManager.TV_MESSAGE_TYPE_OTHER}" />
    </annotation>
  </item>
  <item name="android.media.tv.TvInputService.Session void onTimeShiftSetMode(int) 0">
    <annotation name="androidx.annotation.IntDef">
      <val name="value" val="{android.media.tv.TvInputManager.TIME_SHIFT_MODE_OFF, android.media.tv.TvInputManager.TIME_SHIFT_MODE_LOCAL, android.media.tv.TvInputManager.TIME_SHIFT_MODE_NETWORK, android.media.tv.TvInputManager.TIME_SHIFT_MODE_AUTO}" />
      <val name="flag" val="false" />
    </annotation>
  </item>
  <item name="android.media.tv.TvInputService.Session void onTvMessage(int, android.os.Bundle) 0">
    <annotation name="androidx.annotation.IntDef">
      <val name="value" val="{android.media.tv.TvInputManager.TV_MESSAGE_TYPE_WATERMARK, android.media.tv.TvInputManager.TV_MESSAGE_TYPE_CLOSED_CAPTION, android.media.tv.TvInputManager.TV_MESSAGE_TYPE_OTHER}" />
    </annotation>
  </item>
  <item name="android.media.tv.TvRecordingClient.RecordingCallback void onError(int) 0">
    <annotation name="androidx.annotation.IntDef">
      <val name="value" val="{android.media.tv.TvInputManager.RECORDING_ERROR_UNKNOWN, android.media.tv.TvInputManager.RECORDING_ERROR_INSUFFICIENT_SPACE, android.media.tv.TvInputManager.RECORDING_ERROR_RESOURCE_BUSY}" />
    </annotation>
  </item>
  <item name="android.media.tv.TvRecordingInfo int getRepeatDays()">
    <annotation name="androidx.annotation.IntDef">
      <val name="value" val="{android.media.tv.TvRecordingInfo.SUNDAY, android.media.tv.TvRecordingInfo.MONDAY, android.media.tv.TvRecordingInfo.TUESDAY, android.media.tv.TvRecordingInfo.WEDNESDAY, android.media.tv.TvRecordingInfo.THURSDAY, android.media.tv.TvRecordingInfo.FRIDAY, android.media.tv.TvRecordingInfo.SATURDAY}" />
      <val name="flag" val="true" />
    </annotation>
  </item>
  <item name="android.media.tv.TvRecordingInfo long getRecordingDurationMillis()">
    <annotation name="androidx.annotation.IntRange">
      <val name="from" val="-1" />
    </annotation>
  </item>
  <item name="android.media.tv.TvRecordingInfo long getRecordingStartTimeMillis()">
    <annotation name="androidx.annotation.IntRange">
      <val name="from" val="-1" />
    </annotation>
  </item>
  <item name="android.media.tv.TvRecordingInfo long getScheduledDurationMillis()">
    <annotation name="androidx.annotation.IntRange">
      <val name="from" val="0" />
    </annotation>
  </item>
  <item name="android.media.tv.TvRecordingInfo long getScheduledStartTimeMillis()">
    <annotation name="androidx.annotation.IntRange">
      <val name="from" val="0" />
    </annotation>
  </item>
  <item name="android.media.tv.TvTrackInfo int getType()">
    <annotation name="androidx.annotation.IntDef">
      <val name="value" val="{android.media.tv.TvTrackInfo.TYPE_AUDIO, android.media.tv.TvTrackInfo.TYPE_VIDEO, android.media.tv.TvTrackInfo.TYPE_SUBTITLE}" />
    </annotation>
  </item>
  <item name="android.media.tv.TvTrackInfo.Builder Builder(int, java.lang.String) 0">
    <annotation name="androidx.annotation.IntDef">
      <val name="value" val="{android.media.tv.TvTrackInfo.TYPE_AUDIO, android.media.tv.TvTrackInfo.TYPE_VIDEO, android.media.tv.TvTrackInfo.TYPE_SUBTITLE}" />
    </annotation>
  </item>
  <item name="android.media.tv.TvView void setMain()">
    <annotation name="androidx.annotation.RequiresPermission">
      <val name="value" val="&quot;android.permission.CHANGE_HDMI_CEC_ACTIVE_SOURCE&quot;" />
    </annotation>
  </item>
  <item name="android.media.tv.TvView void setStreamVolume(float) 0">
    <annotation name="androidx.annotation.FloatRange">
      <val name="from" val="0.0" />
      <val name="to" val="1.0" />
    </annotation>
  </item>
  <item name="android.media.tv.TvView void setTvMessageEnabled(int, boolean) 0">
    <annotation name="androidx.annotation.IntDef">
      <val name="value" val="{android.media.tv.TvInputManager.TV_MESSAGE_TYPE_WATERMARK, android.media.tv.TvInputManager.TV_MESSAGE_TYPE_CLOSED_CAPTION, android.media.tv.TvInputManager.TV_MESSAGE_TYPE_OTHER}" />
    </annotation>
  </item>
  <item name="android.media.tv.TvView void timeShiftSetMode(int) 0">
    <annotation name="androidx.annotation.IntDef">
      <val name="value" val="{android.media.tv.TvInputManager.TIME_SHIFT_MODE_OFF, android.media.tv.TvInputManager.TIME_SHIFT_MODE_LOCAL, android.media.tv.TvInputManager.TIME_SHIFT_MODE_NETWORK, android.media.tv.TvInputManager.TIME_SHIFT_MODE_AUTO}" />
      <val name="flag" val="false" />
    </annotation>
  </item>
  <item name="android.media.tv.TvView void unblockContent(android.media.tv.TvContentRating)">
    <annotation name="androidx.annotation.RequiresPermission">
      <val name="value" val="&quot;android.permission.MODIFY_PARENTAL_CONTROLS&quot;" />
    </annotation>
  </item>
  <item name="android.media.tv.TvView.TvInputCallback void onSignalStrengthUpdated(java.lang.String, int) 1">
    <annotation name="androidx.annotation.IntDef">
      <val name="value" val="{android.media.tv.TvInputManager.SIGNAL_STRENGTH_LOST, android.media.tv.TvInputManager.SIGNAL_STRENGTH_WEAK, android.media.tv.TvInputManager.SIGNAL_STRENGTH_STRONG}" />
    </annotation>
  </item>
  <item name="android.media.tv.TvView.TvInputCallback void onTimeShiftMode(java.lang.String, int) 1">
    <annotation name="androidx.annotation.IntDef">
      <val name="value" val="{android.media.tv.TvInputManager.TIME_SHIFT_MODE_OFF, android.media.tv.TvInputManager.TIME_SHIFT_MODE_LOCAL, android.media.tv.TvInputManager.TIME_SHIFT_MODE_NETWORK, android.media.tv.TvInputManager.TIME_SHIFT_MODE_AUTO}" />
      <val name="flag" val="false" />
    </annotation>
  </item>
  <item name="android.media.tv.TvView.TvInputCallback void onTimeShiftStatusChanged(java.lang.String, int) 1">
    <annotation name="androidx.annotation.IntDef">
      <val name="value" val="{android.media.tv.TvInputManager.TIME_SHIFT_STATUS_UNKNOWN, android.media.tv.TvInputManager.TIME_SHIFT_STATUS_UNSUPPORTED, android.media.tv.TvInputManager.TIME_SHIFT_STATUS_UNAVAILABLE, android.media.tv.TvInputManager.TIME_SHIFT_STATUS_AVAILABLE}" />
    </annotation>
  </item>
  <item name="android.media.tv.TvView.TvInputCallback void onTvMessage(java.lang.String, int, android.os.Bundle) 1">
    <annotation name="androidx.annotation.IntDef">
      <val name="value" val="{android.media.tv.TvInputManager.TV_MESSAGE_TYPE_WATERMARK, android.media.tv.TvInputManager.TV_MESSAGE_TYPE_CLOSED_CAPTION, android.media.tv.TvInputManager.TV_MESSAGE_TYPE_OTHER}" />
    </annotation>
  </item>
  <item name="android.media.tv.TvView.TvInputCallback void onVideoUnavailable(java.lang.String, int) 1">
    <annotation name="androidx.annotation.IntDef">
      <val name="value" val="{android.media.tv.TvInputManager.VIDEO_UNAVAILABLE_REASON_UNKNOWN, android.media.tv.TvInputManager.VIDEO_UNAVAILABLE_REASON_TUNING, android.media.tv.TvInputManager.VIDEO_UNAVAILABLE_REASON_WEAK_SIGNAL, android.media.tv.TvInputManager.VIDEO_UNAVAILABLE_REASON_BUFFERING, android.media.tv.TvInputManager.VIDEO_UNAVAILABLE_REASON_AUDIO_ONLY, android.media.tv.TvInputManager.VIDEO_UNAVAILABLE_REASON_NOT_CONNECTED, android.media.tv.TvInputManager.VIDEO_UNAVAILABLE_REASON_INSUFFICIENT_RESOURCE, android.media.tv.TvInputManager.VIDEO_UNAVAILABLE_REASON_CAS_INSUFFICIENT_OUTPUT_PROTECTION, android.media.tv.TvInputManager.VIDEO_UNAVAILABLE_REASON_CAS_PVR_RECORDING_NOT_ALLOWED, android.media.tv.TvInputManager.VIDEO_UNAVAILABLE_REASON_CAS_LICENSE_EXPIRED, android.media.tv.TvInputManager.VIDEO_UNAVAILABLE_REASON_CAS_NEED_ACTIVATION, android.media.tv.TvInputManager.VIDEO_UNAVAILABLE_REASON_CAS_NEED_PAIRING, android.media.tv.TvInputManager.VIDEO_UNAVAILABLE_REASON_CAS_NO_CARD, android.media.tv.TvInputManager.VIDEO_UNAVAILABLE_REASON_CAS_CARD_MUTE, android.media.tv.TvInputManager.VIDEO_UNAVAILABLE_REASON_CAS_CARD_INVALID, android.media.tv.TvInputManager.VIDEO_UNAVAILABLE_REASON_CAS_BLACKOUT, android.media.tv.TvInputManager.VIDEO_UNAVAILABLE_REASON_CAS_REBOOTING, android.media.tv.TvInputManager.VIDEO_UNAVAILABLE_REASON_CAS_UNKNOWN}" />
    </annotation>
  </item>
</root>

