<?xml version="1.0" encoding="UTF-8"?>
<root>
  <item name="android.media.audiopolicy.AudioMix.Builder android.media.audiopolicy.AudioMix.Builder setRouteFlags(int) 0">
    <annotation name="androidx.annotation.IntDef">
      <val name="value" val="{android.media.audiopolicy.AudioMix.ROUTE_FLAG_RENDER, android.media.audiopolicy.AudioMix.ROUTE_FLAG_LOOP_BACK}" />
      <val name="flag" val="true" />
    </annotation>
  </item>
  <item name="android.media.audiopolicy.AudioMixingRule int getTargetMixRole()">
    <annotation name="androidx.annotation.IntDef">
      <val name="value" val="{android.media.audiopolicy.AudioMixingRule.MIX_ROLE_PLAYERS, android.media.audiopolicy.AudioMixingRule.MIX_ROLE_INJECTOR}" />
    </annotation>
  </item>
  <item name="android.media.audiopolicy.AudioMixingRule.Builder android.media.audiopolicy.AudioMixingRule.Builder setTargetMixRole(int) 0">
    <annotation name="androidx.annotation.IntDef">
      <val name="value" val="{android.media.audiopolicy.AudioMixingRule.MIX_ROLE_PLAYERS, android.media.audiopolicy.AudioMixingRule.MIX_ROLE_INJECTOR}" />
    </annotation>
  </item>
  <item name="android.media.audiopolicy.AudioPolicy android.media.FadeManagerConfiguration getFadeManagerConfigurationForFocusLoss()">
    <annotation name="androidx.annotation.RequiresPermission">
      <val name="value" val="&quot;android.permission.MODIFY_AUDIO_SETTINGS_PRIVILEGED&quot;" />
    </annotation>
  </item>
  <item name="android.media.audiopolicy.AudioPolicy boolean sendFocusLoss(android.media.AudioFocusInfo)">
    <annotation name="androidx.annotation.RequiresPermission">
      <val name="value" val="&quot;android.permission.MODIFY_AUDIO_ROUTING&quot;" />
    </annotation>
  </item>
  <item name="android.media.audiopolicy.AudioPolicy int clearFadeManagerConfigurationForFocusLoss()">
    <annotation name="androidx.annotation.RequiresPermission">
      <val name="value" val="&quot;android.permission.MODIFY_AUDIO_SETTINGS_PRIVILEGED&quot;" />
    </annotation>
  </item>
  <item name="android.media.audiopolicy.AudioPolicy int setFadeManagerConfigurationForFocusLoss(android.media.FadeManagerConfiguration)">
    <annotation name="androidx.annotation.RequiresPermission">
      <val name="value" val="&quot;android.permission.MODIFY_AUDIO_SETTINGS_PRIVILEGED&quot;" />
    </annotation>
  </item>
  <item name="android.media.audiopolicy.AudioPolicy int updateMixingRules(java.util.List&lt;android.util.Pair&lt;android.media.audiopolicy.AudioMix,android.media.audiopolicy.AudioMixingRule&gt;&gt;)">
    <annotation name="androidx.annotation.RequiresPermission">
      <val name="value" val="&quot;android.permission.MODIFY_AUDIO_ROUTING&quot;" />
    </annotation>
  </item>
  <item name="android.media.audiopolicy.AudioPolicy java.util.List&lt;android.media.AudioFocusInfo&gt; getFocusStack()">
    <annotation name="androidx.annotation.RequiresPermission">
      <val name="value" val="&quot;android.permission.MODIFY_AUDIO_ROUTING&quot;" />
    </annotation>
  </item>
  <item name="android.media.audiopolicy.AudioPolicy.AudioPolicyVolumeCallback void onVolumeAdjustment(int) 0">
    <annotation name="androidx.annotation.IntDef">
      <val name="value" val="{android.media.AudioManager.ADJUST_RAISE, android.media.AudioManager.ADJUST_LOWER, android.media.AudioManager.ADJUST_SAME, android.media.AudioManager.ADJUST_MUTE, android.media.AudioManager.ADJUST_UNMUTE, android.media.AudioManager.ADJUST_TOGGLE_MUTE}" />
      <val name="flag" val="false" />
    </annotation>
  </item>
</root>

