<?xml version="1.0" encoding="UTF-8"?>
<root>
  <item name="android.app.cloudsearch.CloudSearchManager void search(android.app.cloudsearch.SearchRequest, java.util.concurrent.Executor, android.app.cloudsearch.CloudSearchManager.CallBack)">
    <annotation name="androidx.annotation.RequiresPermission">
      <val name="value" val="&quot;android.permission.MANAGE_CLOUDSEARCH&quot;" />
    </annotation>
  </item>
  <item name="android.app.cloudsearch.SearchResponse.Builder Builder(int) 0">
    <annotation name="androidx.annotation.IntDef">
      <val name="value" val="{android.app.cloudsearch.SearchResponse.SEARCH_STATUS_UNKNOWN, android.app.cloudsearch.SearchResponse.SEARCH_STATUS_OK, android.app.cloudsearch.SearchResponse.SEARCH_STATUS_TIME_OUT, android.app.cloudsearch.SearchResponse.SEARCH_STATUS_NO_INTERNET}" />
    </annotation>
  </item>
  <item name="android.app.cloudsearch.SearchResponse.Builder android.app.cloudsearch.SearchResponse.Builder setStatusCode(int) 0">
    <annotation name="androidx.annotation.IntDef">
      <val name="value" val="{android.app.cloudsearch.SearchResponse.SEARCH_STATUS_UNKNOWN, android.app.cloudsearch.SearchResponse.SEARCH_STATUS_OK, android.app.cloudsearch.SearchResponse.SEARCH_STATUS_TIME_OUT, android.app.cloudsearch.SearchResponse.SEARCH_STATUS_NO_INTERNET}" />
    </annotation>
  </item>
</root>

