<?xml version="1.0" encoding="UTF-8"?>
<root>
  <item name="android.companion.virtual.sensor.VirtualSensor void sendEvent(android.companion.virtual.sensor.VirtualSensorEvent)">
    <annotation name="androidx.annotation.RequiresPermission">
      <val name="value" val="&quot;android.permission.CREATE_VIRTUAL_DEVICE&quot;" />
    </annotation>
  </item>
  <item name="android.companion.virtual.sensor.VirtualSensorConfig int getDirectChannelTypesSupported()">
    <annotation name="androidx.annotation.IntDef">
      <val name="value" val="{android.hardware.SensorDirectChannel.TYPE_MEMORY_FILE, android.hardware.SensorDirectChannel.TYPE_HARDWARE_BUFFER}" />
      <val name="flag" val="true" />
    </annotation>
  </item>
  <item name="android.companion.virtual.sensor.VirtualSensorConfig int getHighestDirectReportRateLevel()">
    <annotation name="androidx.annotation.IntDef">
      <val name="value" val="{android.hardware.SensorDirectChannel.RATE_STOP, android.hardware.SensorDirectChannel.RATE_NORMAL, android.hardware.SensorDirectChannel.RATE_FAST, android.hardware.SensorDirectChannel.RATE_VERY_FAST}" />
    </annotation>
  </item>
  <item name="android.companion.virtual.sensor.VirtualSensorConfig.Builder Builder(int, java.lang.String) 0">
    <annotation name="androidx.annotation.IntRange">
      <val name="from" val="1" />
    </annotation>
  </item>
  <item name="android.companion.virtual.sensor.VirtualSensorConfig.Builder android.companion.virtual.sensor.VirtualSensorConfig.Builder setDirectChannelTypesSupported(int) 0">
    <annotation name="androidx.annotation.IntDef">
      <val name="value" val="{android.hardware.SensorDirectChannel.TYPE_MEMORY_FILE, android.hardware.SensorDirectChannel.TYPE_HARDWARE_BUFFER}" />
      <val name="flag" val="true" />
    </annotation>
  </item>
  <item name="android.companion.virtual.sensor.VirtualSensorConfig.Builder android.companion.virtual.sensor.VirtualSensorConfig.Builder setHighestDirectReportRateLevel(int) 0">
    <annotation name="androidx.annotation.IntDef">
      <val name="value" val="{android.hardware.SensorDirectChannel.RATE_STOP, android.hardware.SensorDirectChannel.RATE_NORMAL, android.hardware.SensorDirectChannel.RATE_FAST, android.hardware.SensorDirectChannel.RATE_VERY_FAST}" />
    </annotation>
  </item>
  <item name="android.companion.virtual.sensor.VirtualSensorDirectChannelCallback void onDirectChannelConfigured(int, android.companion.virtual.sensor.VirtualSensor, int, int) 0">
    <annotation name="androidx.annotation.IntRange">
      <val name="from" val="1" />
    </annotation>
  </item>
  <item name="android.companion.virtual.sensor.VirtualSensorDirectChannelCallback void onDirectChannelConfigured(int, android.companion.virtual.sensor.VirtualSensor, int, int) 2">
    <annotation name="androidx.annotation.IntDef">
      <val name="value" val="{android.hardware.SensorDirectChannel.RATE_STOP, android.hardware.SensorDirectChannel.RATE_NORMAL, android.hardware.SensorDirectChannel.RATE_FAST, android.hardware.SensorDirectChannel.RATE_VERY_FAST}" />
    </annotation>
  </item>
  <item name="android.companion.virtual.sensor.VirtualSensorDirectChannelCallback void onDirectChannelConfigured(int, android.companion.virtual.sensor.VirtualSensor, int, int) 3">
    <annotation name="androidx.annotation.IntRange">
      <val name="from" val="1" />
    </annotation>
  </item>
  <item name="android.companion.virtual.sensor.VirtualSensorDirectChannelCallback void onDirectChannelCreated(int, android.os.SharedMemory) 0">
    <annotation name="androidx.annotation.IntRange">
      <val name="from" val="1" />
    </annotation>
  </item>
  <item name="android.companion.virtual.sensor.VirtualSensorDirectChannelCallback void onDirectChannelDestroyed(int) 0">
    <annotation name="androidx.annotation.IntRange">
      <val name="from" val="1" />
    </annotation>
  </item>
  <item name="android.companion.virtual.sensor.VirtualSensorDirectChannelWriter boolean configureChannel(int, android.companion.virtual.sensor.VirtualSensor, int, int) 0">
    <annotation name="androidx.annotation.IntRange">
      <val name="from" val="1" />
    </annotation>
  </item>
  <item name="android.companion.virtual.sensor.VirtualSensorDirectChannelWriter boolean configureChannel(int, android.companion.virtual.sensor.VirtualSensor, int, int) 2">
    <annotation name="androidx.annotation.IntDef">
      <val name="value" val="{android.hardware.SensorDirectChannel.RATE_STOP, android.hardware.SensorDirectChannel.RATE_NORMAL, android.hardware.SensorDirectChannel.RATE_FAST, android.hardware.SensorDirectChannel.RATE_VERY_FAST}" />
    </annotation>
  </item>
  <item name="android.companion.virtual.sensor.VirtualSensorDirectChannelWriter boolean configureChannel(int, android.companion.virtual.sensor.VirtualSensor, int, int) 3">
    <annotation name="androidx.annotation.IntRange">
      <val name="from" val="1" />
    </annotation>
  </item>
  <item name="android.companion.virtual.sensor.VirtualSensorDirectChannelWriter void addChannel(int, android.os.SharedMemory) 0">
    <annotation name="androidx.annotation.IntRange">
      <val name="from" val="1" />
    </annotation>
  </item>
  <item name="android.companion.virtual.sensor.VirtualSensorDirectChannelWriter void removeChannel(int) 0">
    <annotation name="androidx.annotation.IntRange">
      <val name="from" val="1" />
    </annotation>
  </item>
</root>

