<?xml version="1.0" encoding="UTF-8"?>
<root>
  <item name="android.service.search.SearchUiService void onCreate()">
    <annotation name="androidx.annotation.CallSuper"/>
  </item>
  <item name="android.service.search.SearchUiService void onDestroy(android.app.search.SearchSessionId)">
    <annotation name="androidx.annotation.MainThread"/>
  </item>
  <item name="android.service.search.SearchUiService void onNotifyEvent(android.app.search.SearchSessionId, android.app.search.Query, android.app.search.SearchTargetEvent)">
    <annotation name="androidx.annotation.MainThread"/>
  </item>
  <item name="android.service.search.SearchUiService void onQuery(android.app.search.SearchSessionId, android.app.search.Query, java.util.function.Consumer&lt;java.util.List&lt;android.app.search.SearchTarget&gt;&gt;)">
    <annotation name="androidx.annotation.MainThread"/>
  </item>
  <item name="android.service.search.SearchUiService void onStartUpdateEmptyQueryResult()">
    <annotation name="androidx.annotation.MainThread"/>
  </item>
  <item name="android.service.search.SearchUiService void onStopUpdateEmptyQueryResult()">
    <annotation name="androidx.annotation.MainThread"/>
  </item>
</root>

