<?xml version="1.0" encoding="UTF-8"?>
<root>
  <item name="android.hardware.radio.Announcement int getType()">
    <annotation name="androidx.annotation.IntDef">
      <val name="value" val="{android.hardware.radio.Announcement.TYPE_EMERGENCY, android.hardware.radio.Announcement.TYPE_WARNING, android.hardware.radio.Announcement.TYPE_TRAFFIC, android.hardware.radio.Announcement.TYPE_WEATHER, android.hardware.radio.Announcement.TYPE_NEWS, android.hardware.radio.Announcement.TYPE_EVENT, android.hardware.radio.Announcement.TYPE_SPORT, android.hardware.radio.Announcement.TYPE_MISC}" />
    </annotation>
  </item>
  <item name="android.hardware.radio.ProgramSelector ProgramSelector(int, android.hardware.radio.ProgramSelector.Identifier, android.hardware.radio.ProgramSelector.Identifier[], long[]) 0">
    <annotation name="androidx.annotation.IntDef">
      <val name="value" val="{android.hardware.radio.ProgramSelector.PROGRAM_TYPE_INVALID, android.hardware.radio.ProgramSelector.PROGRAM_TYPE_AM, android.hardware.radio.ProgramSelector.PROGRAM_TYPE_FM, android.hardware.radio.ProgramSelector.PROGRAM_TYPE_AM_HD, android.hardware.radio.ProgramSelector.PROGRAM_TYPE_FM_HD, android.hardware.radio.ProgramSelector.PROGRAM_TYPE_DAB, android.hardware.radio.ProgramSelector.PROGRAM_TYPE_DRMO, android.hardware.radio.ProgramSelector.PROGRAM_TYPE_SXM}" />
    </annotation>
  </item>
  <item name="android.hardware.radio.ProgramSelector android.hardware.radio.ProgramSelector createAmFmSelector(int, int) 0">
    <annotation name="androidx.annotation.IntDef">
      <val name="value" val="{android.hardware.radio.RadioManager.BAND_INVALID, android.hardware.radio.RadioManager.BAND_AM, android.hardware.radio.RadioManager.BAND_FM, android.hardware.radio.RadioManager.BAND_AM_HD, android.hardware.radio.RadioManager.BAND_FM_HD}" />
    </annotation>
  </item>
  <item name="android.hardware.radio.ProgramSelector android.hardware.radio.ProgramSelector createAmFmSelector(int, int, int) 0">
    <annotation name="androidx.annotation.IntDef">
      <val name="value" val="{android.hardware.radio.RadioManager.BAND_INVALID, android.hardware.radio.RadioManager.BAND_AM, android.hardware.radio.RadioManager.BAND_FM, android.hardware.radio.RadioManager.BAND_AM_HD, android.hardware.radio.RadioManager.BAND_FM_HD}" />
    </annotation>
  </item>
  <item name="android.hardware.radio.ProgramSelector android.hardware.radio.ProgramSelector.Identifier[] getAllIds(int) 0">
    <annotation name="androidx.annotation.IntDef">
      <val name="value" val="{android.hardware.radio.ProgramSelector.IDENTIFIER_TYPE_INVALID, android.hardware.radio.ProgramSelector.IDENTIFIER_TYPE_AMFM_FREQUENCY, android.hardware.radio.ProgramSelector.IDENTIFIER_TYPE_RDS_PI, android.hardware.radio.ProgramSelector.IDENTIFIER_TYPE_HD_STATION_ID_EXT, android.hardware.radio.ProgramSelector.IDENTIFIER_TYPE_HD_SUBCHANNEL, android.hardware.radio.ProgramSelector.IDENTIFIER_TYPE_HD_STATION_NAME, android.hardware.radio.ProgramSelector.IDENTIFIER_TYPE_DAB_SID_EXT, android.hardware.radio.ProgramSelector.IDENTIFIER_TYPE_DAB_SIDECC, android.hardware.radio.ProgramSelector.IDENTIFIER_TYPE_DAB_ENSEMBLE, android.hardware.radio.ProgramSelector.IDENTIFIER_TYPE_DAB_SCID, android.hardware.radio.ProgramSelector.IDENTIFIER_TYPE_DAB_FREQUENCY, android.hardware.radio.ProgramSelector.IDENTIFIER_TYPE_DRMO_SERVICE_ID, android.hardware.radio.ProgramSelector.IDENTIFIER_TYPE_DRMO_FREQUENCY, android.hardware.radio.ProgramSelector.IDENTIFIER_TYPE_DRMO_MODULATION, android.hardware.radio.ProgramSelector.IDENTIFIER_TYPE_SXM_SERVICE_ID, android.hardware.radio.ProgramSelector.IDENTIFIER_TYPE_SXM_CHANNEL, android.hardware.radio.ProgramSelector.IDENTIFIER_TYPE_DAB_DMB_SID_EXT}" />
    </annotation>
  </item>
  <item name="android.hardware.radio.ProgramSelector int getProgramType()">
    <annotation name="androidx.annotation.IntDef">
      <val name="value" val="{android.hardware.radio.ProgramSelector.PROGRAM_TYPE_INVALID, android.hardware.radio.ProgramSelector.PROGRAM_TYPE_AM, android.hardware.radio.ProgramSelector.PROGRAM_TYPE_FM, android.hardware.radio.ProgramSelector.PROGRAM_TYPE_AM_HD, android.hardware.radio.ProgramSelector.PROGRAM_TYPE_FM_HD, android.hardware.radio.ProgramSelector.PROGRAM_TYPE_DAB, android.hardware.radio.ProgramSelector.PROGRAM_TYPE_DRMO, android.hardware.radio.ProgramSelector.PROGRAM_TYPE_SXM}" />
    </annotation>
  </item>
  <item name="android.hardware.radio.ProgramSelector long getFirstId(int) 0">
    <annotation name="androidx.annotation.IntDef">
      <val name="value" val="{android.hardware.radio.ProgramSelector.IDENTIFIER_TYPE_INVALID, android.hardware.radio.ProgramSelector.IDENTIFIER_TYPE_AMFM_FREQUENCY, android.hardware.radio.ProgramSelector.IDENTIFIER_TYPE_RDS_PI, android.hardware.radio.ProgramSelector.IDENTIFIER_TYPE_HD_STATION_ID_EXT, android.hardware.radio.ProgramSelector.IDENTIFIER_TYPE_HD_SUBCHANNEL, android.hardware.radio.ProgramSelector.IDENTIFIER_TYPE_HD_STATION_NAME, android.hardware.radio.ProgramSelector.IDENTIFIER_TYPE_DAB_SID_EXT, android.hardware.radio.ProgramSelector.IDENTIFIER_TYPE_DAB_SIDECC, android.hardware.radio.ProgramSelector.IDENTIFIER_TYPE_DAB_ENSEMBLE, android.hardware.radio.ProgramSelector.IDENTIFIER_TYPE_DAB_SCID, android.hardware.radio.ProgramSelector.IDENTIFIER_TYPE_DAB_FREQUENCY, android.hardware.radio.ProgramSelector.IDENTIFIER_TYPE_DRMO_SERVICE_ID, android.hardware.radio.ProgramSelector.IDENTIFIER_TYPE_DRMO_FREQUENCY, android.hardware.radio.ProgramSelector.IDENTIFIER_TYPE_DRMO_MODULATION, android.hardware.radio.ProgramSelector.IDENTIFIER_TYPE_SXM_SERVICE_ID, android.hardware.radio.ProgramSelector.IDENTIFIER_TYPE_SXM_CHANNEL, android.hardware.radio.ProgramSelector.IDENTIFIER_TYPE_DAB_DMB_SID_EXT}" />
    </annotation>
  </item>
  <item name="android.hardware.radio.ProgramSelector.Identifier Identifier(int, long) 0">
    <annotation name="androidx.annotation.IntDef">
      <val name="value" val="{android.hardware.radio.ProgramSelector.IDENTIFIER_TYPE_INVALID, android.hardware.radio.ProgramSelector.IDENTIFIER_TYPE_AMFM_FREQUENCY, android.hardware.radio.ProgramSelector.IDENTIFIER_TYPE_RDS_PI, android.hardware.radio.ProgramSelector.IDENTIFIER_TYPE_HD_STATION_ID_EXT, android.hardware.radio.ProgramSelector.IDENTIFIER_TYPE_HD_SUBCHANNEL, android.hardware.radio.ProgramSelector.IDENTIFIER_TYPE_HD_STATION_NAME, android.hardware.radio.ProgramSelector.IDENTIFIER_TYPE_DAB_SID_EXT, android.hardware.radio.ProgramSelector.IDENTIFIER_TYPE_DAB_SIDECC, android.hardware.radio.ProgramSelector.IDENTIFIER_TYPE_DAB_ENSEMBLE, android.hardware.radio.ProgramSelector.IDENTIFIER_TYPE_DAB_SCID, android.hardware.radio.ProgramSelector.IDENTIFIER_TYPE_DAB_FREQUENCY, android.hardware.radio.ProgramSelector.IDENTIFIER_TYPE_DRMO_SERVICE_ID, android.hardware.radio.ProgramSelector.IDENTIFIER_TYPE_DRMO_FREQUENCY, android.hardware.radio.ProgramSelector.IDENTIFIER_TYPE_DRMO_MODULATION, android.hardware.radio.ProgramSelector.IDENTIFIER_TYPE_SXM_SERVICE_ID, android.hardware.radio.ProgramSelector.IDENTIFIER_TYPE_SXM_CHANNEL, android.hardware.radio.ProgramSelector.IDENTIFIER_TYPE_DAB_DMB_SID_EXT}" />
    </annotation>
  </item>
  <item name="android.hardware.radio.ProgramSelector.Identifier int getType()">
    <annotation name="androidx.annotation.IntDef">
      <val name="value" val="{android.hardware.radio.ProgramSelector.IDENTIFIER_TYPE_INVALID, android.hardware.radio.ProgramSelector.IDENTIFIER_TYPE_AMFM_FREQUENCY, android.hardware.radio.ProgramSelector.IDENTIFIER_TYPE_RDS_PI, android.hardware.radio.ProgramSelector.IDENTIFIER_TYPE_HD_STATION_ID_EXT, android.hardware.radio.ProgramSelector.IDENTIFIER_TYPE_HD_SUBCHANNEL, android.hardware.radio.ProgramSelector.IDENTIFIER_TYPE_HD_STATION_NAME, android.hardware.radio.ProgramSelector.IDENTIFIER_TYPE_DAB_SID_EXT, android.hardware.radio.ProgramSelector.IDENTIFIER_TYPE_DAB_SIDECC, android.hardware.radio.ProgramSelector.IDENTIFIER_TYPE_DAB_ENSEMBLE, android.hardware.radio.ProgramSelector.IDENTIFIER_TYPE_DAB_SCID, android.hardware.radio.ProgramSelector.IDENTIFIER_TYPE_DAB_FREQUENCY, android.hardware.radio.ProgramSelector.IDENTIFIER_TYPE_DRMO_SERVICE_ID, android.hardware.radio.ProgramSelector.IDENTIFIER_TYPE_DRMO_FREQUENCY, android.hardware.radio.ProgramSelector.IDENTIFIER_TYPE_DRMO_MODULATION, android.hardware.radio.ProgramSelector.IDENTIFIER_TYPE_SXM_SERVICE_ID, android.hardware.radio.ProgramSelector.IDENTIFIER_TYPE_SXM_CHANNEL, android.hardware.radio.ProgramSelector.IDENTIFIER_TYPE_DAB_DMB_SID_EXT}" />
    </annotation>
  </item>
  <item name="android.hardware.radio.RadioManager android.hardware.radio.RadioTuner openTuner(int, android.hardware.radio.RadioManager.BandConfig, boolean, android.hardware.radio.RadioTuner.Callback, android.os.Handler)">
    <annotation name="androidx.annotation.RequiresPermission">
      <val name="value" val="&quot;android.permission.ACCESS_BROADCAST_RADIO&quot;" />
    </annotation>
  </item>
  <item name="android.hardware.radio.RadioManager int listModules(java.util.List&lt;android.hardware.radio.RadioManager.ModuleProperties&gt;)">
    <annotation name="androidx.annotation.RequiresPermission">
      <val name="value" val="&quot;android.permission.ACCESS_BROADCAST_RADIO&quot;" />
    </annotation>
    <annotation name="androidx.annotation.IntDef">
      <val name="value" val="{android.hardware.radio.RadioManager.STATUS_OK, android.hardware.radio.RadioManager.STATUS_ERROR, android.hardware.radio.RadioManager.STATUS_PERMISSION_DENIED, android.hardware.radio.RadioManager.STATUS_NO_INIT, android.hardware.radio.RadioManager.STATUS_BAD_VALUE, android.hardware.radio.RadioManager.STATUS_DEAD_OBJECT, android.hardware.radio.RadioManager.STATUS_INVALID_OPERATION, android.hardware.radio.RadioManager.STATUS_TIMED_OUT}" />
    </annotation>
  </item>
  <item name="android.hardware.radio.RadioManager void addAnnouncementListener(java.util.Set&lt;java.lang.Integer&gt;, android.hardware.radio.Announcement.OnListUpdatedListener)">
    <annotation name="androidx.annotation.RequiresPermission">
      <val name="value" val="&quot;android.permission.ACCESS_BROADCAST_RADIO&quot;" />
    </annotation>
  </item>
  <item name="android.hardware.radio.RadioManager void addAnnouncementListener(java.util.concurrent.Executor, java.util.Set&lt;java.lang.Integer&gt;, android.hardware.radio.Announcement.OnListUpdatedListener)">
    <annotation name="androidx.annotation.RequiresPermission">
      <val name="value" val="&quot;android.permission.ACCESS_BROADCAST_RADIO&quot;" />
    </annotation>
  </item>
  <item name="android.hardware.radio.RadioManager void removeAnnouncementListener(android.hardware.radio.Announcement.OnListUpdatedListener)">
    <annotation name="androidx.annotation.RequiresPermission">
      <val name="value" val="&quot;android.permission.ACCESS_BROADCAST_RADIO&quot;" />
    </annotation>
  </item>
  <item name="android.hardware.radio.RadioManager.ModuleProperties boolean isProgramIdentifierSupported(int) 0">
    <annotation name="androidx.annotation.IntDef">
      <val name="value" val="{android.hardware.radio.ProgramSelector.IDENTIFIER_TYPE_INVALID, android.hardware.radio.ProgramSelector.IDENTIFIER_TYPE_AMFM_FREQUENCY, android.hardware.radio.ProgramSelector.IDENTIFIER_TYPE_RDS_PI, android.hardware.radio.ProgramSelector.IDENTIFIER_TYPE_HD_STATION_ID_EXT, android.hardware.radio.ProgramSelector.IDENTIFIER_TYPE_HD_SUBCHANNEL, android.hardware.radio.ProgramSelector.IDENTIFIER_TYPE_HD_STATION_NAME, android.hardware.radio.ProgramSelector.IDENTIFIER_TYPE_DAB_SID_EXT, android.hardware.radio.ProgramSelector.IDENTIFIER_TYPE_DAB_SIDECC, android.hardware.radio.ProgramSelector.IDENTIFIER_TYPE_DAB_ENSEMBLE, android.hardware.radio.ProgramSelector.IDENTIFIER_TYPE_DAB_SCID, android.hardware.radio.ProgramSelector.IDENTIFIER_TYPE_DAB_FREQUENCY, android.hardware.radio.ProgramSelector.IDENTIFIER_TYPE_DRMO_SERVICE_ID, android.hardware.radio.ProgramSelector.IDENTIFIER_TYPE_DRMO_FREQUENCY, android.hardware.radio.ProgramSelector.IDENTIFIER_TYPE_DRMO_MODULATION, android.hardware.radio.ProgramSelector.IDENTIFIER_TYPE_SXM_SERVICE_ID, android.hardware.radio.ProgramSelector.IDENTIFIER_TYPE_SXM_CHANNEL, android.hardware.radio.ProgramSelector.IDENTIFIER_TYPE_DAB_DMB_SID_EXT}" />
    </annotation>
  </item>
  <item name="android.hardware.radio.RadioManager.ModuleProperties boolean isProgramTypeSupported(int) 0">
    <annotation name="androidx.annotation.IntDef">
      <val name="value" val="{android.hardware.radio.ProgramSelector.PROGRAM_TYPE_INVALID, android.hardware.radio.ProgramSelector.PROGRAM_TYPE_AM, android.hardware.radio.ProgramSelector.PROGRAM_TYPE_FM, android.hardware.radio.ProgramSelector.PROGRAM_TYPE_AM_HD, android.hardware.radio.ProgramSelector.PROGRAM_TYPE_FM_HD, android.hardware.radio.ProgramSelector.PROGRAM_TYPE_DAB, android.hardware.radio.ProgramSelector.PROGRAM_TYPE_DRMO, android.hardware.radio.ProgramSelector.PROGRAM_TYPE_SXM}" />
    </annotation>
  </item>
  <item name="android.hardware.radio.RadioManager.ModuleProperties int getNumAudioSources()">
    <annotation name="androidx.annotation.IntDef">
      <val name="value" val="{android.hardware.radio.RadioManager.STATUS_OK, android.hardware.radio.RadioManager.STATUS_ERROR, android.hardware.radio.RadioManager.STATUS_PERMISSION_DENIED, android.hardware.radio.RadioManager.STATUS_NO_INIT, android.hardware.radio.RadioManager.STATUS_BAD_VALUE, android.hardware.radio.RadioManager.STATUS_DEAD_OBJECT, android.hardware.radio.RadioManager.STATUS_INVALID_OPERATION, android.hardware.radio.RadioManager.STATUS_TIMED_OUT}" />
    </annotation>
  </item>
  <item name="android.hardware.radio.RadioTuner android.hardware.radio.ProgramList getDynamicProgramList(android.hardware.radio.ProgramList.Filter)">
    <annotation name="androidx.annotation.RequiresPermission">
      <val name="value" val="&quot;android.permission.ACCESS_BROADCAST_RADIO&quot;" />
    </annotation>
  </item>
  <item name="android.hardware.radio.RadioTuner boolean getMute()">
    <annotation name="androidx.annotation.RequiresPermission">
      <val name="value" val="&quot;android.permission.ACCESS_BROADCAST_RADIO&quot;" />
    </annotation>
  </item>
  <item name="android.hardware.radio.RadioTuner boolean hasControl()">
    <annotation name="androidx.annotation.RequiresPermission">
      <val name="value" val="&quot;android.permission.ACCESS_BROADCAST_RADIO&quot;" />
    </annotation>
  </item>
  <item name="android.hardware.radio.RadioTuner boolean isAnalogForced()">
    <annotation name="androidx.annotation.RequiresPermission">
      <val name="value" val="&quot;android.permission.ACCESS_BROADCAST_RADIO&quot;" />
    </annotation>
  </item>
  <item name="android.hardware.radio.RadioTuner boolean isAntennaConnected()">
    <annotation name="androidx.annotation.RequiresPermission">
      <val name="value" val="&quot;android.permission.ACCESS_BROADCAST_RADIO&quot;" />
    </annotation>
  </item>
  <item name="android.hardware.radio.RadioTuner boolean isConfigFlagSet(int)">
    <annotation name="androidx.annotation.RequiresPermission">
      <val name="value" val="&quot;android.permission.ACCESS_BROADCAST_RADIO&quot;" />
    </annotation>
  </item>
  <item name="android.hardware.radio.RadioTuner boolean isConfigFlagSet(int) 0">
    <annotation name="androidx.annotation.IntDef">
      <val name="value" val="{android.hardware.radio.RadioManager.CONFIG_FORCE_MONO, android.hardware.radio.RadioManager.CONFIG_FORCE_ANALOG, android.hardware.radio.RadioManager.CONFIG_FORCE_DIGITAL, android.hardware.radio.RadioManager.CONFIG_RDS_AF, android.hardware.radio.RadioManager.CONFIG_RDS_REG, android.hardware.radio.RadioManager.CONFIG_DAB_DAB_LINKING, android.hardware.radio.RadioManager.CONFIG_DAB_FM_LINKING, android.hardware.radio.RadioManager.CONFIG_DAB_DAB_SOFT_LINKING, android.hardware.radio.RadioManager.CONFIG_DAB_FM_SOFT_LINKING}" />
    </annotation>
  </item>
  <item name="android.hardware.radio.RadioTuner boolean isConfigFlagSupported(int)">
    <annotation name="androidx.annotation.RequiresPermission">
      <val name="value" val="&quot;android.permission.ACCESS_BROADCAST_RADIO&quot;" />
    </annotation>
  </item>
  <item name="android.hardware.radio.RadioTuner boolean isConfigFlagSupported(int) 0">
    <annotation name="androidx.annotation.IntDef">
      <val name="value" val="{android.hardware.radio.RadioManager.CONFIG_FORCE_MONO, android.hardware.radio.RadioManager.CONFIG_FORCE_ANALOG, android.hardware.radio.RadioManager.CONFIG_FORCE_DIGITAL, android.hardware.radio.RadioManager.CONFIG_RDS_AF, android.hardware.radio.RadioManager.CONFIG_RDS_REG, android.hardware.radio.RadioManager.CONFIG_DAB_DAB_LINKING, android.hardware.radio.RadioManager.CONFIG_DAB_FM_LINKING, android.hardware.radio.RadioManager.CONFIG_DAB_DAB_SOFT_LINKING, android.hardware.radio.RadioManager.CONFIG_DAB_FM_SOFT_LINKING}" />
    </annotation>
  </item>
  <item name="android.hardware.radio.RadioTuner boolean startBackgroundScan()">
    <annotation name="androidx.annotation.RequiresPermission">
      <val name="value" val="&quot;android.permission.ACCESS_BROADCAST_RADIO&quot;" />
    </annotation>
  </item>
  <item name="android.hardware.radio.RadioTuner int cancel()">
    <annotation name="androidx.annotation.RequiresPermission">
      <val name="value" val="&quot;android.permission.ACCESS_BROADCAST_RADIO&quot;" />
    </annotation>
    <annotation name="androidx.annotation.IntDef">
      <val name="value" val="{android.hardware.radio.RadioManager.STATUS_OK, android.hardware.radio.RadioManager.STATUS_ERROR, android.hardware.radio.RadioManager.STATUS_PERMISSION_DENIED, android.hardware.radio.RadioManager.STATUS_NO_INIT, android.hardware.radio.RadioManager.STATUS_BAD_VALUE, android.hardware.radio.RadioManager.STATUS_DEAD_OBJECT, android.hardware.radio.RadioManager.STATUS_INVALID_OPERATION, android.hardware.radio.RadioManager.STATUS_TIMED_OUT}" />
    </annotation>
  </item>
  <item name="android.hardware.radio.RadioTuner int getConfiguration(android.hardware.radio.RadioManager.BandConfig[])">
    <annotation name="androidx.annotation.RequiresPermission">
      <val name="value" val="&quot;android.permission.ACCESS_BROADCAST_RADIO&quot;" />
    </annotation>
    <annotation name="androidx.annotation.IntDef">
      <val name="value" val="{android.hardware.radio.RadioManager.STATUS_OK, android.hardware.radio.RadioManager.STATUS_ERROR, android.hardware.radio.RadioManager.STATUS_PERMISSION_DENIED, android.hardware.radio.RadioManager.STATUS_NO_INIT, android.hardware.radio.RadioManager.STATUS_BAD_VALUE, android.hardware.radio.RadioManager.STATUS_DEAD_OBJECT, android.hardware.radio.RadioManager.STATUS_INVALID_OPERATION, android.hardware.radio.RadioManager.STATUS_TIMED_OUT}" />
    </annotation>
  </item>
  <item name="android.hardware.radio.RadioTuner int getProgramInformation(android.hardware.radio.RadioManager.ProgramInfo[])">
    <annotation name="androidx.annotation.RequiresPermission">
      <val name="value" val="&quot;android.permission.ACCESS_BROADCAST_RADIO&quot;" />
    </annotation>
    <annotation name="androidx.annotation.IntDef">
      <val name="value" val="{android.hardware.radio.RadioManager.STATUS_OK, android.hardware.radio.RadioManager.STATUS_ERROR, android.hardware.radio.RadioManager.STATUS_PERMISSION_DENIED, android.hardware.radio.RadioManager.STATUS_NO_INIT, android.hardware.radio.RadioManager.STATUS_BAD_VALUE, android.hardware.radio.RadioManager.STATUS_DEAD_OBJECT, android.hardware.radio.RadioManager.STATUS_INVALID_OPERATION, android.hardware.radio.RadioManager.STATUS_TIMED_OUT}" />
    </annotation>
  </item>
  <item name="android.hardware.radio.RadioTuner int scan(int, boolean)">
    <annotation name="androidx.annotation.RequiresPermission">
      <val name="value" val="&quot;android.permission.ACCESS_BROADCAST_RADIO&quot;" />
    </annotation>
    <annotation name="androidx.annotation.IntDef">
      <val name="value" val="{android.hardware.radio.RadioManager.STATUS_OK, android.hardware.radio.RadioManager.STATUS_ERROR, android.hardware.radio.RadioManager.STATUS_PERMISSION_DENIED, android.hardware.radio.RadioManager.STATUS_NO_INIT, android.hardware.radio.RadioManager.STATUS_BAD_VALUE, android.hardware.radio.RadioManager.STATUS_DEAD_OBJECT, android.hardware.radio.RadioManager.STATUS_INVALID_OPERATION, android.hardware.radio.RadioManager.STATUS_TIMED_OUT}" />
    </annotation>
  </item>
  <item name="android.hardware.radio.RadioTuner int seek(int, boolean)">
    <annotation name="androidx.annotation.RequiresPermission">
      <val name="value" val="&quot;android.permission.ACCESS_BROADCAST_RADIO&quot;" />
    </annotation>
    <annotation name="androidx.annotation.IntDef">
      <val name="value" val="{android.hardware.radio.RadioManager.STATUS_OK, android.hardware.radio.RadioManager.STATUS_ERROR, android.hardware.radio.RadioManager.STATUS_PERMISSION_DENIED, android.hardware.radio.RadioManager.STATUS_NO_INIT, android.hardware.radio.RadioManager.STATUS_BAD_VALUE, android.hardware.radio.RadioManager.STATUS_DEAD_OBJECT, android.hardware.radio.RadioManager.STATUS_INVALID_OPERATION, android.hardware.radio.RadioManager.STATUS_TIMED_OUT}" />
    </annotation>
  </item>
  <item name="android.hardware.radio.RadioTuner int setConfiguration(android.hardware.radio.RadioManager.BandConfig)">
    <annotation name="androidx.annotation.RequiresPermission">
      <val name="value" val="&quot;android.permission.ACCESS_BROADCAST_RADIO&quot;" />
    </annotation>
    <annotation name="androidx.annotation.IntDef">
      <val name="value" val="{android.hardware.radio.RadioManager.STATUS_OK, android.hardware.radio.RadioManager.STATUS_ERROR, android.hardware.radio.RadioManager.STATUS_PERMISSION_DENIED, android.hardware.radio.RadioManager.STATUS_NO_INIT, android.hardware.radio.RadioManager.STATUS_BAD_VALUE, android.hardware.radio.RadioManager.STATUS_DEAD_OBJECT, android.hardware.radio.RadioManager.STATUS_INVALID_OPERATION, android.hardware.radio.RadioManager.STATUS_TIMED_OUT}" />
    </annotation>
  </item>
  <item name="android.hardware.radio.RadioTuner int setMute(boolean)">
    <annotation name="androidx.annotation.RequiresPermission">
      <val name="value" val="&quot;android.permission.ACCESS_BROADCAST_RADIO&quot;" />
    </annotation>
    <annotation name="androidx.annotation.IntDef">
      <val name="value" val="{android.hardware.radio.RadioManager.STATUS_OK, android.hardware.radio.RadioManager.STATUS_ERROR, android.hardware.radio.RadioManager.STATUS_PERMISSION_DENIED, android.hardware.radio.RadioManager.STATUS_NO_INIT, android.hardware.radio.RadioManager.STATUS_BAD_VALUE, android.hardware.radio.RadioManager.STATUS_DEAD_OBJECT, android.hardware.radio.RadioManager.STATUS_INVALID_OPERATION, android.hardware.radio.RadioManager.STATUS_TIMED_OUT}" />
    </annotation>
  </item>
  <item name="android.hardware.radio.RadioTuner int step(int, boolean)">
    <annotation name="androidx.annotation.RequiresPermission">
      <val name="value" val="&quot;android.permission.ACCESS_BROADCAST_RADIO&quot;" />
    </annotation>
    <annotation name="androidx.annotation.IntDef">
      <val name="value" val="{android.hardware.radio.RadioManager.STATUS_OK, android.hardware.radio.RadioManager.STATUS_ERROR, android.hardware.radio.RadioManager.STATUS_PERMISSION_DENIED, android.hardware.radio.RadioManager.STATUS_NO_INIT, android.hardware.radio.RadioManager.STATUS_BAD_VALUE, android.hardware.radio.RadioManager.STATUS_DEAD_OBJECT, android.hardware.radio.RadioManager.STATUS_INVALID_OPERATION, android.hardware.radio.RadioManager.STATUS_TIMED_OUT}" />
    </annotation>
  </item>
  <item name="android.hardware.radio.RadioTuner int tune(int, int)">
    <annotation name="androidx.annotation.RequiresPermission">
      <val name="value" val="&quot;android.permission.ACCESS_BROADCAST_RADIO&quot;" />
    </annotation>
    <annotation name="androidx.annotation.IntDef">
      <val name="value" val="{android.hardware.radio.RadioManager.STATUS_OK, android.hardware.radio.RadioManager.STATUS_ERROR, android.hardware.radio.RadioManager.STATUS_PERMISSION_DENIED, android.hardware.radio.RadioManager.STATUS_NO_INIT, android.hardware.radio.RadioManager.STATUS_BAD_VALUE, android.hardware.radio.RadioManager.STATUS_DEAD_OBJECT, android.hardware.radio.RadioManager.STATUS_INVALID_OPERATION, android.hardware.radio.RadioManager.STATUS_TIMED_OUT}" />
    </annotation>
  </item>
  <item name="android.hardware.radio.RadioTuner java.util.List&lt;android.hardware.radio.RadioManager.ProgramInfo&gt; getProgramList(java.util.Map&lt;java.lang.String,java.lang.String&gt;)">
    <annotation name="androidx.annotation.RequiresPermission">
      <val name="value" val="&quot;android.permission.ACCESS_BROADCAST_RADIO&quot;" />
    </annotation>
  </item>
  <item name="android.hardware.radio.RadioTuner java.util.Map&lt;java.lang.String,java.lang.String&gt; getParameters(java.util.List&lt;java.lang.String&gt;)">
    <annotation name="androidx.annotation.RequiresPermission">
      <val name="value" val="&quot;android.permission.ACCESS_BROADCAST_RADIO&quot;" />
    </annotation>
  </item>
  <item name="android.hardware.radio.RadioTuner java.util.Map&lt;java.lang.String,java.lang.String&gt; setParameters(java.util.Map&lt;java.lang.String,java.lang.String&gt;)">
    <annotation name="androidx.annotation.RequiresPermission">
      <val name="value" val="&quot;android.permission.ACCESS_BROADCAST_RADIO&quot;" />
    </annotation>
  </item>
  <item name="android.hardware.radio.RadioTuner void cancelAnnouncement()">
    <annotation name="androidx.annotation.RequiresPermission">
      <val name="value" val="&quot;android.permission.ACCESS_BROADCAST_RADIO&quot;" />
    </annotation>
  </item>
  <item name="android.hardware.radio.RadioTuner void close()">
    <annotation name="androidx.annotation.RequiresPermission">
      <val name="value" val="&quot;android.permission.ACCESS_BROADCAST_RADIO&quot;" />
    </annotation>
  </item>
  <item name="android.hardware.radio.RadioTuner void setAnalogForced(boolean)">
    <annotation name="androidx.annotation.RequiresPermission">
      <val name="value" val="&quot;android.permission.ACCESS_BROADCAST_RADIO&quot;" />
    </annotation>
  </item>
  <item name="android.hardware.radio.RadioTuner void setConfigFlag(int, boolean)">
    <annotation name="androidx.annotation.RequiresPermission">
      <val name="value" val="&quot;android.permission.ACCESS_BROADCAST_RADIO&quot;" />
    </annotation>
  </item>
  <item name="android.hardware.radio.RadioTuner void setConfigFlag(int, boolean) 0">
    <annotation name="androidx.annotation.IntDef">
      <val name="value" val="{android.hardware.radio.RadioManager.CONFIG_FORCE_MONO, android.hardware.radio.RadioManager.CONFIG_FORCE_ANALOG, android.hardware.radio.RadioManager.CONFIG_FORCE_DIGITAL, android.hardware.radio.RadioManager.CONFIG_RDS_AF, android.hardware.radio.RadioManager.CONFIG_RDS_REG, android.hardware.radio.RadioManager.CONFIG_DAB_DAB_LINKING, android.hardware.radio.RadioManager.CONFIG_DAB_FM_LINKING, android.hardware.radio.RadioManager.CONFIG_DAB_DAB_SOFT_LINKING, android.hardware.radio.RadioManager.CONFIG_DAB_FM_SOFT_LINKING}" />
    </annotation>
  </item>
  <item name="android.hardware.radio.RadioTuner void tune(android.hardware.radio.ProgramSelector)">
    <annotation name="androidx.annotation.RequiresPermission">
      <val name="value" val="&quot;android.permission.ACCESS_BROADCAST_RADIO&quot;" />
    </annotation>
  </item>
  <item name="android.hardware.radio.RadioTuner.Callback void onConfigFlagUpdated(int, boolean) 0">
    <annotation name="androidx.annotation.IntDef">
      <val name="value" val="{android.hardware.radio.RadioManager.CONFIG_FORCE_MONO, android.hardware.radio.RadioManager.CONFIG_FORCE_ANALOG, android.hardware.radio.RadioManager.CONFIG_FORCE_DIGITAL, android.hardware.radio.RadioManager.CONFIG_RDS_AF, android.hardware.radio.RadioManager.CONFIG_RDS_REG, android.hardware.radio.RadioManager.CONFIG_DAB_DAB_LINKING, android.hardware.radio.RadioManager.CONFIG_DAB_FM_LINKING, android.hardware.radio.RadioManager.CONFIG_DAB_DAB_SOFT_LINKING, android.hardware.radio.RadioManager.CONFIG_DAB_FM_SOFT_LINKING}" />
    </annotation>
  </item>
  <item name="android.hardware.radio.RadioTuner.Callback void onTuneFailed(int, android.hardware.radio.ProgramSelector) 0">
    <annotation name="androidx.annotation.IntDef">
      <val name="value" val="{android.hardware.radio.RadioTuner.TUNER_RESULT_OK, android.hardware.radio.RadioTuner.TUNER_RESULT_INTERNAL_ERROR, android.hardware.radio.RadioTuner.TUNER_RESULT_INVALID_ARGUMENTS, android.hardware.radio.RadioTuner.TUNER_RESULT_INVALID_STATE, android.hardware.radio.RadioTuner.TUNER_RESULT_NOT_SUPPORTED, android.hardware.radio.RadioTuner.TUNER_RESULT_TIMEOUT, android.hardware.radio.RadioTuner.TUNER_RESULT_CANCELED, android.hardware.radio.RadioTuner.TUNER_RESULT_UNKNOWN_ERROR}" />
    </annotation>
  </item>
</root>

