<?xml version="1.0" encoding="UTF-8"?>
<root>
  <item name="android.app.wearable.WearableSensingManager void provideConnection(android.os.ParcelFileDescriptor, java.util.concurrent.Executor, java.util.function.Consumer&lt;java.lang.Integer&gt;)">
    <annotation name="androidx.annotation.RequiresPermission">
      <val name="value" val="&quot;android.permission.MANAGE_WEARABLE_SENSING_SERVICE&quot;" />
    </annotation>
  </item>
  <item name="android.app.wearable.WearableSensingManager void provideConnection(android.os.ParcelFileDescriptor, java.util.concurrent.Executor, java.util.function.Consumer&lt;java.lang.Integer&gt;) 2">
    <annotation name="androidx.annotation.IntDef">
      <val name="value" val="{android.app.wearable.WearableSensingManager.STATUS_UNKNOWN, android.app.wearable.WearableSensingManager.STATUS_SUCCESS, android.app.wearable.WearableSensingManager.STATUS_UNSUPPORTED, android.app.wearable.WearableSensingManager.STATUS_SERVICE_UNAVAILABLE, android.app.wearable.WearableSensingManager.STATUS_WEARABLE_UNAVAILABLE, android.app.wearable.WearableSensingManager.STATUS_ACCESS_DENIED, android.app.wearable.WearableSensingManager.STATUS_UNSUPPORTED_OPERATION, android.app.wearable.WearableSensingManager.STATUS_CHANNEL_ERROR, android.app.wearable.WearableSensingManager.STATUS_UNSUPPORTED_DATA_TYPE}" />
    </annotation>
  </item>
  <item name="android.app.wearable.WearableSensingManager void provideData(android.os.PersistableBundle, android.os.SharedMemory, java.util.concurrent.Executor, java.util.function.Consumer&lt;java.lang.Integer&gt;)">
    <annotation name="androidx.annotation.RequiresPermission">
      <val name="value" val="&quot;android.permission.MANAGE_WEARABLE_SENSING_SERVICE&quot;" />
    </annotation>
  </item>
  <item name="android.app.wearable.WearableSensingManager void provideData(android.os.PersistableBundle, android.os.SharedMemory, java.util.concurrent.Executor, java.util.function.Consumer&lt;java.lang.Integer&gt;) 3">
    <annotation name="androidx.annotation.IntDef">
      <val name="value" val="{android.app.wearable.WearableSensingManager.STATUS_UNKNOWN, android.app.wearable.WearableSensingManager.STATUS_SUCCESS, android.app.wearable.WearableSensingManager.STATUS_UNSUPPORTED, android.app.wearable.WearableSensingManager.STATUS_SERVICE_UNAVAILABLE, android.app.wearable.WearableSensingManager.STATUS_WEARABLE_UNAVAILABLE, android.app.wearable.WearableSensingManager.STATUS_ACCESS_DENIED, android.app.wearable.WearableSensingManager.STATUS_UNSUPPORTED_OPERATION, android.app.wearable.WearableSensingManager.STATUS_CHANNEL_ERROR, android.app.wearable.WearableSensingManager.STATUS_UNSUPPORTED_DATA_TYPE}" />
    </annotation>
  </item>
  <item name="android.app.wearable.WearableSensingManager void provideDataStream(android.os.ParcelFileDescriptor, java.util.concurrent.Executor, java.util.function.Consumer&lt;java.lang.Integer&gt;)">
    <annotation name="androidx.annotation.RequiresPermission">
      <val name="value" val="&quot;android.permission.MANAGE_WEARABLE_SENSING_SERVICE&quot;" />
    </annotation>
  </item>
  <item name="android.app.wearable.WearableSensingManager void provideDataStream(android.os.ParcelFileDescriptor, java.util.concurrent.Executor, java.util.function.Consumer&lt;java.lang.Integer&gt;) 2">
    <annotation name="androidx.annotation.IntDef">
      <val name="value" val="{android.app.wearable.WearableSensingManager.STATUS_UNKNOWN, android.app.wearable.WearableSensingManager.STATUS_SUCCESS, android.app.wearable.WearableSensingManager.STATUS_UNSUPPORTED, android.app.wearable.WearableSensingManager.STATUS_SERVICE_UNAVAILABLE, android.app.wearable.WearableSensingManager.STATUS_WEARABLE_UNAVAILABLE, android.app.wearable.WearableSensingManager.STATUS_ACCESS_DENIED, android.app.wearable.WearableSensingManager.STATUS_UNSUPPORTED_OPERATION, android.app.wearable.WearableSensingManager.STATUS_CHANNEL_ERROR, android.app.wearable.WearableSensingManager.STATUS_UNSUPPORTED_DATA_TYPE}" />
    </annotation>
  </item>
  <item name="android.app.wearable.WearableSensingManager void registerDataRequestObserver(int, android.app.PendingIntent, java.util.concurrent.Executor, java.util.function.Consumer&lt;java.lang.Integer&gt;)">
    <annotation name="androidx.annotation.RequiresPermission">
      <val name="value" val="&quot;android.permission.MANAGE_WEARABLE_SENSING_SERVICE&quot;" />
    </annotation>
  </item>
  <item name="android.app.wearable.WearableSensingManager void registerDataRequestObserver(int, android.app.PendingIntent, java.util.concurrent.Executor, java.util.function.Consumer&lt;java.lang.Integer&gt;) 3">
    <annotation name="androidx.annotation.IntDef">
      <val name="value" val="{android.app.wearable.WearableSensingManager.STATUS_UNKNOWN, android.app.wearable.WearableSensingManager.STATUS_SUCCESS, android.app.wearable.WearableSensingManager.STATUS_UNSUPPORTED, android.app.wearable.WearableSensingManager.STATUS_SERVICE_UNAVAILABLE, android.app.wearable.WearableSensingManager.STATUS_WEARABLE_UNAVAILABLE, android.app.wearable.WearableSensingManager.STATUS_ACCESS_DENIED, android.app.wearable.WearableSensingManager.STATUS_UNSUPPORTED_OPERATION, android.app.wearable.WearableSensingManager.STATUS_CHANNEL_ERROR, android.app.wearable.WearableSensingManager.STATUS_UNSUPPORTED_DATA_TYPE}" />
    </annotation>
  </item>
  <item name="android.app.wearable.WearableSensingManager void startHotwordRecognition(android.content.ComponentName, java.util.concurrent.Executor, java.util.function.Consumer&lt;java.lang.Integer&gt;)">
    <annotation name="androidx.annotation.RequiresPermission">
      <val name="value" val="&quot;android.permission.MANAGE_WEARABLE_SENSING_SERVICE&quot;" />
    </annotation>
  </item>
  <item name="android.app.wearable.WearableSensingManager void startHotwordRecognition(android.content.ComponentName, java.util.concurrent.Executor, java.util.function.Consumer&lt;java.lang.Integer&gt;) 2">
    <annotation name="androidx.annotation.IntDef">
      <val name="value" val="{android.app.wearable.WearableSensingManager.STATUS_UNKNOWN, android.app.wearable.WearableSensingManager.STATUS_SUCCESS, android.app.wearable.WearableSensingManager.STATUS_UNSUPPORTED, android.app.wearable.WearableSensingManager.STATUS_SERVICE_UNAVAILABLE, android.app.wearable.WearableSensingManager.STATUS_WEARABLE_UNAVAILABLE, android.app.wearable.WearableSensingManager.STATUS_ACCESS_DENIED, android.app.wearable.WearableSensingManager.STATUS_UNSUPPORTED_OPERATION, android.app.wearable.WearableSensingManager.STATUS_CHANNEL_ERROR, android.app.wearable.WearableSensingManager.STATUS_UNSUPPORTED_DATA_TYPE}" />
    </annotation>
  </item>
  <item name="android.app.wearable.WearableSensingManager void stopHotwordRecognition(java.util.concurrent.Executor, java.util.function.Consumer&lt;java.lang.Integer&gt;)">
    <annotation name="androidx.annotation.RequiresPermission">
      <val name="value" val="&quot;android.permission.MANAGE_WEARABLE_SENSING_SERVICE&quot;" />
    </annotation>
  </item>
  <item name="android.app.wearable.WearableSensingManager void stopHotwordRecognition(java.util.concurrent.Executor, java.util.function.Consumer&lt;java.lang.Integer&gt;) 1">
    <annotation name="androidx.annotation.IntDef">
      <val name="value" val="{android.app.wearable.WearableSensingManager.STATUS_UNKNOWN, android.app.wearable.WearableSensingManager.STATUS_SUCCESS, android.app.wearable.WearableSensingManager.STATUS_UNSUPPORTED, android.app.wearable.WearableSensingManager.STATUS_SERVICE_UNAVAILABLE, android.app.wearable.WearableSensingManager.STATUS_WEARABLE_UNAVAILABLE, android.app.wearable.WearableSensingManager.STATUS_ACCESS_DENIED, android.app.wearable.WearableSensingManager.STATUS_UNSUPPORTED_OPERATION, android.app.wearable.WearableSensingManager.STATUS_CHANNEL_ERROR, android.app.wearable.WearableSensingManager.STATUS_UNSUPPORTED_DATA_TYPE}" />
    </annotation>
  </item>
  <item name="android.app.wearable.WearableSensingManager void unregisterDataRequestObserver(int, android.app.PendingIntent, java.util.concurrent.Executor, java.util.function.Consumer&lt;java.lang.Integer&gt;)">
    <annotation name="androidx.annotation.RequiresPermission">
      <val name="value" val="&quot;android.permission.MANAGE_WEARABLE_SENSING_SERVICE&quot;" />
    </annotation>
  </item>
  <item name="android.app.wearable.WearableSensingManager void unregisterDataRequestObserver(int, android.app.PendingIntent, java.util.concurrent.Executor, java.util.function.Consumer&lt;java.lang.Integer&gt;) 3">
    <annotation name="androidx.annotation.IntDef">
      <val name="value" val="{android.app.wearable.WearableSensingManager.STATUS_UNKNOWN, android.app.wearable.WearableSensingManager.STATUS_SUCCESS, android.app.wearable.WearableSensingManager.STATUS_UNSUPPORTED, android.app.wearable.WearableSensingManager.STATUS_SERVICE_UNAVAILABLE, android.app.wearable.WearableSensingManager.STATUS_WEARABLE_UNAVAILABLE, android.app.wearable.WearableSensingManager.STATUS_ACCESS_DENIED, android.app.wearable.WearableSensingManager.STATUS_UNSUPPORTED_OPERATION, android.app.wearable.WearableSensingManager.STATUS_CHANNEL_ERROR, android.app.wearable.WearableSensingManager.STATUS_UNSUPPORTED_DATA_TYPE}" />
    </annotation>
  </item>
</root>

