<?xml version="1.0" encoding="UTF-8"?>
<root>
  <item name="android.service.contentcapture.ActivityEvent int getEventType()">
    <annotation name="androidx.annotation.IntDef">
      <val name="value" val="{android.service.contentcapture.ActivityEvent.TYPE_ACTIVITY_RESUMED, android.service.contentcapture.ActivityEvent.TYPE_ACTIVITY_PAUSED, android.service.contentcapture.ActivityEvent.TYPE_ACTIVITY_STOPPED, android.service.contentcapture.ActivityEvent.TYPE_ACTIVITY_DESTROYED}" />
    </annotation>
  </item>
  <item name="android.service.contentcapture.ContentCaptureService void dump(java.io.FileDescriptor, java.io.PrintWriter, java.lang.String[])">
    <annotation name="androidx.annotation.CallSuper"/>
  </item>
  <item name="android.service.contentcapture.ContentCaptureService void onCreate()">
    <annotation name="androidx.annotation.CallSuper"/>
  </item>
  <item name="android.service.contentcapture.DataShareReadAdapter void onError(int) 0">
    <annotation name="androidx.annotation.IntDef">
      <val name="value" val="{android.view.contentcapture.ContentCaptureManager.DATA_SHARE_ERROR_UNKNOWN, android.view.contentcapture.ContentCaptureManager.DATA_SHARE_ERROR_CONCURRENT_REQUEST, android.view.contentcapture.ContentCaptureManager.DATA_SHARE_ERROR_TIMEOUT_INTERRUPTED}" />
      <val name="flag" val="false" />
    </annotation>
  </item>
</root>

