<?xml version="1.0" encoding="UTF-8"?>
<root>
  <item name="android.media.tv.tuner.DemuxCapabilities int getFilterCapabilities()">
    <annotation name="androidx.annotation.IntDef">
      <val name="value" val="{android.media.tv.tuner.filter.Filter.TYPE_UNDEFINED, android.media.tv.tuner.filter.Filter.TYPE_TS, android.media.tv.tuner.filter.Filter.TYPE_MMTP, android.media.tv.tuner.filter.Filter.TYPE_IP, android.media.tv.tuner.filter.Filter.TYPE_TLV, android.media.tv.tuner.filter.Filter.TYPE_ALP}" />
      <val name="flag" val="true" />
    </annotation>
  </item>
  <item name="android.media.tv.tuner.DemuxCapabilities int[] getFilterTypeCapabilityList()">
    <annotation name="androidx.annotation.IntDef">
      <val name="value" val="{android.media.tv.tuner.filter.Filter.TYPE_UNDEFINED, android.media.tv.tuner.filter.Filter.TYPE_TS, android.media.tv.tuner.filter.Filter.TYPE_MMTP, android.media.tv.tuner.filter.Filter.TYPE_IP, android.media.tv.tuner.filter.Filter.TYPE_TLV, android.media.tv.tuner.filter.Filter.TYPE_ALP}" />
      <val name="flag" val="true" />
    </annotation>
  </item>
  <item name="android.media.tv.tuner.DemuxCapabilities int[] getLinkCapabilities()">
    <annotation name="androidx.annotation.Size">
      <val name="value" val="5" />
    </annotation>
  </item>
  <item name="android.media.tv.tuner.DemuxInfo DemuxInfo(int) 0">
    <annotation name="androidx.annotation.IntDef">
      <val name="value" val="{android.media.tv.tuner.filter.Filter.TYPE_UNDEFINED, android.media.tv.tuner.filter.Filter.TYPE_TS, android.media.tv.tuner.filter.Filter.TYPE_MMTP, android.media.tv.tuner.filter.Filter.TYPE_IP, android.media.tv.tuner.filter.Filter.TYPE_TLV, android.media.tv.tuner.filter.Filter.TYPE_ALP}" />
      <val name="flag" val="true" />
    </annotation>
  </item>
  <item name="android.media.tv.tuner.DemuxInfo int getFilterTypes()">
    <annotation name="androidx.annotation.IntDef">
      <val name="value" val="{android.media.tv.tuner.filter.Filter.TYPE_UNDEFINED, android.media.tv.tuner.filter.Filter.TYPE_TS, android.media.tv.tuner.filter.Filter.TYPE_MMTP, android.media.tv.tuner.filter.Filter.TYPE_IP, android.media.tv.tuner.filter.Filter.TYPE_TLV, android.media.tv.tuner.filter.Filter.TYPE_ALP}" />
      <val name="flag" val="true" />
    </annotation>
  </item>
  <item name="android.media.tv.tuner.DemuxInfo void setFilterTypes(int) 0">
    <annotation name="androidx.annotation.IntDef">
      <val name="value" val="{android.media.tv.tuner.filter.Filter.TYPE_UNDEFINED, android.media.tv.tuner.filter.Filter.TYPE_TS, android.media.tv.tuner.filter.Filter.TYPE_MMTP, android.media.tv.tuner.filter.Filter.TYPE_IP, android.media.tv.tuner.filter.Filter.TYPE_TLV, android.media.tv.tuner.filter.Filter.TYPE_ALP}" />
      <val name="flag" val="true" />
    </annotation>
  </item>
  <item name="android.media.tv.tuner.Descrambler int addPid(int, int, android.media.tv.tuner.filter.Filter)">
    <annotation name="androidx.annotation.IntDef">
      <val name="value" val="{android.media.tv.tuner.Tuner.RESULT_SUCCESS, android.media.tv.tuner.Tuner.RESULT_UNAVAILABLE, android.media.tv.tuner.Tuner.RESULT_NOT_INITIALIZED, android.media.tv.tuner.Tuner.RESULT_INVALID_STATE, android.media.tv.tuner.Tuner.RESULT_INVALID_ARGUMENT, android.media.tv.tuner.Tuner.RESULT_OUT_OF_MEMORY, android.media.tv.tuner.Tuner.RESULT_UNKNOWN_ERROR}" />
    </annotation>
  </item>
  <item name="android.media.tv.tuner.Descrambler int addPid(int, int, android.media.tv.tuner.filter.Filter) 0">
    <annotation name="androidx.annotation.IntDef">
      <val name="value" val="{android.media.tv.tuner.Descrambler.PID_TYPE_T, android.media.tv.tuner.Descrambler.PID_TYPE_MMTP}" />
    </annotation>
  </item>
  <item name="android.media.tv.tuner.Descrambler int removePid(int, int, android.media.tv.tuner.filter.Filter)">
    <annotation name="androidx.annotation.IntDef">
      <val name="value" val="{android.media.tv.tuner.Tuner.RESULT_SUCCESS, android.media.tv.tuner.Tuner.RESULT_UNAVAILABLE, android.media.tv.tuner.Tuner.RESULT_NOT_INITIALIZED, android.media.tv.tuner.Tuner.RESULT_INVALID_STATE, android.media.tv.tuner.Tuner.RESULT_INVALID_ARGUMENT, android.media.tv.tuner.Tuner.RESULT_OUT_OF_MEMORY, android.media.tv.tuner.Tuner.RESULT_UNKNOWN_ERROR}" />
    </annotation>
  </item>
  <item name="android.media.tv.tuner.Descrambler int removePid(int, int, android.media.tv.tuner.filter.Filter) 0">
    <annotation name="androidx.annotation.IntDef">
      <val name="value" val="{android.media.tv.tuner.Descrambler.PID_TYPE_T, android.media.tv.tuner.Descrambler.PID_TYPE_MMTP}" />
    </annotation>
  </item>
  <item name="android.media.tv.tuner.Descrambler int setKeyToken(byte[])">
    <annotation name="androidx.annotation.IntDef">
      <val name="value" val="{android.media.tv.tuner.Tuner.RESULT_SUCCESS, android.media.tv.tuner.Tuner.RESULT_UNAVAILABLE, android.media.tv.tuner.Tuner.RESULT_NOT_INITIALIZED, android.media.tv.tuner.Tuner.RESULT_INVALID_STATE, android.media.tv.tuner.Tuner.RESULT_INVALID_ARGUMENT, android.media.tv.tuner.Tuner.RESULT_OUT_OF_MEMORY, android.media.tv.tuner.Tuner.RESULT_UNKNOWN_ERROR}" />
    </annotation>
  </item>
  <item name="android.media.tv.tuner.Lnb int sendDiseqcMessage(byte[])">
    <annotation name="androidx.annotation.IntDef">
      <val name="value" val="{android.media.tv.tuner.Tuner.RESULT_SUCCESS, android.media.tv.tuner.Tuner.RESULT_UNAVAILABLE, android.media.tv.tuner.Tuner.RESULT_NOT_INITIALIZED, android.media.tv.tuner.Tuner.RESULT_INVALID_STATE, android.media.tv.tuner.Tuner.RESULT_INVALID_ARGUMENT, android.media.tv.tuner.Tuner.RESULT_OUT_OF_MEMORY, android.media.tv.tuner.Tuner.RESULT_UNKNOWN_ERROR}" />
    </annotation>
  </item>
  <item name="android.media.tv.tuner.Lnb int setSatellitePosition(int)">
    <annotation name="androidx.annotation.IntDef">
      <val name="value" val="{android.media.tv.tuner.Tuner.RESULT_SUCCESS, android.media.tv.tuner.Tuner.RESULT_UNAVAILABLE, android.media.tv.tuner.Tuner.RESULT_NOT_INITIALIZED, android.media.tv.tuner.Tuner.RESULT_INVALID_STATE, android.media.tv.tuner.Tuner.RESULT_INVALID_ARGUMENT, android.media.tv.tuner.Tuner.RESULT_OUT_OF_MEMORY, android.media.tv.tuner.Tuner.RESULT_UNKNOWN_ERROR}" />
    </annotation>
  </item>
  <item name="android.media.tv.tuner.Lnb int setSatellitePosition(int) 0">
    <annotation name="androidx.annotation.IntDef">
      <val name="value" val="{android.media.tv.tuner.Lnb.POSITION_UNDEFINED, android.media.tv.tuner.Lnb.POSITION_A, android.media.tv.tuner.Lnb.POSITION_B}" />
    </annotation>
  </item>
  <item name="android.media.tv.tuner.Lnb int setTone(int)">
    <annotation name="androidx.annotation.IntDef">
      <val name="value" val="{android.media.tv.tuner.Tuner.RESULT_SUCCESS, android.media.tv.tuner.Tuner.RESULT_UNAVAILABLE, android.media.tv.tuner.Tuner.RESULT_NOT_INITIALIZED, android.media.tv.tuner.Tuner.RESULT_INVALID_STATE, android.media.tv.tuner.Tuner.RESULT_INVALID_ARGUMENT, android.media.tv.tuner.Tuner.RESULT_OUT_OF_MEMORY, android.media.tv.tuner.Tuner.RESULT_UNKNOWN_ERROR}" />
    </annotation>
  </item>
  <item name="android.media.tv.tuner.Lnb int setTone(int) 0">
    <annotation name="androidx.annotation.IntDef">
      <val name="value" val="{android.media.tv.tuner.Lnb.TONE_NONE, android.media.tv.tuner.Lnb.TONE_CONTINUOUS}" />
    </annotation>
  </item>
  <item name="android.media.tv.tuner.Lnb int setVoltage(int)">
    <annotation name="androidx.annotation.IntDef">
      <val name="value" val="{android.media.tv.tuner.Tuner.RESULT_SUCCESS, android.media.tv.tuner.Tuner.RESULT_UNAVAILABLE, android.media.tv.tuner.Tuner.RESULT_NOT_INITIALIZED, android.media.tv.tuner.Tuner.RESULT_INVALID_STATE, android.media.tv.tuner.Tuner.RESULT_INVALID_ARGUMENT, android.media.tv.tuner.Tuner.RESULT_OUT_OF_MEMORY, android.media.tv.tuner.Tuner.RESULT_UNKNOWN_ERROR}" />
    </annotation>
  </item>
  <item name="android.media.tv.tuner.Lnb int setVoltage(int) 0">
    <annotation name="androidx.annotation.IntDef">
      <val name="value" val="{android.media.tv.tuner.Lnb.VOLTAGE_NONE, android.media.tv.tuner.Lnb.VOLTAGE_5V, android.media.tv.tuner.Lnb.VOLTAGE_11V, android.media.tv.tuner.Lnb.VOLTAGE_12V, android.media.tv.tuner.Lnb.VOLTAGE_13V, android.media.tv.tuner.Lnb.VOLTAGE_14V, android.media.tv.tuner.Lnb.VOLTAGE_15V, android.media.tv.tuner.Lnb.VOLTAGE_18V, android.media.tv.tuner.Lnb.VOLTAGE_19V}" />
    </annotation>
  </item>
  <item name="android.media.tv.tuner.LnbCallback void onEvent(int) 0">
    <annotation name="androidx.annotation.IntDef">
      <val name="value" val="{android.media.tv.tuner.Lnb.EVENT_TYPE_DISEQC_RX_OVERFLOW, android.media.tv.tuner.Lnb.EVENT_TYPE_DISEQC_RX_TIMEOUT, android.media.tv.tuner.Lnb.EVENT_TYPE_DISEQC_RX_PARITY_ERROR, android.media.tv.tuner.Lnb.EVENT_TYPE_LNB_OVERLOAD}" />
    </annotation>
  </item>
  <item name="android.media.tv.tuner.Tuner Tuner(android.content.Context, java.lang.String, int)">
    <annotation name="androidx.annotation.RequiresPermission">
      <val name="value" val="&quot;android.permission.ACCESS_TV_TUNER&quot;" />
    </annotation>
  </item>
  <item name="android.media.tv.tuner.Tuner Tuner(android.content.Context, java.lang.String, int) 2">
    <annotation name="androidx.annotation.IntDef">
      <val name="value" val="{android.media.tv.TvInputService.PRIORITY_HINT_USE_CASE_TYPE_BACKGROUND, android.media.tv.TvInputService.PRIORITY_HINT_USE_CASE_TYPE_SCAN, android.media.tv.TvInputService.PRIORITY_HINT_USE_CASE_TYPE_PLAYBACK, android.media.tv.TvInputService.PRIORITY_HINT_USE_CASE_TYPE_LIVE, android.media.tv.TvInputService.PRIORITY_HINT_USE_CASE_TYPE_RECORD}" />
    </annotation>
  </item>
  <item name="android.media.tv.tuner.Tuner android.media.tv.tuner.Descrambler openDescrambler()">
    <annotation name="androidx.annotation.RequiresPermission">
      <val name="value" val="&quot;android.permission.ACCESS_TV_DESCRAMBLER&quot;" />
    </annotation>
  </item>
  <item name="android.media.tv.tuner.Tuner android.media.tv.tuner.filter.Filter openFilter(int, int, long, java.util.concurrent.Executor, android.media.tv.tuner.filter.FilterCallback) 0">
    <annotation name="androidx.annotation.IntDef">
      <val name="value" val="{android.media.tv.tuner.filter.Filter.TYPE_TS, android.media.tv.tuner.filter.Filter.TYPE_MMTP, android.media.tv.tuner.filter.Filter.TYPE_IP, android.media.tv.tuner.filter.Filter.TYPE_TLV, android.media.tv.tuner.filter.Filter.TYPE_ALP}" />
    </annotation>
  </item>
  <item name="android.media.tv.tuner.Tuner android.media.tv.tuner.filter.Filter openFilter(int, int, long, java.util.concurrent.Executor, android.media.tv.tuner.filter.FilterCallback) 1">
    <annotation name="androidx.annotation.IntDef">
      <val name="value" val="{android.media.tv.tuner.filter.Filter.SUBTYPE_UNDEFINED, android.media.tv.tuner.filter.Filter.SUBTYPE_SECTION, android.media.tv.tuner.filter.Filter.SUBTYPE_PES, android.media.tv.tuner.filter.Filter.SUBTYPE_AUDIO, android.media.tv.tuner.filter.Filter.SUBTYPE_VIDEO, android.media.tv.tuner.filter.Filter.SUBTYPE_DOWNLOAD, android.media.tv.tuner.filter.Filter.SUBTYPE_RECORD, android.media.tv.tuner.filter.Filter.SUBTYPE_TS, android.media.tv.tuner.filter.Filter.SUBTYPE_PCR, android.media.tv.tuner.filter.Filter.SUBTYPE_TEMI, android.media.tv.tuner.filter.Filter.SUBTYPE_MMTP, android.media.tv.tuner.filter.Filter.SUBTYPE_NTP, android.media.tv.tuner.filter.Filter.SUBTYPE_IP_PAYLOAD, android.media.tv.tuner.filter.Filter.SUBTYPE_IP, android.media.tv.tuner.filter.Filter.SUBTYPE_PAYLOAD_THROUGH, android.media.tv.tuner.filter.Filter.SUBTYPE_TLV, android.media.tv.tuner.filter.Filter.SUBTYPE_PTP}" />
    </annotation>
  </item>
  <item name="android.media.tv.tuner.Tuner android.media.tv.tuner.filter.SharedFilter openSharedFilter(android.content.Context, java.lang.String, java.util.concurrent.Executor, android.media.tv.tuner.filter.SharedFilterCallback)">
    <annotation name="androidx.annotation.RequiresPermission">
      <val name="value" val="&quot;android.permission.ACCESS_TV_SHARED_FILTER&quot;" />
    </annotation>
  </item>
  <item name="android.media.tv.tuner.Tuner android.media.tv.tuner.frontend.FrontendStatus getFrontendStatus(int[]) 0">
    <annotation name="androidx.annotation.IntDef">
      <val name="value" val="{android.media.tv.tuner.frontend.FrontendStatus.FRONTEND_STATUS_TYPE_DEMOD_LOCK, android.media.tv.tuner.frontend.FrontendStatus.FRONTEND_STATUS_TYPE_SNR, android.media.tv.tuner.frontend.FrontendStatus.FRONTEND_STATUS_TYPE_BER, android.media.tv.tuner.frontend.FrontendStatus.FRONTEND_STATUS_TYPE_PER, android.media.tv.tuner.frontend.FrontendStatus.FRONTEND_STATUS_TYPE_PRE_BER, android.media.tv.tuner.frontend.FrontendStatus.FRONTEND_STATUS_TYPE_SIGNAL_QUALITY, android.media.tv.tuner.frontend.FrontendStatus.FRONTEND_STATUS_TYPE_SIGNAL_STRENGTH, android.media.tv.tuner.frontend.FrontendStatus.FRONTEND_STATUS_TYPE_SYMBOL_RATE, android.media.tv.tuner.frontend.FrontendStatus.FRONTEND_STATUS_TYPE_FEC, android.media.tv.tuner.frontend.FrontendStatus.FRONTEND_STATUS_TYPE_MODULATION, android.media.tv.tuner.frontend.FrontendStatus.FRONTEND_STATUS_TYPE_SPECTRAL, android.media.tv.tuner.frontend.FrontendStatus.FRONTEND_STATUS_TYPE_LNB_VOLTAGE, android.media.tv.tuner.frontend.FrontendStatus.FRONTEND_STATUS_TYPE_PLP_ID, android.media.tv.tuner.frontend.FrontendStatus.FRONTEND_STATUS_TYPE_EWBS, android.media.tv.tuner.frontend.FrontendStatus.FRONTEND_STATUS_TYPE_AGC, android.media.tv.tuner.frontend.FrontendStatus.FRONTEND_STATUS_TYPE_LNA, android.media.tv.tuner.frontend.FrontendStatus.FRONTEND_STATUS_TYPE_LAYER_ERROR, android.media.tv.tuner.frontend.FrontendStatus.FRONTEND_STATUS_TYPE_MER, android.media.tv.tuner.frontend.FrontendStatus.FRONTEND_STATUS_TYPE_FREQ_OFFSET, android.media.tv.tuner.frontend.FrontendStatus.FRONTEND_STATUS_TYPE_HIERARCHY, android.media.tv.tuner.frontend.FrontendStatus.FRONTEND_STATUS_TYPE_RF_LOCK, android.media.tv.tuner.frontend.FrontendStatus.FRONTEND_STATUS_TYPE_ATSC3_PLP_INFO, android.media.tv.tuner.frontend.FrontendStatus.FRONTEND_STATUS_TYPE_BERS, android.media.tv.tuner.frontend.FrontendStatus.FRONTEND_STATUS_TYPE_CODERATES, android.media.tv.tuner.frontend.FrontendStatus.FRONTEND_STATUS_TYPE_BANDWIDTH, android.media.tv.tuner.frontend.FrontendStatus.FRONTEND_STATUS_TYPE_GUARD_INTERVAL, android.media.tv.tuner.frontend.FrontendStatus.FRONTEND_STATUS_TYPE_TRANSMISSION_MODE, android.media.tv.tuner.frontend.FrontendStatus.FRONTEND_STATUS_TYPE_UEC, android.media.tv.tuner.frontend.FrontendStatus.FRONTEND_STATUS_TYPE_T2_SYSTEM_ID, android.media.tv.tuner.frontend.FrontendStatus.FRONTEND_STATUS_TYPE_INTERLEAVINGS, android.media.tv.tuner.frontend.FrontendStatus.FRONTEND_STATUS_TYPE_ISDBT_SEGMENTS, android.media.tv.tuner.frontend.FrontendStatus.FRONTEND_STATUS_TYPE_TS_DATA_RATES, android.media.tv.tuner.frontend.FrontendStatus.FRONTEND_STATUS_TYPE_MODULATIONS_EXT, android.media.tv.tuner.frontend.FrontendStatus.FRONTEND_STATUS_TYPE_ROLL_OFF, android.media.tv.tuner.frontend.FrontendStatus.FRONTEND_STATUS_TYPE_IS_MISO_ENABLED, android.media.tv.tuner.frontend.FrontendStatus.FRONTEND_STATUS_TYPE_IS_LINEAR, android.media.tv.tuner.frontend.FrontendStatus.FRONTEND_STATUS_TYPE_IS_SHORT_FRAMES_ENABLED, android.media.tv.tuner.frontend.FrontendStatus.FRONTEND_STATUS_TYPE_ISDBT_MODE, android.media.tv.tuner.frontend.FrontendStatus.FRONTEND_STATUS_TYPE_ISDBT_PARTIAL_RECEPTION_FLAG, android.media.tv.tuner.frontend.FrontendStatus.FRONTEND_STATUS_TYPE_STREAM_IDS, android.media.tv.tuner.frontend.FrontendStatus.FRONTEND_STATUS_TYPE_DVBT_CELL_IDS, android.media.tv.tuner.frontend.FrontendStatus.FRONTEND_STATUS_TYPE_ATSC3_ALL_PLP_INFO, android.media.tv.tuner.frontend.FrontendStatus.FRONTEND_STATUS_TYPE_IPTV_CONTENT_URL, android.media.tv.tuner.frontend.FrontendStatus.FRONTEND_STATUS_TYPE_IPTV_PACKETS_LOST, android.media.tv.tuner.frontend.FrontendStatus.FRONTEND_STATUS_TYPE_IPTV_PACKETS_RECEIVED, android.media.tv.tuner.frontend.FrontendStatus.FRONTEND_STATUS_TYPE_IPTV_WORST_JITTER_MS, android.media.tv.tuner.frontend.FrontendStatus.FRONTEND_STATUS_TYPE_IPTV_AVERAGE_JITTER_MS}" />
    </annotation>
  </item>
  <item name="android.media.tv.tuner.Tuner boolean hasUnusedFrontend(int)">
    <annotation name="androidx.annotation.RequiresPermission">
      <val name="value" val="&quot;android.permission.TUNER_RESOURCE_ACCESS&quot;" />
    </annotation>
  </item>
  <item name="android.media.tv.tuner.Tuner int applyFrontend(android.media.tv.tuner.frontend.FrontendInfo)">
    <annotation name="androidx.annotation.IntDef">
      <val name="value" val="{android.media.tv.tuner.Tuner.RESULT_SUCCESS, android.media.tv.tuner.Tuner.RESULT_UNAVAILABLE, android.media.tv.tuner.Tuner.RESULT_NOT_INITIALIZED, android.media.tv.tuner.Tuner.RESULT_INVALID_STATE, android.media.tv.tuner.Tuner.RESULT_INVALID_ARGUMENT, android.media.tv.tuner.Tuner.RESULT_OUT_OF_MEMORY, android.media.tv.tuner.Tuner.RESULT_UNKNOWN_ERROR}" />
    </annotation>
  </item>
  <item name="android.media.tv.tuner.Tuner int cancelScanning()">
    <annotation name="androidx.annotation.IntDef">
      <val name="value" val="{android.media.tv.tuner.Tuner.RESULT_SUCCESS, android.media.tv.tuner.Tuner.RESULT_UNAVAILABLE, android.media.tv.tuner.Tuner.RESULT_NOT_INITIALIZED, android.media.tv.tuner.Tuner.RESULT_INVALID_STATE, android.media.tv.tuner.Tuner.RESULT_INVALID_ARGUMENT, android.media.tv.tuner.Tuner.RESULT_OUT_OF_MEMORY, android.media.tv.tuner.Tuner.RESULT_UNKNOWN_ERROR}" />
    </annotation>
  </item>
  <item name="android.media.tv.tuner.Tuner int cancelTuning()">
    <annotation name="androidx.annotation.IntDef">
      <val name="value" val="{android.media.tv.tuner.Tuner.RESULT_SUCCESS, android.media.tv.tuner.Tuner.RESULT_UNAVAILABLE, android.media.tv.tuner.Tuner.RESULT_NOT_INITIALIZED, android.media.tv.tuner.Tuner.RESULT_INVALID_STATE, android.media.tv.tuner.Tuner.RESULT_INVALID_ARGUMENT, android.media.tv.tuner.Tuner.RESULT_OUT_OF_MEMORY, android.media.tv.tuner.Tuner.RESULT_UNKNOWN_ERROR}" />
    </annotation>
  </item>
  <item name="android.media.tv.tuner.Tuner int configureDemux(android.media.tv.tuner.DemuxInfo)">
    <annotation name="androidx.annotation.IntDef">
      <val name="value" val="{android.media.tv.tuner.Tuner.RESULT_SUCCESS, android.media.tv.tuner.Tuner.RESULT_UNAVAILABLE, android.media.tv.tuner.Tuner.RESULT_NOT_INITIALIZED, android.media.tv.tuner.Tuner.RESULT_INVALID_STATE, android.media.tv.tuner.Tuner.RESULT_INVALID_ARGUMENT, android.media.tv.tuner.Tuner.RESULT_OUT_OF_MEMORY, android.media.tv.tuner.Tuner.RESULT_UNKNOWN_ERROR}" />
    </annotation>
  </item>
  <item name="android.media.tv.tuner.Tuner int connectCiCam(int)">
    <annotation name="androidx.annotation.IntDef">
      <val name="value" val="{android.media.tv.tuner.Tuner.RESULT_SUCCESS, android.media.tv.tuner.Tuner.RESULT_UNAVAILABLE, android.media.tv.tuner.Tuner.RESULT_NOT_INITIALIZED, android.media.tv.tuner.Tuner.RESULT_INVALID_STATE, android.media.tv.tuner.Tuner.RESULT_INVALID_ARGUMENT, android.media.tv.tuner.Tuner.RESULT_OUT_OF_MEMORY, android.media.tv.tuner.Tuner.RESULT_UNKNOWN_ERROR}" />
    </annotation>
  </item>
  <item name="android.media.tv.tuner.Tuner int disconnectCiCam()">
    <annotation name="androidx.annotation.IntDef">
      <val name="value" val="{android.media.tv.tuner.Tuner.RESULT_SUCCESS, android.media.tv.tuner.Tuner.RESULT_UNAVAILABLE, android.media.tv.tuner.Tuner.RESULT_NOT_INITIALIZED, android.media.tv.tuner.Tuner.RESULT_INVALID_STATE, android.media.tv.tuner.Tuner.RESULT_INVALID_ARGUMENT, android.media.tv.tuner.Tuner.RESULT_OUT_OF_MEMORY, android.media.tv.tuner.Tuner.RESULT_UNKNOWN_ERROR}" />
    </annotation>
  </item>
  <item name="android.media.tv.tuner.Tuner int disconnectFrontendToCiCam(int)">
    <annotation name="androidx.annotation.IntDef">
      <val name="value" val="{android.media.tv.tuner.Tuner.RESULT_SUCCESS, android.media.tv.tuner.Tuner.RESULT_UNAVAILABLE, android.media.tv.tuner.Tuner.RESULT_NOT_INITIALIZED, android.media.tv.tuner.Tuner.RESULT_INVALID_STATE, android.media.tv.tuner.Tuner.RESULT_INVALID_ARGUMENT, android.media.tv.tuner.Tuner.RESULT_OUT_OF_MEMORY, android.media.tv.tuner.Tuner.RESULT_UNKNOWN_ERROR}" />
    </annotation>
  </item>
  <item name="android.media.tv.tuner.Tuner int getMaxNumberOfFrontends(int)">
    <annotation name="androidx.annotation.IntRange">
      <val name="from" val="-1" />
    </annotation>
  </item>
  <item name="android.media.tv.tuner.Tuner int getMaxNumberOfFrontends(int) 0">
    <annotation name="androidx.annotation.IntDef">
      <val name="value" val="{android.media.tv.tuner.frontend.FrontendSettings.TYPE_UNDEFINED, android.media.tv.tuner.frontend.FrontendSettings.TYPE_ANALOG, android.media.tv.tuner.frontend.FrontendSettings.TYPE_ATSC, android.media.tv.tuner.frontend.FrontendSettings.TYPE_ATSC3, android.media.tv.tuner.frontend.FrontendSettings.TYPE_DVBC, android.media.tv.tuner.frontend.FrontendSettings.TYPE_DVBS, android.media.tv.tuner.frontend.FrontendSettings.TYPE_DVBT, android.media.tv.tuner.frontend.FrontendSettings.TYPE_ISDBS, android.media.tv.tuner.frontend.FrontendSettings.TYPE_ISDBS3, android.media.tv.tuner.frontend.FrontendSettings.TYPE_ISDBT, android.media.tv.tuner.frontend.FrontendSettings.TYPE_DTMB, android.media.tv.tuner.frontend.FrontendSettings.TYPE_IPTV}" />
    </annotation>
  </item>
  <item name="android.media.tv.tuner.Tuner int removeOutputPid(int)">
    <annotation name="androidx.annotation.IntDef">
      <val name="value" val="{android.media.tv.tuner.Tuner.RESULT_SUCCESS, android.media.tv.tuner.Tuner.RESULT_UNAVAILABLE, android.media.tv.tuner.Tuner.RESULT_NOT_INITIALIZED, android.media.tv.tuner.Tuner.RESULT_INVALID_STATE, android.media.tv.tuner.Tuner.RESULT_INVALID_ARGUMENT, android.media.tv.tuner.Tuner.RESULT_OUT_OF_MEMORY, android.media.tv.tuner.Tuner.RESULT_UNKNOWN_ERROR}" />
    </annotation>
  </item>
  <item name="android.media.tv.tuner.Tuner int removeOutputPid(int) 0">
    <annotation name="androidx.annotation.IntRange">
      <val name="from" val="0" />
    </annotation>
  </item>
  <item name="android.media.tv.tuner.Tuner int scan(android.media.tv.tuner.frontend.FrontendSettings, int, java.util.concurrent.Executor, android.media.tv.tuner.frontend.ScanCallback)">
    <annotation name="androidx.annotation.IntDef">
      <val name="value" val="{android.media.tv.tuner.Tuner.RESULT_SUCCESS, android.media.tv.tuner.Tuner.RESULT_UNAVAILABLE, android.media.tv.tuner.Tuner.RESULT_NOT_INITIALIZED, android.media.tv.tuner.Tuner.RESULT_INVALID_STATE, android.media.tv.tuner.Tuner.RESULT_INVALID_ARGUMENT, android.media.tv.tuner.Tuner.RESULT_OUT_OF_MEMORY, android.media.tv.tuner.Tuner.RESULT_UNKNOWN_ERROR}" />
    </annotation>
  </item>
  <item name="android.media.tv.tuner.Tuner int scan(android.media.tv.tuner.frontend.FrontendSettings, int, java.util.concurrent.Executor, android.media.tv.tuner.frontend.ScanCallback) 1">
    <annotation name="androidx.annotation.IntDef">
      <val name="value" val="{android.media.tv.tuner.Tuner.SCAN_TYPE_UNDEFINED, android.media.tv.tuner.Tuner.SCAN_TYPE_AUTO, android.media.tv.tuner.Tuner.SCAN_TYPE_BLIND}" />
    </annotation>
  </item>
  <item name="android.media.tv.tuner.Tuner int setLnaEnabled(boolean)">
    <annotation name="androidx.annotation.IntDef">
      <val name="value" val="{android.media.tv.tuner.Tuner.RESULT_SUCCESS, android.media.tv.tuner.Tuner.RESULT_UNAVAILABLE, android.media.tv.tuner.Tuner.RESULT_NOT_INITIALIZED, android.media.tv.tuner.Tuner.RESULT_INVALID_STATE, android.media.tv.tuner.Tuner.RESULT_INVALID_ARGUMENT, android.media.tv.tuner.Tuner.RESULT_OUT_OF_MEMORY, android.media.tv.tuner.Tuner.RESULT_UNKNOWN_ERROR}" />
    </annotation>
  </item>
  <item name="android.media.tv.tuner.Tuner int setMaxNumberOfFrontends(int, int)">
    <annotation name="androidx.annotation.IntDef">
      <val name="value" val="{android.media.tv.tuner.Tuner.RESULT_SUCCESS, android.media.tv.tuner.Tuner.RESULT_UNAVAILABLE, android.media.tv.tuner.Tuner.RESULT_NOT_INITIALIZED, android.media.tv.tuner.Tuner.RESULT_INVALID_STATE, android.media.tv.tuner.Tuner.RESULT_INVALID_ARGUMENT, android.media.tv.tuner.Tuner.RESULT_OUT_OF_MEMORY, android.media.tv.tuner.Tuner.RESULT_UNKNOWN_ERROR}" />
    </annotation>
  </item>
  <item name="android.media.tv.tuner.Tuner int setMaxNumberOfFrontends(int, int) 0">
    <annotation name="androidx.annotation.IntDef">
      <val name="value" val="{android.media.tv.tuner.frontend.FrontendSettings.TYPE_UNDEFINED, android.media.tv.tuner.frontend.FrontendSettings.TYPE_ANALOG, android.media.tv.tuner.frontend.FrontendSettings.TYPE_ATSC, android.media.tv.tuner.frontend.FrontendSettings.TYPE_ATSC3, android.media.tv.tuner.frontend.FrontendSettings.TYPE_DVBC, android.media.tv.tuner.frontend.FrontendSettings.TYPE_DVBS, android.media.tv.tuner.frontend.FrontendSettings.TYPE_DVBT, android.media.tv.tuner.frontend.FrontendSettings.TYPE_ISDBS, android.media.tv.tuner.frontend.FrontendSettings.TYPE_ISDBS3, android.media.tv.tuner.frontend.FrontendSettings.TYPE_ISDBT, android.media.tv.tuner.frontend.FrontendSettings.TYPE_DTMB, android.media.tv.tuner.frontend.FrontendSettings.TYPE_IPTV}" />
    </annotation>
  </item>
  <item name="android.media.tv.tuner.Tuner int setMaxNumberOfFrontends(int, int) 1">
    <annotation name="androidx.annotation.IntRange">
      <val name="from" val="0" />
    </annotation>
  </item>
  <item name="android.media.tv.tuner.Tuner int tune(android.media.tv.tuner.frontend.FrontendSettings)">
    <annotation name="androidx.annotation.IntDef">
      <val name="value" val="{android.media.tv.tuner.Tuner.RESULT_SUCCESS, android.media.tv.tuner.Tuner.RESULT_UNAVAILABLE, android.media.tv.tuner.Tuner.RESULT_NOT_INITIALIZED, android.media.tv.tuner.Tuner.RESULT_INVALID_STATE, android.media.tv.tuner.Tuner.RESULT_INVALID_ARGUMENT, android.media.tv.tuner.Tuner.RESULT_OUT_OF_MEMORY, android.media.tv.tuner.Tuner.RESULT_UNKNOWN_ERROR}" />
    </annotation>
  </item>
  <item name="android.media.tv.tuner.Tuner java.util.List&lt;android.media.tv.tuner.frontend.FrontendStatusReadiness&gt; getFrontendStatusReadiness(int[]) 0">
    <annotation name="androidx.annotation.IntDef">
      <val name="value" val="{android.media.tv.tuner.frontend.FrontendStatus.FRONTEND_STATUS_TYPE_DEMOD_LOCK, android.media.tv.tuner.frontend.FrontendStatus.FRONTEND_STATUS_TYPE_SNR, android.media.tv.tuner.frontend.FrontendStatus.FRONTEND_STATUS_TYPE_BER, android.media.tv.tuner.frontend.FrontendStatus.FRONTEND_STATUS_TYPE_PER, android.media.tv.tuner.frontend.FrontendStatus.FRONTEND_STATUS_TYPE_PRE_BER, android.media.tv.tuner.frontend.FrontendStatus.FRONTEND_STATUS_TYPE_SIGNAL_QUALITY, android.media.tv.tuner.frontend.FrontendStatus.FRONTEND_STATUS_TYPE_SIGNAL_STRENGTH, android.media.tv.tuner.frontend.FrontendStatus.FRONTEND_STATUS_TYPE_SYMBOL_RATE, android.media.tv.tuner.frontend.FrontendStatus.FRONTEND_STATUS_TYPE_FEC, android.media.tv.tuner.frontend.FrontendStatus.FRONTEND_STATUS_TYPE_MODULATION, android.media.tv.tuner.frontend.FrontendStatus.FRONTEND_STATUS_TYPE_SPECTRAL, android.media.tv.tuner.frontend.FrontendStatus.FRONTEND_STATUS_TYPE_LNB_VOLTAGE, android.media.tv.tuner.frontend.FrontendStatus.FRONTEND_STATUS_TYPE_PLP_ID, android.media.tv.tuner.frontend.FrontendStatus.FRONTEND_STATUS_TYPE_EWBS, android.media.tv.tuner.frontend.FrontendStatus.FRONTEND_STATUS_TYPE_AGC, android.media.tv.tuner.frontend.FrontendStatus.FRONTEND_STATUS_TYPE_LNA, android.media.tv.tuner.frontend.FrontendStatus.FRONTEND_STATUS_TYPE_LAYER_ERROR, android.media.tv.tuner.frontend.FrontendStatus.FRONTEND_STATUS_TYPE_MER, android.media.tv.tuner.frontend.FrontendStatus.FRONTEND_STATUS_TYPE_FREQ_OFFSET, android.media.tv.tuner.frontend.FrontendStatus.FRONTEND_STATUS_TYPE_HIERARCHY, android.media.tv.tuner.frontend.FrontendStatus.FRONTEND_STATUS_TYPE_RF_LOCK, android.media.tv.tuner.frontend.FrontendStatus.FRONTEND_STATUS_TYPE_ATSC3_PLP_INFO, android.media.tv.tuner.frontend.FrontendStatus.FRONTEND_STATUS_TYPE_BERS, android.media.tv.tuner.frontend.FrontendStatus.FRONTEND_STATUS_TYPE_CODERATES, android.media.tv.tuner.frontend.FrontendStatus.FRONTEND_STATUS_TYPE_BANDWIDTH, android.media.tv.tuner.frontend.FrontendStatus.FRONTEND_STATUS_TYPE_GUARD_INTERVAL, android.media.tv.tuner.frontend.FrontendStatus.FRONTEND_STATUS_TYPE_TRANSMISSION_MODE, android.media.tv.tuner.frontend.FrontendStatus.FRONTEND_STATUS_TYPE_UEC, android.media.tv.tuner.frontend.FrontendStatus.FRONTEND_STATUS_TYPE_T2_SYSTEM_ID, android.media.tv.tuner.frontend.FrontendStatus.FRONTEND_STATUS_TYPE_INTERLEAVINGS, android.media.tv.tuner.frontend.FrontendStatus.FRONTEND_STATUS_TYPE_ISDBT_SEGMENTS, android.media.tv.tuner.frontend.FrontendStatus.FRONTEND_STATUS_TYPE_TS_DATA_RATES, android.media.tv.tuner.frontend.FrontendStatus.FRONTEND_STATUS_TYPE_MODULATIONS_EXT, android.media.tv.tuner.frontend.FrontendStatus.FRONTEND_STATUS_TYPE_ROLL_OFF, android.media.tv.tuner.frontend.FrontendStatus.FRONTEND_STATUS_TYPE_IS_MISO_ENABLED, android.media.tv.tuner.frontend.FrontendStatus.FRONTEND_STATUS_TYPE_IS_LINEAR, android.media.tv.tuner.frontend.FrontendStatus.FRONTEND_STATUS_TYPE_IS_SHORT_FRAMES_ENABLED, android.media.tv.tuner.frontend.FrontendStatus.FRONTEND_STATUS_TYPE_ISDBT_MODE, android.media.tv.tuner.frontend.FrontendStatus.FRONTEND_STATUS_TYPE_ISDBT_PARTIAL_RECEPTION_FLAG, android.media.tv.tuner.frontend.FrontendStatus.FRONTEND_STATUS_TYPE_STREAM_IDS, android.media.tv.tuner.frontend.FrontendStatus.FRONTEND_STATUS_TYPE_DVBT_CELL_IDS, android.media.tv.tuner.frontend.FrontendStatus.FRONTEND_STATUS_TYPE_ATSC3_ALL_PLP_INFO, android.media.tv.tuner.frontend.FrontendStatus.FRONTEND_STATUS_TYPE_IPTV_CONTENT_URL, android.media.tv.tuner.frontend.FrontendStatus.FRONTEND_STATUS_TYPE_IPTV_PACKETS_LOST, android.media.tv.tuner.frontend.FrontendStatus.FRONTEND_STATUS_TYPE_IPTV_PACKETS_RECEIVED, android.media.tv.tuner.frontend.FrontendStatus.FRONTEND_STATUS_TYPE_IPTV_WORST_JITTER_MS, android.media.tv.tuner.frontend.FrontendStatus.FRONTEND_STATUS_TYPE_IPTV_AVERAGE_JITTER_MS}" />
    </annotation>
  </item>
  <item name="android.media.tv.tuner.Tuner void updateResourcePriority(int, int)">
    <annotation name="androidx.annotation.RequiresPermission">
      <val name="value" val="&quot;android.permission.TUNER_RESOURCE_ACCESS&quot;" />
    </annotation>
  </item>
  <item name="android.media.tv.tuner.TunerVersionChecker int getTunerVersion()">
    <annotation name="androidx.annotation.IntDef">
      <val name="value" val="{android.media.tv.tuner.TunerVersionChecker.TUNER_VERSION_UNKNOWN, android.media.tv.tuner.TunerVersionChecker.TUNER_VERSION_1_0, android.media.tv.tuner.TunerVersionChecker.TUNER_VERSION_1_1, android.media.tv.tuner.TunerVersionChecker.TUNER_VERSION_2_0}" />
    </annotation>
  </item>
</root>

