<?xml version="1.0" encoding="UTF-8"?>
<root>
  <item name="android.service.trust.GrantTrustResult GrantTrustResult(int) 0">
    <annotation name="androidx.annotation.IntDef">
      <val name="value" val="{android.service.trust.GrantTrustResult.STATUS_UNKNOWN, android.service.trust.GrantTrustResult.STATUS_UNLOCKED_BY_GRANT}" />
    </annotation>
  </item>
  <item name="android.service.trust.GrantTrustResult int getStatus()">
    <annotation name="androidx.annotation.IntDef">
      <val name="value" val="{android.service.trust.GrantTrustResult.STATUS_UNKNOWN, android.service.trust.GrantTrustResult.STATUS_UNLOCKED_BY_GRANT}" />
    </annotation>
  </item>
  <item name="android.service.trust.GrantTrustResult java.lang.String statusToString(int) 0">
    <annotation name="androidx.annotation.IntDef">
      <val name="value" val="{android.service.trust.GrantTrustResult.STATUS_UNKNOWN, android.service.trust.GrantTrustResult.STATUS_UNLOCKED_BY_GRANT}" />
    </annotation>
  </item>
  <item name="android.service.trust.TrustAgentService void grantTrust(java.lang.CharSequence, long, int) 2">
    <annotation name="androidx.annotation.IntDef">
      <val name="value" val="{android.service.trust.TrustAgentService.FLAG_GRANT_TRUST_INITIATED_BY_USER, android.service.trust.TrustAgentService.FLAG_GRANT_TRUST_DISMISS_KEYGUARD, android.service.trust.TrustAgentService.FLAG_GRANT_TRUST_TEMPORARY_AND_RENEWABLE, android.service.trust.TrustAgentService.FLAG_GRANT_TRUST_DISPLAY_MESSAGE}" />
      <val name="flag" val="true" />
    </annotation>
  </item>
  <item name="android.service.trust.TrustAgentService void grantTrust(java.lang.CharSequence, long, int, java.util.function.Consumer&lt;android.service.trust.GrantTrustResult&gt;) 2">
    <annotation name="androidx.annotation.IntDef">
      <val name="value" val="{android.service.trust.TrustAgentService.FLAG_GRANT_TRUST_INITIATED_BY_USER, android.service.trust.TrustAgentService.FLAG_GRANT_TRUST_DISMISS_KEYGUARD, android.service.trust.TrustAgentService.FLAG_GRANT_TRUST_TEMPORARY_AND_RENEWABLE, android.service.trust.TrustAgentService.FLAG_GRANT_TRUST_DISPLAY_MESSAGE}" />
      <val name="flag" val="true" />
    </annotation>
  </item>
  <item name="android.service.trust.TrustAgentService void onEscrowTokenStateReceived(long, int) 1">
    <annotation name="androidx.annotation.IntDef">
      <val name="value" val="{android.service.trust.TrustAgentService.TOKEN_STATE_ACTIVE, android.service.trust.TrustAgentService.TOKEN_STATE_INACTIVE}" />
      <val name="flag" val="true" />
    </annotation>
  </item>
</root>

