<?xml version="1.0" encoding="UTF-8"?>
<root>
  <item name="android.companion.virtual.audio.AudioCapture int read(byte[], int, int, int) 3">
    <annotation name="androidx.annotation.IntDef">
      <val name="value" val="{android.media.AudioRecord.READ_BLOCKING, android.media.AudioRecord.READ_NON_BLOCKING}" />
    </annotation>
  </item>
  <item name="android.companion.virtual.audio.AudioCapture int read(float[], int, int, int) 3">
    <annotation name="androidx.annotation.IntDef">
      <val name="value" val="{android.media.AudioRecord.READ_BLOCKING, android.media.AudioRecord.READ_NON_BLOCKING}" />
    </annotation>
  </item>
  <item name="android.companion.virtual.audio.AudioCapture int read(java.nio.ByteBuffer, int, int) 2">
    <annotation name="androidx.annotation.IntDef">
      <val name="value" val="{android.media.AudioRecord.READ_BLOCKING, android.media.AudioRecord.READ_NON_BLOCKING}" />
    </annotation>
  </item>
  <item name="android.companion.virtual.audio.AudioCapture int read(short[], int, int, int) 3">
    <annotation name="androidx.annotation.IntDef">
      <val name="value" val="{android.media.AudioRecord.READ_BLOCKING, android.media.AudioRecord.READ_NON_BLOCKING}" />
    </annotation>
  </item>
  <item name="android.companion.virtual.audio.AudioInjection int write(byte[], int, int, int) 3">
    <annotation name="androidx.annotation.IntDef">
      <val name="value" val="{android.media.AudioTrack.WRITE_BLOCKING, android.media.AudioTrack.WRITE_NON_BLOCKING}" />
    </annotation>
  </item>
  <item name="android.companion.virtual.audio.AudioInjection int write(float[], int, int, int) 3">
    <annotation name="androidx.annotation.IntDef">
      <val name="value" val="{android.media.AudioTrack.WRITE_BLOCKING, android.media.AudioTrack.WRITE_NON_BLOCKING}" />
    </annotation>
  </item>
  <item name="android.companion.virtual.audio.AudioInjection int write(java.nio.ByteBuffer, int, int, long) 2">
    <annotation name="androidx.annotation.IntDef">
      <val name="value" val="{android.media.AudioTrack.WRITE_BLOCKING, android.media.AudioTrack.WRITE_NON_BLOCKING}" />
    </annotation>
  </item>
  <item name="android.companion.virtual.audio.AudioInjection int write(short[], int, int, int) 3">
    <annotation name="androidx.annotation.IntDef">
      <val name="value" val="{android.media.AudioTrack.WRITE_BLOCKING, android.media.AudioTrack.WRITE_NON_BLOCKING}" />
    </annotation>
  </item>
  <item name="android.companion.virtual.audio.VirtualAudioDevice android.companion.virtual.audio.AudioCapture startAudioCapture(android.media.AudioFormat)">
    <annotation name="androidx.annotation.RequiresPermission">
      <val name="value" val="&quot;android.permission.MODIFY_AUDIO_ROUTING&quot;" />
    </annotation>
  </item>
  <item name="android.companion.virtual.audio.VirtualAudioDevice android.companion.virtual.audio.AudioInjection startAudioInjection(android.media.AudioFormat)">
    <annotation name="androidx.annotation.RequiresPermission">
      <val name="value" val="&quot;android.permission.MODIFY_AUDIO_ROUTING&quot;" />
    </annotation>
  </item>
  <item name="android.companion.virtual.audio.VirtualAudioDevice void close()">
    <annotation name="androidx.annotation.RequiresPermission">
      <val name="value" val="&quot;android.permission.MODIFY_AUDIO_ROUTING&quot;" />
    </annotation>
  </item>
</root>

