<?xml version="1.0" encoding="UTF-8"?>
<root>
  <item name="android.net.metrics.IpManagerEvent IpManagerEvent(int, long) 0">
    <annotation name="androidx.annotation.IntDef">
      <val name="value" val="{android.net.metrics.IpManagerEvent.PROVISIONING_OK, android.net.metrics.IpManagerEvent.PROVISIONING_FAIL, android.net.metrics.IpManagerEvent.COMPLETE_LIFECYCLE, android.net.metrics.IpManagerEvent.ERROR_STARTING_IPV4, android.net.metrics.IpManagerEvent.ERROR_STARTING_IPV6, android.net.metrics.IpManagerEvent.ERROR_STARTING_IPREACHABILITYMONITOR, android.net.metrics.IpManagerEvent.ERROR_INVALID_PROVISIONING, android.net.metrics.IpManagerEvent.ERROR_INTERFACE_NOT_FOUND}" />
    </annotation>
  </item>
  <item name="android.net.metrics.NetworkEvent NetworkEvent(int) 0">
    <annotation name="androidx.annotation.IntDef">
      <val name="value" val="{android.net.metrics.NetworkEvent.NETWORK_CONNECTED, android.net.metrics.NetworkEvent.NETWORK_VALIDATED, android.net.metrics.NetworkEvent.NETWORK_VALIDATION_FAILED, android.net.metrics.NetworkEvent.NETWORK_CAPTIVE_PORTAL_FOUND, android.net.metrics.NetworkEvent.NETWORK_LINGER, android.net.metrics.NetworkEvent.NETWORK_UNLINGER, android.net.metrics.NetworkEvent.NETWORK_DISCONNECTED, android.net.metrics.NetworkEvent.NETWORK_FIRST_VALIDATION_SUCCESS, android.net.metrics.NetworkEvent.NETWORK_REVALIDATION_SUCCESS, android.net.metrics.NetworkEvent.NETWORK_FIRST_VALIDATION_PORTAL_FOUND, android.net.metrics.NetworkEvent.NETWORK_REVALIDATION_PORTAL_FOUND, android.net.metrics.NetworkEvent.NETWORK_CONSECUTIVE_DNS_TIMEOUT_FOUND, android.net.metrics.NetworkEvent.NETWORK_PARTIAL_CONNECTIVITY}" />
    </annotation>
  </item>
  <item name="android.net.metrics.NetworkEvent NetworkEvent(int, long) 0">
    <annotation name="androidx.annotation.IntDef">
      <val name="value" val="{android.net.metrics.NetworkEvent.NETWORK_CONNECTED, android.net.metrics.NetworkEvent.NETWORK_VALIDATED, android.net.metrics.NetworkEvent.NETWORK_VALIDATION_FAILED, android.net.metrics.NetworkEvent.NETWORK_CAPTIVE_PORTAL_FOUND, android.net.metrics.NetworkEvent.NETWORK_LINGER, android.net.metrics.NetworkEvent.NETWORK_UNLINGER, android.net.metrics.NetworkEvent.NETWORK_DISCONNECTED, android.net.metrics.NetworkEvent.NETWORK_FIRST_VALIDATION_SUCCESS, android.net.metrics.NetworkEvent.NETWORK_REVALIDATION_SUCCESS, android.net.metrics.NetworkEvent.NETWORK_FIRST_VALIDATION_PORTAL_FOUND, android.net.metrics.NetworkEvent.NETWORK_REVALIDATION_PORTAL_FOUND, android.net.metrics.NetworkEvent.NETWORK_CONSECUTIVE_DNS_TIMEOUT_FOUND, android.net.metrics.NetworkEvent.NETWORK_PARTIAL_CONNECTIVITY}" />
    </annotation>
  </item>
</root>

