<?xml version="1.0" encoding="UTF-8"?>
<root>
  <item name="android.service.games.GameService void createGameSession(int)">
    <annotation name="androidx.annotation.RequiresPermission">
      <val name="value" val="&quot;android.permission.MANAGE_GAME_ACTIVITY&quot;" />
    </annotation>
  </item>
  <item name="android.service.games.GameService void createGameSession(int) 0">
    <annotation name="androidx.annotation.IntRange">
      <val name="from" val="0" />
    </annotation>
  </item>
  <item name="android.service.games.GameSession boolean restartGame()">
    <annotation name="androidx.annotation.RequiresPermission">
      <val name="value" val="&quot;android.permission.MANAGE_GAME_ACTIVITY&quot;" />
    </annotation>
  </item>
  <item name="android.service.games.GameSession void startActivityFromGameSessionForResult(android.content.Intent, android.os.Bundle, java.util.concurrent.Executor, android.service.games.GameSessionActivityCallback)">
    <annotation name="androidx.annotation.RequiresPermission">
      <val name="value" val="&quot;android.permission.MANAGE_GAME_ACTIVITY&quot;" />
    </annotation>
  </item>
  <item name="android.service.games.GameSession void takeScreenshot(java.util.concurrent.Executor, android.service.games.GameSession.ScreenshotCallback)">
    <annotation name="androidx.annotation.RequiresPermission">
      <val name="value" val="&quot;android.permission.MANAGE_GAME_ACTIVITY&quot;" />
    </annotation>
  </item>
  <item name="android.service.games.GameSession.ScreenshotCallback void onFailure(int) 0">
    <annotation name="androidx.annotation.IntDef">
      <val name="value" val="{android.service.games.GameSession.ScreenshotCallback.ERROR_TAKE_SCREENSHOT_INTERNAL_ERROR}" />
      <val name="flag" val="false" />
    </annotation>
  </item>
  <item name="android.service.games.GameStartedEvent GameStartedEvent(int, java.lang.String) 0">
    <annotation name="androidx.annotation.IntRange">
      <val name="from" val="0" />
    </annotation>
  </item>
  <item name="android.service.games.GameStartedEvent int getTaskId()">
    <annotation name="androidx.annotation.IntRange">
      <val name="from" val="0" />
    </annotation>
  </item>
</root>

