<?xml version="1.0" encoding="UTF-8"?>
<root>
  <item name="android.hardware.soundtrigger.SoundTrigger.Keyphrase Keyphrase(int, int, java.util.Locale, java.lang.String, int[]) 1">
    <annotation name="androidx.annotation.IntDef">
      <val name="value" val="{android.hardware.soundtrigger.SoundTrigger.RECOGNITION_MODE_VOICE_TRIGGER, android.hardware.soundtrigger.SoundTrigger.RECOGNITION_MODE_USER_IDENTIFICATION, android.hardware.soundtrigger.SoundTrigger.RECOGNITION_MODE_USER_AUTHENTICATION, android.hardware.soundtrigger.SoundTrigger.RECOGNITION_MODE_GENERIC}" />
      <val name="flag" val="true" />
    </annotation>
  </item>
  <item name="android.hardware.soundtrigger.SoundTrigger.Keyphrase int getRecognitionModes()">
    <annotation name="androidx.annotation.IntDef">
      <val name="value" val="{android.hardware.soundtrigger.SoundTrigger.RECOGNITION_MODE_VOICE_TRIGGER, android.hardware.soundtrigger.SoundTrigger.RECOGNITION_MODE_USER_IDENTIFICATION, android.hardware.soundtrigger.SoundTrigger.RECOGNITION_MODE_USER_AUTHENTICATION, android.hardware.soundtrigger.SoundTrigger.RECOGNITION_MODE_GENERIC}" />
      <val name="flag" val="true" />
    </annotation>
  </item>
  <item name="android.hardware.soundtrigger.SoundTrigger.KeyphraseRecognitionExtra int getCoarseConfidenceLevel()">
    <annotation name="androidx.annotation.IntRange">
      <val name="from" val="0" />
      <val name="to" val="100" />
    </annotation>
  </item>
  <item name="android.hardware.soundtrigger.SoundTrigger.KeyphraseRecognitionExtra int getRecognitionModes()">
    <annotation name="androidx.annotation.IntDef">
      <val name="value" val="{android.hardware.soundtrigger.SoundTrigger.RECOGNITION_MODE_VOICE_TRIGGER, android.hardware.soundtrigger.SoundTrigger.RECOGNITION_MODE_USER_IDENTIFICATION, android.hardware.soundtrigger.SoundTrigger.RECOGNITION_MODE_USER_AUTHENTICATION, android.hardware.soundtrigger.SoundTrigger.RECOGNITION_MODE_GENERIC}" />
      <val name="flag" val="true" />
    </annotation>
  </item>
  <item name="android.hardware.soundtrigger.SoundTrigger.ModuleProperties int getAudioCapabilities()">
    <annotation name="androidx.annotation.IntDef">
      <val name="value" val="{android.hardware.soundtrigger.SoundTrigger.ModuleProperties.AUDIO_CAPABILITY_ECHO_CANCELLATION, android.hardware.soundtrigger.SoundTrigger.ModuleProperties.AUDIO_CAPABILITY_NOISE_SUPPRESSION}" />
      <val name="flag" val="true" />
    </annotation>
  </item>
  <item name="android.hardware.soundtrigger.SoundTrigger.ModuleProperties int getRecognitionModes()">
    <annotation name="androidx.annotation.IntDef">
      <val name="value" val="{android.hardware.soundtrigger.SoundTrigger.RECOGNITION_MODE_VOICE_TRIGGER, android.hardware.soundtrigger.SoundTrigger.RECOGNITION_MODE_USER_IDENTIFICATION, android.hardware.soundtrigger.SoundTrigger.RECOGNITION_MODE_USER_AUTHENTICATION, android.hardware.soundtrigger.SoundTrigger.RECOGNITION_MODE_GENERIC}" />
      <val name="flag" val="true" />
    </annotation>
  </item>
  <item name="android.hardware.soundtrigger.SoundTrigger.SoundModel int getType()">
    <annotation name="androidx.annotation.IntDef">
      <val name="value" val="{android.hardware.soundtrigger.SoundTrigger.SoundModel.TYPE_GENERIC_SOUND, android.hardware.soundtrigger.SoundTrigger.SoundModel.TYPE_KEYPHRASE}" />
    </annotation>
  </item>
</root>

