<?xml version="1.0" encoding="UTF-8"?>
<root>
  <item name="android.nearby.BroadcastCallback void onStatusChanged(int) 0">
    <annotation name="androidx.annotation.IntDef">
      <val name="value" val="{android.nearby.BroadcastCallback.STATUS_OK, android.nearby.BroadcastCallback.STATUS_FAILURE, android.nearby.BroadcastCallback.STATUS_FAILURE_ALREADY_REGISTERED, android.nearby.BroadcastCallback.STATUS_FAILURE_SIZE_EXCEED_LIMIT, android.nearby.BroadcastCallback.STATUS_FAILURE_MISSING_PERMISSIONS}" />
    </annotation>
  </item>
  <item name="android.nearby.BroadcastRequest int getTxPower()">
    <annotation name="androidx.annotation.IntRange">
      <val name="from" val="-127" />
      <val name="to" val="126" />
    </annotation>
  </item>
  <item name="android.nearby.BroadcastRequest int getType()">
    <annotation name="androidx.annotation.IntDef">
      <val name="value" val="{android.nearby.BroadcastRequest.BROADCAST_TYPE_UNKNOWN, android.nearby.BroadcastRequest.BROADCAST_TYPE_NEARBY_PRESENCE}" />
    </annotation>
  </item>
  <item name="android.nearby.BroadcastRequest int getVersion()">
    <annotation name="androidx.annotation.IntDef">
      <val name="value" val="{android.nearby.BroadcastRequest.PRESENCE_VERSION_UNKNOWN, android.nearby.BroadcastRequest.PRESENCE_VERSION_V0, android.nearby.BroadcastRequest.PRESENCE_VERSION_V1}" />
    </annotation>
  </item>
  <item name="android.nearby.BroadcastRequest java.util.List&lt;java.lang.Integer&gt; getMediums()">
    <annotation name="androidx.annotation.IntDef">
      <val name="value" val="{android.nearby.BroadcastRequest.MEDIUM_BLE}" />
    </annotation>
  </item>
  <item name="android.nearby.NearbyDevice boolean isValidMedium(int) 0">
  </item>
  <item name="android.nearby.NearbyDevice int getRssi()">
    <annotation name="androidx.annotation.IntRange">
      <val name="from" val="-127" />
      <val name="to" val="126" />
    </annotation>
  </item>
  <item name="android.nearby.NearbyDevice java.util.List&lt;java.lang.Integer&gt; getMediums()">
  </item>
  <item name="android.nearby.NearbyManager int getPoweredOffFindingMode()">
    <annotation name="androidx.annotation.RequiresPermission">
      <val name="value" val="&quot;android.permission.BLUETOOTH_PRIVILEGED&quot;" />
    </annotation>
    <annotation name="androidx.annotation.IntDef">
      <val name="value" val="{android.nearby.NearbyManager.POWERED_OFF_FINDING_MODE_UNSUPPORTED, android.nearby.NearbyManager.POWERED_OFF_FINDING_MODE_DISABLED, android.nearby.NearbyManager.POWERED_OFF_FINDING_MODE_ENABLED}" />
    </annotation>
  </item>
  <item name="android.nearby.NearbyManager int startScan(android.nearby.ScanRequest, java.util.concurrent.Executor, android.nearby.ScanCallback)">
    <annotation name="androidx.annotation.RequiresPermission">
      <val name="allOf" val="{&quot;android.permission.BLUETOOTH_SCAN&quot;, &quot;android.permission.BLUETOOTH_PRIVILEGED&quot;}" />
    </annotation>
  </item>
  <item name="android.nearby.NearbyManager void setPoweredOffFindingEphemeralIds(java.util.List&lt;byte[]&gt;)">
    <annotation name="androidx.annotation.RequiresPermission">
      <val name="value" val="&quot;android.permission.BLUETOOTH_PRIVILEGED&quot;" />
    </annotation>
  </item>
  <item name="android.nearby.NearbyManager void setPoweredOffFindingMode(int)">
    <annotation name="androidx.annotation.RequiresPermission">
      <val name="value" val="&quot;android.permission.BLUETOOTH_PRIVILEGED&quot;" />
    </annotation>
  </item>
  <item name="android.nearby.NearbyManager void setPoweredOffFindingMode(int) 0">
    <annotation name="androidx.annotation.IntDef">
      <val name="value" val="{android.nearby.NearbyManager.POWERED_OFF_FINDING_MODE_UNSUPPORTED, android.nearby.NearbyManager.POWERED_OFF_FINDING_MODE_DISABLED, android.nearby.NearbyManager.POWERED_OFF_FINDING_MODE_ENABLED}" />
    </annotation>
  </item>
  <item name="android.nearby.NearbyManager void startBroadcast(android.nearby.BroadcastRequest, java.util.concurrent.Executor, android.nearby.BroadcastCallback)">
    <annotation name="androidx.annotation.RequiresPermission">
      <val name="allOf" val="{&quot;android.permission.BLUETOOTH_ADVERTISE&quot;, &quot;android.permission.BLUETOOTH_PRIVILEGED&quot;}" />
    </annotation>
  </item>
  <item name="android.nearby.NearbyManager void stopBroadcast(android.nearby.BroadcastCallback)">
    <annotation name="androidx.annotation.RequiresPermission">
      <val name="allOf" val="{&quot;android.permission.BLUETOOTH_ADVERTISE&quot;, &quot;android.permission.BLUETOOTH_PRIVILEGED&quot;}" />
    </annotation>
  </item>
  <item name="android.nearby.NearbyManager void stopScan(android.nearby.ScanCallback)">
    <annotation name="androidx.annotation.RequiresPermission">
      <val name="allOf" val="{&quot;android.permission.BLUETOOTH_SCAN&quot;, &quot;android.permission.BLUETOOTH_PRIVILEGED&quot;}" />
    </annotation>
  </item>
  <item name="android.nearby.PresenceBroadcastRequest.Builder android.nearby.PresenceBroadcastRequest.Builder addAction(int) 0">
    <annotation name="androidx.annotation.IntRange">
      <val name="from" val="1" />
      <val name="to" val="255" />
    </annotation>
  </item>
  <item name="android.nearby.PresenceBroadcastRequest.Builder android.nearby.PresenceBroadcastRequest.Builder setTxPower(int) 0">
    <annotation name="androidx.annotation.IntRange">
      <val name="from" val="-127" />
      <val name="to" val="126" />
    </annotation>
  </item>
  <item name="android.nearby.PresenceBroadcastRequest.Builder android.nearby.PresenceBroadcastRequest.Builder setVersion(int) 0">
    <annotation name="androidx.annotation.IntDef">
      <val name="value" val="{android.nearby.BroadcastRequest.PRESENCE_VERSION_UNKNOWN, android.nearby.BroadcastRequest.PRESENCE_VERSION_V0, android.nearby.BroadcastRequest.PRESENCE_VERSION_V1}" />
    </annotation>
  </item>
  <item name="android.nearby.PresenceCredential int getIdentityType()">
    <annotation name="androidx.annotation.IntDef">
      <val name="value" val="{android.nearby.PresenceCredential.IDENTITY_TYPE_UNKNOWN, android.nearby.PresenceCredential.IDENTITY_TYPE_PRIVATE, android.nearby.PresenceCredential.IDENTITY_TYPE_PROVISIONED, android.nearby.PresenceCredential.IDENTITY_TYPE_TRUSTED}" />
    </annotation>
  </item>
  <item name="android.nearby.PresenceCredential int getType()">
    <annotation name="androidx.annotation.IntDef">
      <val name="value" val="{android.nearby.PresenceCredential.CREDENTIAL_TYPE_PUBLIC, android.nearby.PresenceCredential.CREDENTIAL_TYPE_PRIVATE}" />
    </annotation>
  </item>
  <item name="android.nearby.PresenceDevice int getDeviceType()">
  </item>
  <item name="android.nearby.PresenceDevice.Builder android.nearby.PresenceDevice.Builder addMedium(int) 0">
  </item>
  <item name="android.nearby.PresenceDevice.Builder android.nearby.PresenceDevice.Builder setDeviceType(int) 0">
  </item>
  <item name="android.nearby.PresenceScanFilter.Builder android.nearby.PresenceScanFilter.Builder addPresenceAction(int) 0">
    <annotation name="androidx.annotation.IntRange">
      <val name="from" val="1" />
      <val name="to" val="255" />
    </annotation>
  </item>
  <item name="android.nearby.PresenceScanFilter.Builder android.nearby.PresenceScanFilter.Builder setMaxPathLoss(int) 0">
    <annotation name="androidx.annotation.IntRange">
      <val name="from" val="0" />
      <val name="to" val="127" />
    </annotation>
  </item>
  <item name="android.nearby.PrivateCredential.Builder android.nearby.PrivateCredential.Builder setIdentityType(int) 0">
    <annotation name="androidx.annotation.IntDef">
      <val name="value" val="{android.nearby.PresenceCredential.IDENTITY_TYPE_UNKNOWN, android.nearby.PresenceCredential.IDENTITY_TYPE_PRIVATE, android.nearby.PresenceCredential.IDENTITY_TYPE_PROVISIONED, android.nearby.PresenceCredential.IDENTITY_TYPE_TRUSTED}" />
    </annotation>
  </item>
  <item name="android.nearby.PublicCredential.Builder android.nearby.PublicCredential.Builder setIdentityType(int) 0">
    <annotation name="androidx.annotation.IntDef">
      <val name="value" val="{android.nearby.PresenceCredential.IDENTITY_TYPE_UNKNOWN, android.nearby.PresenceCredential.IDENTITY_TYPE_PRIVATE, android.nearby.PresenceCredential.IDENTITY_TYPE_PROVISIONED, android.nearby.PresenceCredential.IDENTITY_TYPE_TRUSTED}" />
    </annotation>
  </item>
  <item name="android.nearby.ScanCallback void onError(int) 0">
    <annotation name="androidx.annotation.IntDef">
      <val name="value" val="{android.nearby.ScanCallback.ERROR_UNKNOWN, android.nearby.ScanCallback.ERROR_UNSUPPORTED, android.nearby.ScanCallback.ERROR_INVALID_ARGUMENT, android.nearby.ScanCallback.ERROR_PERMISSION_DENIED, android.nearby.ScanCallback.ERROR_RESOURCE_EXHAUSTED}" />
    </annotation>
  </item>
  <item name="android.nearby.ScanFilter int getMaxPathLoss()">
    <annotation name="androidx.annotation.IntRange">
      <val name="from" val="0" />
      <val name="to" val="127" />
    </annotation>
  </item>
  <item name="android.nearby.ScanFilter int getType()">
    <annotation name="androidx.annotation.IntDef">
      <val name="value" val="{android.nearby.ScanRequest.SCAN_TYPE_FAST_PAIR, android.nearby.ScanRequest.SCAN_TYPE_NEARBY_PRESENCE}" />
    </annotation>
  </item>
  <item name="android.nearby.ScanRequest boolean isValidScanMode(int) 0">
    <annotation name="androidx.annotation.IntDef">
      <val name="value" val="{android.nearby.ScanRequest.SCAN_MODE_LOW_LATENCY, android.nearby.ScanRequest.SCAN_MODE_BALANCED, android.nearby.ScanRequest.SCAN_MODE_LOW_POWER, android.nearby.ScanRequest.SCAN_MODE_NO_POWER}" />
    </annotation>
  </item>
  <item name="android.nearby.ScanRequest boolean isValidScanType(int) 0">
    <annotation name="androidx.annotation.IntDef">
      <val name="value" val="{android.nearby.ScanRequest.SCAN_TYPE_FAST_PAIR, android.nearby.ScanRequest.SCAN_TYPE_NEARBY_PRESENCE}" />
    </annotation>
  </item>
  <item name="android.nearby.ScanRequest int getScanMode()">
    <annotation name="androidx.annotation.IntDef">
      <val name="value" val="{android.nearby.ScanRequest.SCAN_MODE_LOW_LATENCY, android.nearby.ScanRequest.SCAN_MODE_BALANCED, android.nearby.ScanRequest.SCAN_MODE_LOW_POWER, android.nearby.ScanRequest.SCAN_MODE_NO_POWER}" />
    </annotation>
  </item>
  <item name="android.nearby.ScanRequest int getScanType()">
    <annotation name="androidx.annotation.IntDef">
      <val name="value" val="{android.nearby.ScanRequest.SCAN_TYPE_FAST_PAIR, android.nearby.ScanRequest.SCAN_TYPE_NEARBY_PRESENCE}" />
    </annotation>
  </item>
  <item name="android.nearby.ScanRequest java.lang.String scanModeToString(int) 0">
    <annotation name="androidx.annotation.IntDef">
      <val name="value" val="{android.nearby.ScanRequest.SCAN_MODE_LOW_LATENCY, android.nearby.ScanRequest.SCAN_MODE_BALANCED, android.nearby.ScanRequest.SCAN_MODE_LOW_POWER, android.nearby.ScanRequest.SCAN_MODE_NO_POWER}" />
    </annotation>
  </item>
  <item name="android.nearby.ScanRequest.Builder android.nearby.ScanRequest.Builder setScanMode(int) 0">
    <annotation name="androidx.annotation.IntDef">
      <val name="value" val="{android.nearby.ScanRequest.SCAN_MODE_LOW_LATENCY, android.nearby.ScanRequest.SCAN_MODE_BALANCED, android.nearby.ScanRequest.SCAN_MODE_LOW_POWER, android.nearby.ScanRequest.SCAN_MODE_NO_POWER}" />
    </annotation>
  </item>
  <item name="android.nearby.ScanRequest.Builder android.nearby.ScanRequest.Builder setScanType(int) 0">
    <annotation name="androidx.annotation.IntDef">
      <val name="value" val="{android.nearby.ScanRequest.SCAN_TYPE_FAST_PAIR, android.nearby.ScanRequest.SCAN_TYPE_NEARBY_PRESENCE}" />
    </annotation>
  </item>
  <item name="android.nearby.ScanRequest.Builder android.nearby.ScanRequest.Builder setWorkSource(android.os.WorkSource)">
    <annotation name="androidx.annotation.RequiresPermission">
      <val name="value" val="&quot;android.permission.UPDATE_DEVICE_STATS&quot;" />
    </annotation>
  </item>
</root>

