<?xml version="1.0" encoding="UTF-8"?>
<root>
  <item name="android.service.notification.Condition Condition(android.net.Uri, java.lang.String, int, int) 2">
    <annotation name="androidx.annotation.IntDef">
      <val name="value" val="{android.service.notification.Condition.STATE_FALSE, android.service.notification.Condition.STATE_TRUE, android.service.notification.Condition.STATE_UNKNOWN, android.service.notification.Condition.STATE_ERROR}" />
    </annotation>
  </item>
  <item name="android.service.notification.Condition Condition(android.net.Uri, java.lang.String, int, int) 3">
    <annotation name="androidx.annotation.IntDef">
      <val name="value" val="{android.service.notification.Condition.SOURCE_UNKNOWN, android.service.notification.Condition.SOURCE_USER_ACTION, android.service.notification.Condition.SOURCE_SCHEDULE, android.service.notification.Condition.SOURCE_CONTEXT}" />
    </annotation>
  </item>
  <item name="android.service.notification.Condition Condition(android.net.Uri, java.lang.String, java.lang.String, java.lang.String, int, int, int, int) 5">
    <annotation name="androidx.annotation.IntDef">
      <val name="value" val="{android.service.notification.Condition.STATE_FALSE, android.service.notification.Condition.STATE_TRUE, android.service.notification.Condition.STATE_UNKNOWN, android.service.notification.Condition.STATE_ERROR}" />
    </annotation>
  </item>
  <item name="android.service.notification.Condition Condition(android.net.Uri, java.lang.String, java.lang.String, java.lang.String, int, int, int, int) 6">
    <annotation name="androidx.annotation.IntDef">
      <val name="value" val="{android.service.notification.Condition.SOURCE_UNKNOWN, android.service.notification.Condition.SOURCE_USER_ACTION, android.service.notification.Condition.SOURCE_SCHEDULE, android.service.notification.Condition.SOURCE_CONTEXT}" />
    </annotation>
  </item>
  <item name="android.service.notification.Condition source">
    <annotation name="androidx.annotation.IntDef">
      <val name="value" val="{android.service.notification.Condition.SOURCE_UNKNOWN, android.service.notification.Condition.SOURCE_USER_ACTION, android.service.notification.Condition.SOURCE_SCHEDULE, android.service.notification.Condition.SOURCE_CONTEXT}" />
    </annotation>
  </item>
  <item name="android.service.notification.Condition state">
    <annotation name="androidx.annotation.IntDef">
      <val name="value" val="{android.service.notification.Condition.STATE_FALSE, android.service.notification.Condition.STATE_TRUE, android.service.notification.Condition.STATE_UNKNOWN, android.service.notification.Condition.STATE_ERROR}" />
    </annotation>
  </item>
  <item name="android.service.notification.NotificationAssistantService void onActionInvoked(java.lang.String, android.app.Notification.Action, int) 2">
    <annotation name="androidx.annotation.IntDef">
      <val name="value" val="{android.service.notification.NotificationAssistantService.SOURCE_FROM_APP, android.service.notification.NotificationAssistantService.SOURCE_FROM_ASSISTANT}" />
    </annotation>
  </item>
  <item name="android.service.notification.NotificationAssistantService void onSuggestedReplySent(java.lang.String, java.lang.CharSequence, int) 2">
    <annotation name="androidx.annotation.IntDef">
      <val name="value" val="{android.service.notification.NotificationAssistantService.SOURCE_FROM_APP, android.service.notification.NotificationAssistantService.SOURCE_FROM_ASSISTANT}" />
    </annotation>
  </item>
  <item name="android.service.notification.NotificationListenerService void migrateNotificationFilter(int, java.util.List&lt;java.lang.String&gt;) 0">
    <annotation name="androidx.annotation.IntDef">
      <val name="value" val="{android.service.notification.NotificationListenerService.FLAG_FILTER_TYPE_CONVERSATIONS, android.service.notification.NotificationListenerService.FLAG_FILTER_TYPE_ALERTING, android.service.notification.NotificationListenerService.FLAG_FILTER_TYPE_SILENT, android.service.notification.NotificationListenerService.FLAG_FILTER_TYPE_ONGOING}" />
      <val name="flag" val="true" />
    </annotation>
  </item>
  <item name="android.service.notification.NotificationListenerService void onInterruptionFilterChanged(int)">
    <annotation name="androidx.annotation.UiThread"/>
  </item>
  <item name="android.service.notification.NotificationListenerService void onListenerConnected()">
    <annotation name="androidx.annotation.UiThread"/>
  </item>
  <item name="android.service.notification.NotificationListenerService void onListenerDisconnected()">
    <annotation name="androidx.annotation.UiThread"/>
  </item>
  <item name="android.service.notification.NotificationListenerService void onListenerHintsChanged(int)">
    <annotation name="androidx.annotation.UiThread"/>
  </item>
  <item name="android.service.notification.NotificationListenerService void onNotificationChannelGroupModified(java.lang.String, android.os.UserHandle, android.app.NotificationChannelGroup, int)">
    <annotation name="androidx.annotation.UiThread"/>
  </item>
  <item name="android.service.notification.NotificationListenerService void onNotificationChannelGroupModified(java.lang.String, android.os.UserHandle, android.app.NotificationChannelGroup, int) 3">
    <annotation name="androidx.annotation.IntDef">
      <val name="value" val="{android.service.notification.NotificationListenerService.NOTIFICATION_CHANNEL_OR_GROUP_ADDED, android.service.notification.NotificationListenerService.NOTIFICATION_CHANNEL_OR_GROUP_UPDATED, android.service.notification.NotificationListenerService.NOTIFICATION_CHANNEL_OR_GROUP_DELETED}" />
    </annotation>
  </item>
  <item name="android.service.notification.NotificationListenerService void onNotificationChannelModified(java.lang.String, android.os.UserHandle, android.app.NotificationChannel, int)">
    <annotation name="androidx.annotation.UiThread"/>
  </item>
  <item name="android.service.notification.NotificationListenerService void onNotificationChannelModified(java.lang.String, android.os.UserHandle, android.app.NotificationChannel, int) 3">
    <annotation name="androidx.annotation.IntDef">
      <val name="value" val="{android.service.notification.NotificationListenerService.NOTIFICATION_CHANNEL_OR_GROUP_ADDED, android.service.notification.NotificationListenerService.NOTIFICATION_CHANNEL_OR_GROUP_UPDATED, android.service.notification.NotificationListenerService.NOTIFICATION_CHANNEL_OR_GROUP_DELETED}" />
    </annotation>
  </item>
  <item name="android.service.notification.NotificationListenerService void onNotificationPosted(android.service.notification.StatusBarNotification)">
    <annotation name="androidx.annotation.UiThread"/>
  </item>
  <item name="android.service.notification.NotificationListenerService void onNotificationPosted(android.service.notification.StatusBarNotification, android.service.notification.NotificationListenerService.RankingMap)">
    <annotation name="androidx.annotation.UiThread"/>
  </item>
  <item name="android.service.notification.NotificationListenerService void onNotificationRankingUpdate(android.service.notification.NotificationListenerService.RankingMap)">
    <annotation name="androidx.annotation.UiThread"/>
  </item>
  <item name="android.service.notification.NotificationListenerService void onNotificationRemoved(android.service.notification.StatusBarNotification)">
    <annotation name="androidx.annotation.UiThread"/>
  </item>
  <item name="android.service.notification.NotificationListenerService void onNotificationRemoved(android.service.notification.StatusBarNotification, android.service.notification.NotificationListenerService.RankingMap)">
    <annotation name="androidx.annotation.UiThread"/>
  </item>
  <item name="android.service.notification.NotificationListenerService void onNotificationRemoved(android.service.notification.StatusBarNotification, android.service.notification.NotificationListenerService.RankingMap, android.service.notification.NotificationStats, int)">
    <annotation name="androidx.annotation.UiThread"/>
  </item>
  <item name="android.service.notification.NotificationListenerService void onNotificationRemoved(android.service.notification.StatusBarNotification, android.service.notification.NotificationListenerService.RankingMap, int)">
    <annotation name="androidx.annotation.UiThread"/>
  </item>
  <item name="android.service.notification.NotificationListenerService void onNotificationRemoved(android.service.notification.StatusBarNotification, android.service.notification.NotificationListenerService.RankingMap, int) 2">
    <annotation name="androidx.annotation.IntDef">
      <val name="value" val="{android.service.notification.NotificationListenerService.REASON_CLICK, android.service.notification.NotificationListenerService.REASON_CANCEL, android.service.notification.NotificationListenerService.REASON_CANCEL_ALL, android.service.notification.NotificationListenerService.REASON_ERROR, android.service.notification.NotificationListenerService.REASON_PACKAGE_CHANGED, android.service.notification.NotificationListenerService.REASON_USER_STOPPED, android.service.notification.NotificationListenerService.REASON_PACKAGE_BANNED, android.service.notification.NotificationListenerService.REASON_APP_CANCEL, android.service.notification.NotificationListenerService.REASON_APP_CANCEL_ALL, android.service.notification.NotificationListenerService.REASON_LISTENER_CANCEL, android.service.notification.NotificationListenerService.REASON_LISTENER_CANCEL_ALL, android.service.notification.NotificationListenerService.REASON_GROUP_SUMMARY_CANCELED, android.service.notification.NotificationListenerService.REASON_GROUP_OPTIMIZATION, android.service.notification.NotificationListenerService.REASON_PACKAGE_SUSPENDED, android.service.notification.NotificationListenerService.REASON_PROFILE_TURNED_OFF, android.service.notification.NotificationListenerService.REASON_UNAUTOBUNDLED, android.service.notification.NotificationListenerService.REASON_CHANNEL_BANNED, android.service.notification.NotificationListenerService.REASON_SNOOZED, android.service.notification.NotificationListenerService.REASON_TIMEOUT, android.service.notification.NotificationListenerService.REASON_CHANNEL_REMOVED, android.service.notification.NotificationListenerService.REASON_CLEAR_DATA, android.service.notification.NotificationListenerService.REASON_ASSISTANT_CANCEL, android.service.notification.NotificationListenerService.REASON_LOCKDOWN}" />
    </annotation>
  </item>
  <item name="android.service.notification.NotificationListenerService void onSilentStatusBarIconsVisibilityChanged(boolean)">
    <annotation name="androidx.annotation.UiThread"/>
  </item>
  <item name="android.service.notification.NotificationListenerService.Ranking int getImportance()">
    <annotation name="androidx.annotation.IntDef">
      <val name="value" val="{android.app.NotificationManager.IMPORTANCE_UNSPECIFIED, android.app.NotificationManager.IMPORTANCE_NONE, android.app.NotificationManager.IMPORTANCE_MIN, android.app.NotificationManager.IMPORTANCE_LOW, android.app.NotificationManager.IMPORTANCE_DEFAULT, android.app.NotificationManager.IMPORTANCE_HIGH}" />
    </annotation>
  </item>
  <item name="android.service.notification.NotificationListenerService.Ranking int getLockscreenVisibilityOverride()">
    <annotation name="androidx.annotation.IntDef">
      <val name="value" val="{android.app.Notification.VISIBILITY_PUBLIC, android.app.Notification.VISIBILITY_PRIVATE, android.app.Notification.VISIBILITY_SECRET}" />
    </annotation>
  </item>
  <item name="android.service.notification.NotificationListenerService.Ranking int getProposedImportance()">
    <annotation name="androidx.annotation.IntDef">
      <val name="value" val="{android.app.NotificationManager.IMPORTANCE_UNSPECIFIED, android.app.NotificationManager.IMPORTANCE_NONE, android.app.NotificationManager.IMPORTANCE_MIN, android.app.NotificationManager.IMPORTANCE_LOW, android.app.NotificationManager.IMPORTANCE_DEFAULT, android.app.NotificationManager.IMPORTANCE_HIGH}" />
    </annotation>
  </item>
  <item name="android.service.notification.NotificationStats int getDismissalSentiment()">
    <annotation name="androidx.annotation.IntDef">
      <val name="value" val="{android.service.notification.NotificationStats.DISMISS_SENTIMENT_UNKNOWN, android.service.notification.NotificationStats.DISMISS_SENTIMENT_NEGATIVE, android.service.notification.NotificationStats.DISMISS_SENTIMENT_NEUTRAL, android.service.notification.NotificationStats.DISMISS_SENTIMENT_POSITIVE}" />
    </annotation>
  </item>
  <item name="android.service.notification.NotificationStats int getDismissalSurface()">
    <annotation name="androidx.annotation.IntDef">
      <val name="value" val="{android.service.notification.NotificationStats.DISMISSAL_NOT_DISMISSED, android.service.notification.NotificationStats.DISMISSAL_OTHER, android.service.notification.NotificationStats.DISMISSAL_PEEK, android.service.notification.NotificationStats.DISMISSAL_AOD, android.service.notification.NotificationStats.DISMISSAL_SHADE}" />
    </annotation>
  </item>
  <item name="android.service.notification.NotificationStats void setDismissalSentiment(int) 0">
    <annotation name="androidx.annotation.IntDef">
      <val name="value" val="{android.service.notification.NotificationStats.DISMISS_SENTIMENT_UNKNOWN, android.service.notification.NotificationStats.DISMISS_SENTIMENT_NEGATIVE, android.service.notification.NotificationStats.DISMISS_SENTIMENT_NEUTRAL, android.service.notification.NotificationStats.DISMISS_SENTIMENT_POSITIVE}" />
    </annotation>
  </item>
  <item name="android.service.notification.NotificationStats void setDismissalSurface(int) 0">
    <annotation name="androidx.annotation.IntDef">
      <val name="value" val="{android.service.notification.NotificationStats.DISMISSAL_NOT_DISMISSED, android.service.notification.NotificationStats.DISMISSAL_OTHER, android.service.notification.NotificationStats.DISMISSAL_PEEK, android.service.notification.NotificationStats.DISMISSAL_AOD, android.service.notification.NotificationStats.DISMISSAL_SHADE}" />
    </annotation>
  </item>
  <item name="android.service.notification.ZenPolicy int getPriorityCallSenders()">
    <annotation name="androidx.annotation.IntDef">
      <val name="value" val="{android.service.notification.ZenPolicy.PEOPLE_TYPE_UNSET, android.service.notification.ZenPolicy.PEOPLE_TYPE_ANYONE, android.service.notification.ZenPolicy.PEOPLE_TYPE_CONTACTS, android.service.notification.ZenPolicy.PEOPLE_TYPE_STARRED, android.service.notification.ZenPolicy.PEOPLE_TYPE_NONE}" />
    </annotation>
  </item>
  <item name="android.service.notification.ZenPolicy int getPriorityCategoryAlarms()">
    <annotation name="androidx.annotation.IntDef">
      <val name="value" val="{android.service.notification.ZenPolicy.STATE_UNSET, android.service.notification.ZenPolicy.STATE_ALLOW, android.service.notification.ZenPolicy.STATE_DISALLOW}" />
    </annotation>
  </item>
  <item name="android.service.notification.ZenPolicy int getPriorityCategoryCalls()">
    <annotation name="androidx.annotation.IntDef">
      <val name="value" val="{android.service.notification.ZenPolicy.STATE_UNSET, android.service.notification.ZenPolicy.STATE_ALLOW, android.service.notification.ZenPolicy.STATE_DISALLOW}" />
    </annotation>
  </item>
  <item name="android.service.notification.ZenPolicy int getPriorityCategoryConversations()">
    <annotation name="androidx.annotation.IntDef">
      <val name="value" val="{android.service.notification.ZenPolicy.STATE_UNSET, android.service.notification.ZenPolicy.STATE_ALLOW, android.service.notification.ZenPolicy.STATE_DISALLOW}" />
    </annotation>
  </item>
  <item name="android.service.notification.ZenPolicy int getPriorityCategoryEvents()">
    <annotation name="androidx.annotation.IntDef">
      <val name="value" val="{android.service.notification.ZenPolicy.STATE_UNSET, android.service.notification.ZenPolicy.STATE_ALLOW, android.service.notification.ZenPolicy.STATE_DISALLOW}" />
    </annotation>
  </item>
  <item name="android.service.notification.ZenPolicy int getPriorityCategoryMedia()">
    <annotation name="androidx.annotation.IntDef">
      <val name="value" val="{android.service.notification.ZenPolicy.STATE_UNSET, android.service.notification.ZenPolicy.STATE_ALLOW, android.service.notification.ZenPolicy.STATE_DISALLOW}" />
    </annotation>
  </item>
  <item name="android.service.notification.ZenPolicy int getPriorityCategoryMessages()">
    <annotation name="androidx.annotation.IntDef">
      <val name="value" val="{android.service.notification.ZenPolicy.STATE_UNSET, android.service.notification.ZenPolicy.STATE_ALLOW, android.service.notification.ZenPolicy.STATE_DISALLOW}" />
    </annotation>
  </item>
  <item name="android.service.notification.ZenPolicy int getPriorityCategoryReminders()">
    <annotation name="androidx.annotation.IntDef">
      <val name="value" val="{android.service.notification.ZenPolicy.STATE_UNSET, android.service.notification.ZenPolicy.STATE_ALLOW, android.service.notification.ZenPolicy.STATE_DISALLOW}" />
    </annotation>
  </item>
  <item name="android.service.notification.ZenPolicy int getPriorityCategoryRepeatCallers()">
    <annotation name="androidx.annotation.IntDef">
      <val name="value" val="{android.service.notification.ZenPolicy.STATE_UNSET, android.service.notification.ZenPolicy.STATE_ALLOW, android.service.notification.ZenPolicy.STATE_DISALLOW}" />
    </annotation>
  </item>
  <item name="android.service.notification.ZenPolicy int getPriorityCategorySystem()">
    <annotation name="androidx.annotation.IntDef">
      <val name="value" val="{android.service.notification.ZenPolicy.STATE_UNSET, android.service.notification.ZenPolicy.STATE_ALLOW, android.service.notification.ZenPolicy.STATE_DISALLOW}" />
    </annotation>
  </item>
  <item name="android.service.notification.ZenPolicy int getPriorityChannelsAllowed()">
    <annotation name="androidx.annotation.IntDef">
      <val name="value" val="{android.service.notification.ZenPolicy.STATE_UNSET, android.service.notification.ZenPolicy.STATE_ALLOW, android.service.notification.ZenPolicy.STATE_DISALLOW}" />
    </annotation>
  </item>
  <item name="android.service.notification.ZenPolicy int getPriorityConversationSenders()">
    <annotation name="androidx.annotation.IntDef">
      <val name="value" val="{android.service.notification.ZenPolicy.CONVERSATION_SENDERS_UNSET, android.service.notification.ZenPolicy.CONVERSATION_SENDERS_ANYONE, android.service.notification.ZenPolicy.CONVERSATION_SENDERS_IMPORTANT, android.service.notification.ZenPolicy.CONVERSATION_SENDERS_NONE}" />
    </annotation>
  </item>
  <item name="android.service.notification.ZenPolicy int getPriorityMessageSenders()">
    <annotation name="androidx.annotation.IntDef">
      <val name="value" val="{android.service.notification.ZenPolicy.PEOPLE_TYPE_UNSET, android.service.notification.ZenPolicy.PEOPLE_TYPE_ANYONE, android.service.notification.ZenPolicy.PEOPLE_TYPE_CONTACTS, android.service.notification.ZenPolicy.PEOPLE_TYPE_STARRED, android.service.notification.ZenPolicy.PEOPLE_TYPE_NONE}" />
    </annotation>
  </item>
  <item name="android.service.notification.ZenPolicy int getVisualEffectAmbient()">
    <annotation name="androidx.annotation.IntDef">
      <val name="value" val="{android.service.notification.ZenPolicy.STATE_UNSET, android.service.notification.ZenPolicy.STATE_ALLOW, android.service.notification.ZenPolicy.STATE_DISALLOW}" />
    </annotation>
  </item>
  <item name="android.service.notification.ZenPolicy int getVisualEffectBadge()">
    <annotation name="androidx.annotation.IntDef">
      <val name="value" val="{android.service.notification.ZenPolicy.STATE_UNSET, android.service.notification.ZenPolicy.STATE_ALLOW, android.service.notification.ZenPolicy.STATE_DISALLOW}" />
    </annotation>
  </item>
  <item name="android.service.notification.ZenPolicy int getVisualEffectFullScreenIntent()">
    <annotation name="androidx.annotation.IntDef">
      <val name="value" val="{android.service.notification.ZenPolicy.STATE_UNSET, android.service.notification.ZenPolicy.STATE_ALLOW, android.service.notification.ZenPolicy.STATE_DISALLOW}" />
    </annotation>
  </item>
  <item name="android.service.notification.ZenPolicy int getVisualEffectLights()">
    <annotation name="androidx.annotation.IntDef">
      <val name="value" val="{android.service.notification.ZenPolicy.STATE_UNSET, android.service.notification.ZenPolicy.STATE_ALLOW, android.service.notification.ZenPolicy.STATE_DISALLOW}" />
    </annotation>
  </item>
  <item name="android.service.notification.ZenPolicy int getVisualEffectNotificationList()">
    <annotation name="androidx.annotation.IntDef">
      <val name="value" val="{android.service.notification.ZenPolicy.STATE_UNSET, android.service.notification.ZenPolicy.STATE_ALLOW, android.service.notification.ZenPolicy.STATE_DISALLOW}" />
    </annotation>
  </item>
  <item name="android.service.notification.ZenPolicy int getVisualEffectPeek()">
    <annotation name="androidx.annotation.IntDef">
      <val name="value" val="{android.service.notification.ZenPolicy.STATE_UNSET, android.service.notification.ZenPolicy.STATE_ALLOW, android.service.notification.ZenPolicy.STATE_DISALLOW}" />
    </annotation>
  </item>
  <item name="android.service.notification.ZenPolicy int getVisualEffectStatusBar()">
    <annotation name="androidx.annotation.IntDef">
      <val name="value" val="{android.service.notification.ZenPolicy.STATE_UNSET, android.service.notification.ZenPolicy.STATE_ALLOW, android.service.notification.ZenPolicy.STATE_DISALLOW}" />
    </annotation>
  </item>
  <item name="android.service.notification.ZenPolicy.Builder android.service.notification.ZenPolicy.Builder allowCalls(int) 0">
    <annotation name="androidx.annotation.IntDef">
      <val name="value" val="{android.service.notification.ZenPolicy.PEOPLE_TYPE_UNSET, android.service.notification.ZenPolicy.PEOPLE_TYPE_ANYONE, android.service.notification.ZenPolicy.PEOPLE_TYPE_CONTACTS, android.service.notification.ZenPolicy.PEOPLE_TYPE_STARRED, android.service.notification.ZenPolicy.PEOPLE_TYPE_NONE}" />
    </annotation>
  </item>
  <item name="android.service.notification.ZenPolicy.Builder android.service.notification.ZenPolicy.Builder allowConversations(int) 0">
    <annotation name="androidx.annotation.IntDef">
      <val name="value" val="{android.service.notification.ZenPolicy.CONVERSATION_SENDERS_UNSET, android.service.notification.ZenPolicy.CONVERSATION_SENDERS_ANYONE, android.service.notification.ZenPolicy.CONVERSATION_SENDERS_IMPORTANT, android.service.notification.ZenPolicy.CONVERSATION_SENDERS_NONE}" />
    </annotation>
  </item>
  <item name="android.service.notification.ZenPolicy.Builder android.service.notification.ZenPolicy.Builder allowMessages(int) 0">
    <annotation name="androidx.annotation.IntDef">
      <val name="value" val="{android.service.notification.ZenPolicy.PEOPLE_TYPE_UNSET, android.service.notification.ZenPolicy.PEOPLE_TYPE_ANYONE, android.service.notification.ZenPolicy.PEOPLE_TYPE_CONTACTS, android.service.notification.ZenPolicy.PEOPLE_TYPE_STARRED, android.service.notification.ZenPolicy.PEOPLE_TYPE_NONE}" />
    </annotation>
  </item>
</root>

