<?xml version="1.0" encoding="UTF-8"?>
<root>
  <item name="android.app.search.SearchContext SearchContext(int, int) 0">
    <annotation name="androidx.annotation.IntDef">
      <val name="value" val="{android.app.search.SearchTarget.RESULT_TYPE_APPLICATION, android.app.search.SearchTarget.RESULT_TYPE_SHORTCUT, android.app.search.SearchTarget.RESULT_TYPE_SLICE, android.app.search.SearchTarget.RESULT_TYPE_WIDGETS}" />
    </annotation>
  </item>
  <item name="android.app.search.SearchTarget int getResultType()">
    <annotation name="androidx.annotation.IntDef">
      <val name="value" val="{android.app.search.SearchTarget.RESULT_TYPE_APPLICATION, android.app.search.SearchTarget.RESULT_TYPE_SHORTCUT, android.app.search.SearchTarget.RESULT_TYPE_SLICE, android.app.search.SearchTarget.RESULT_TYPE_WIDGETS}" />
    </annotation>
  </item>
  <item name="android.app.search.SearchTarget java.lang.String getLayoutType()">
    <annotation name="androidx.annotation.StringDef">
      <val name="value" val="{android.app.search.SearchTarget.LAYOUT_TYPE_ICON, android.app.search.SearchTarget.LAYOUT_TYPE_ICON_ROW, android.app.search.SearchTarget.LAYOUT_TYPE_SHORT_ICON_ROW}" />
    </annotation>
  </item>
  <item name="android.app.search.SearchTarget.Builder Builder(int, java.lang.String, java.lang.String) 0">
    <annotation name="androidx.annotation.IntDef">
      <val name="value" val="{android.app.search.SearchTarget.RESULT_TYPE_APPLICATION, android.app.search.SearchTarget.RESULT_TYPE_SHORTCUT, android.app.search.SearchTarget.RESULT_TYPE_SLICE, android.app.search.SearchTarget.RESULT_TYPE_WIDGETS}" />
    </annotation>
  </item>
  <item name="android.app.search.SearchTarget.Builder Builder(int, java.lang.String, java.lang.String) 1">
    <annotation name="androidx.annotation.StringDef">
      <val name="value" val="{android.app.search.SearchTarget.LAYOUT_TYPE_ICON, android.app.search.SearchTarget.LAYOUT_TYPE_ICON_ROW, android.app.search.SearchTarget.LAYOUT_TYPE_SHORT_ICON_ROW}" />
    </annotation>
  </item>
  <item name="android.app.search.SearchTarget.Builder android.app.search.SearchTarget.Builder setScore(float) 0">
    <annotation name="androidx.annotation.FloatRange">
      <val name="from" val="0.0" />
      <val name="to" val="1.0" />
    </annotation>
  </item>
  <item name="android.app.search.SearchTargetEvent int getAction()">
    <annotation name="androidx.annotation.IntDef">
      <val name="value" val="{android.app.search.SearchTargetEvent.ACTION_SURFACE_VISIBLE, android.app.search.SearchTargetEvent.ACTION_TAP, android.app.search.SearchTargetEvent.ACTION_LONGPRESS, android.app.search.SearchTargetEvent.ACTION_LAUNCH_TOUCH, android.app.search.SearchTargetEvent.ACTION_LAUNCH_KEYBOARD_FOCUS, android.app.search.SearchTargetEvent.ACTION_DRAGNDROP, android.app.search.SearchTargetEvent.ACTION_SURFACE_INVISIBLE, android.app.search.SearchTargetEvent.ACTION_DELETE, android.app.search.SearchTargetEvent.ACTION_DISMISS}" />
    </annotation>
  </item>
  <item name="android.app.search.SearchTargetEvent.Builder Builder(java.lang.String, int) 1">
    <annotation name="androidx.annotation.IntDef">
      <val name="value" val="{android.app.search.SearchTargetEvent.ACTION_SURFACE_VISIBLE, android.app.search.SearchTargetEvent.ACTION_TAP, android.app.search.SearchTargetEvent.ACTION_LONGPRESS, android.app.search.SearchTargetEvent.ACTION_LAUNCH_TOUCH, android.app.search.SearchTargetEvent.ACTION_LAUNCH_KEYBOARD_FOCUS, android.app.search.SearchTargetEvent.ACTION_DRAGNDROP, android.app.search.SearchTargetEvent.ACTION_SURFACE_INVISIBLE, android.app.search.SearchTargetEvent.ACTION_DELETE, android.app.search.SearchTargetEvent.ACTION_DISMISS}" />
    </annotation>
  </item>
  <item name="android.app.search.SearchTargetEvent.Builder Builder(java.util.List&lt;java.lang.String&gt;, int) 1">
    <annotation name="androidx.annotation.IntDef">
      <val name="value" val="{android.app.search.SearchTargetEvent.ACTION_SURFACE_VISIBLE, android.app.search.SearchTargetEvent.ACTION_TAP, android.app.search.SearchTargetEvent.ACTION_LONGPRESS, android.app.search.SearchTargetEvent.ACTION_LAUNCH_TOUCH, android.app.search.SearchTargetEvent.ACTION_LAUNCH_KEYBOARD_FOCUS, android.app.search.SearchTargetEvent.ACTION_DRAGNDROP, android.app.search.SearchTargetEvent.ACTION_SURFACE_INVISIBLE, android.app.search.SearchTargetEvent.ACTION_DELETE, android.app.search.SearchTargetEvent.ACTION_DISMISS}" />
    </annotation>
  </item>
</root>

