<?xml version="1.0" encoding="UTF-8"?>
<root>
  <item name="android.service.textclassifier.TextClassifierService void onClassifyText(android.view.textclassifier.TextClassificationSessionId, android.view.textclassifier.TextClassification.Request, android.os.CancellationSignal, android.service.textclassifier.TextClassifierService.Callback&lt;android.view.textclassifier.TextClassification&gt;)">
    <annotation name="androidx.annotation.MainThread"/>
  </item>
  <item name="android.service.textclassifier.TextClassifierService void onCreateTextClassificationSession(android.view.textclassifier.TextClassificationContext, android.view.textclassifier.TextClassificationSessionId)">
    <annotation name="androidx.annotation.MainThread"/>
  </item>
  <item name="android.service.textclassifier.TextClassifierService void onDestroyTextClassificationSession(android.view.textclassifier.TextClassificationSessionId)">
    <annotation name="androidx.annotation.MainThread"/>
  </item>
  <item name="android.service.textclassifier.TextClassifierService void onDetectLanguage(android.view.textclassifier.TextClassificationSessionId, android.view.textclassifier.TextLanguage.Request, android.os.CancellationSignal, android.service.textclassifier.TextClassifierService.Callback&lt;android.view.textclassifier.TextLanguage&gt;)">
    <annotation name="androidx.annotation.MainThread"/>
  </item>
  <item name="android.service.textclassifier.TextClassifierService void onGenerateLinks(android.view.textclassifier.TextClassificationSessionId, android.view.textclassifier.TextLinks.Request, android.os.CancellationSignal, android.service.textclassifier.TextClassifierService.Callback&lt;android.view.textclassifier.TextLinks&gt;)">
    <annotation name="androidx.annotation.MainThread"/>
  </item>
  <item name="android.service.textclassifier.TextClassifierService void onSelectionEvent(android.view.textclassifier.TextClassificationSessionId, android.view.textclassifier.SelectionEvent)">
    <annotation name="androidx.annotation.MainThread"/>
  </item>
  <item name="android.service.textclassifier.TextClassifierService void onSuggestConversationActions(android.view.textclassifier.TextClassificationSessionId, android.view.textclassifier.ConversationActions.Request, android.os.CancellationSignal, android.service.textclassifier.TextClassifierService.Callback&lt;android.view.textclassifier.ConversationActions&gt;)">
    <annotation name="androidx.annotation.MainThread"/>
  </item>
  <item name="android.service.textclassifier.TextClassifierService void onSuggestSelection(android.view.textclassifier.TextClassificationSessionId, android.view.textclassifier.TextSelection.Request, android.os.CancellationSignal, android.service.textclassifier.TextClassifierService.Callback&lt;android.view.textclassifier.TextSelection&gt;)">
    <annotation name="androidx.annotation.MainThread"/>
  </item>
  <item name="android.service.textclassifier.TextClassifierService void onTextClassifierEvent(android.view.textclassifier.TextClassificationSessionId, android.view.textclassifier.TextClassifierEvent)">
    <annotation name="androidx.annotation.MainThread"/>
  </item>
</root>

