<?xml version="1.0" encoding="UTF-8"?>
<root>
  <item name="android.location.provider.ForwardGeocodeRequest double getLowerLeftLatitude()">
    <annotation name="androidx.annotation.FloatRange">
      <val name="from" val="-90.0" />
      <val name="to" val="90.0" />
    </annotation>
  </item>
  <item name="android.location.provider.ForwardGeocodeRequest double getLowerLeftLongitude()">
    <annotation name="androidx.annotation.FloatRange">
      <val name="from" val="-180.0" />
      <val name="to" val="180.0" />
    </annotation>
  </item>
  <item name="android.location.provider.ForwardGeocodeRequest double getUpperRightLatitude()">
    <annotation name="androidx.annotation.FloatRange">
      <val name="from" val="-90.0" />
      <val name="to" val="90.0" />
    </annotation>
  </item>
  <item name="android.location.provider.ForwardGeocodeRequest double getUpperRightLongitude()">
    <annotation name="androidx.annotation.FloatRange">
      <val name="from" val="-180.0" />
      <val name="to" val="180.0" />
    </annotation>
  </item>
  <item name="android.location.provider.ForwardGeocodeRequest int getMaxResults()">
    <annotation name="androidx.annotation.IntRange">
      <val name="from" val="1" />
    </annotation>
  </item>
  <item name="android.location.provider.ForwardGeocodeRequest.Builder Builder(java.lang.String, double, double, double, double, int, java.util.Locale, int, java.lang.String) 1">
    <annotation name="androidx.annotation.FloatRange">
      <val name="from" val="-90.0" />
      <val name="to" val="90.0" />
    </annotation>
  </item>
  <item name="android.location.provider.ForwardGeocodeRequest.Builder Builder(java.lang.String, double, double, double, double, int, java.util.Locale, int, java.lang.String) 2">
    <annotation name="androidx.annotation.FloatRange">
      <val name="from" val="-180.0" />
      <val name="to" val="180.0" />
    </annotation>
  </item>
  <item name="android.location.provider.ForwardGeocodeRequest.Builder Builder(java.lang.String, double, double, double, double, int, java.util.Locale, int, java.lang.String) 3">
    <annotation name="androidx.annotation.FloatRange">
      <val name="from" val="-90.0" />
      <val name="to" val="90.0" />
    </annotation>
  </item>
  <item name="android.location.provider.ForwardGeocodeRequest.Builder Builder(java.lang.String, double, double, double, double, int, java.util.Locale, int, java.lang.String) 4">
    <annotation name="androidx.annotation.FloatRange">
      <val name="from" val="-180.0" />
      <val name="to" val="180.0" />
    </annotation>
  </item>
  <item name="android.location.provider.ForwardGeocodeRequest.Builder Builder(java.lang.String, double, double, double, double, int, java.util.Locale, int, java.lang.String) 5">
    <annotation name="androidx.annotation.IntRange">
      <val name="from" val="1" />
    </annotation>
  </item>
  <item name="android.location.provider.ProviderProperties int getAccuracy()">
    <annotation name="androidx.annotation.IntDef">
      <val name="value" val="{android.location.provider.ProviderProperties.ACCURACY_FINE, android.location.provider.ProviderProperties.ACCURACY_COARSE}" />
    </annotation>
  </item>
  <item name="android.location.provider.ProviderProperties int getPowerUsage()">
    <annotation name="androidx.annotation.IntDef">
      <val name="value" val="{android.location.provider.ProviderProperties.POWER_USAGE_LOW, android.location.provider.ProviderProperties.POWER_USAGE_MEDIUM, android.location.provider.ProviderProperties.POWER_USAGE_HIGH}" />
    </annotation>
  </item>
  <item name="android.location.provider.ProviderProperties.Builder android.location.provider.ProviderProperties.Builder setAccuracy(int) 0">
    <annotation name="androidx.annotation.IntDef">
      <val name="value" val="{android.location.provider.ProviderProperties.ACCURACY_FINE, android.location.provider.ProviderProperties.ACCURACY_COARSE}" />
    </annotation>
  </item>
  <item name="android.location.provider.ProviderProperties.Builder android.location.provider.ProviderProperties.Builder setPowerUsage(int) 0">
    <annotation name="androidx.annotation.IntDef">
      <val name="value" val="{android.location.provider.ProviderProperties.POWER_USAGE_LOW, android.location.provider.ProviderProperties.POWER_USAGE_MEDIUM, android.location.provider.ProviderProperties.POWER_USAGE_HIGH}" />
    </annotation>
  </item>
  <item name="android.location.provider.ProviderRequest int getQuality()">
    <annotation name="androidx.annotation.IntDef">
      <val name="value" val="{android.location.LocationRequest.QUALITY_LOW_POWER, android.location.LocationRequest.QUALITY_BALANCED_POWER_ACCURACY, android.location.LocationRequest.QUALITY_HIGH_ACCURACY}" />
    </annotation>
  </item>
  <item name="android.location.provider.ProviderRequest long getIntervalMillis()">
    <annotation name="androidx.annotation.IntRange">
      <val name="from" val="0" />
    </annotation>
  </item>
  <item name="android.location.provider.ProviderRequest long getMaxUpdateDelayMillis()">
    <annotation name="androidx.annotation.IntRange">
      <val name="from" val="0" />
    </annotation>
  </item>
  <item name="android.location.provider.ProviderRequest.Builder android.location.provider.ProviderRequest.Builder setIntervalMillis(long) 0">
    <annotation name="androidx.annotation.IntRange">
      <val name="from" val="0" />
    </annotation>
  </item>
  <item name="android.location.provider.ProviderRequest.Builder android.location.provider.ProviderRequest.Builder setMaxUpdateDelayMillis(long) 0">
    <annotation name="androidx.annotation.IntRange">
      <val name="from" val="0" />
    </annotation>
  </item>
  <item name="android.location.provider.ProviderRequest.Builder android.location.provider.ProviderRequest.Builder setQuality(int) 0">
    <annotation name="androidx.annotation.IntDef">
      <val name="value" val="{android.location.LocationRequest.QUALITY_LOW_POWER, android.location.LocationRequest.QUALITY_BALANCED_POWER_ACCURACY, android.location.LocationRequest.QUALITY_HIGH_ACCURACY}" />
    </annotation>
  </item>
  <item name="android.location.provider.ReverseGeocodeRequest double getLatitude()">
    <annotation name="androidx.annotation.FloatRange">
      <val name="from" val="-90.0" />
      <val name="to" val="90.0" />
    </annotation>
  </item>
  <item name="android.location.provider.ReverseGeocodeRequest double getLongitude()">
    <annotation name="androidx.annotation.FloatRange">
      <val name="from" val="-180.0" />
      <val name="to" val="180.0" />
    </annotation>
  </item>
  <item name="android.location.provider.ReverseGeocodeRequest int getMaxResults()">
    <annotation name="androidx.annotation.IntRange">
      <val name="from" val="1" />
    </annotation>
  </item>
  <item name="android.location.provider.ReverseGeocodeRequest.Builder Builder(double, double, int, java.util.Locale, int, java.lang.String) 0">
    <annotation name="androidx.annotation.FloatRange">
      <val name="from" val="-90.0" />
      <val name="to" val="90.0" />
    </annotation>
  </item>
  <item name="android.location.provider.ReverseGeocodeRequest.Builder Builder(double, double, int, java.util.Locale, int, java.lang.String) 1">
    <annotation name="androidx.annotation.FloatRange">
      <val name="from" val="-180.0" />
      <val name="to" val="180.0" />
    </annotation>
  </item>
  <item name="android.location.provider.ReverseGeocodeRequest.Builder Builder(double, double, int, java.util.Locale, int, java.lang.String) 2">
    <annotation name="androidx.annotation.IntRange">
      <val name="from" val="0" />
    </annotation>
  </item>
</root>

