<?xml version="1.0" encoding="UTF-8"?>
<root>
  <item name="android.app.smartspace.SmartspaceConfig.Builder android.app.smartspace.SmartspaceConfig.Builder setSmartspaceTargetCount(int) 0">
    <annotation name="androidx.annotation.IntRange">
      <val name="from" val="0" />
      <val name="to" val="50" />
    </annotation>
  </item>
  <item name="android.app.smartspace.SmartspaceTarget int getFeatureType()">
    <annotation name="androidx.annotation.IntDef">
      <val name="value" val="{android.app.smartspace.SmartspaceTarget.FEATURE_UNDEFINED, android.app.smartspace.SmartspaceTarget.FEATURE_WEATHER, android.app.smartspace.SmartspaceTarget.FEATURE_CALENDAR, android.app.smartspace.SmartspaceTarget.FEATURE_COMMUTE_TIME, android.app.smartspace.SmartspaceTarget.FEATURE_FLIGHT, android.app.smartspace.SmartspaceTarget.FEATURE_TIPS, android.app.smartspace.SmartspaceTarget.FEATURE_REMINDER, android.app.smartspace.SmartspaceTarget.FEATURE_ALARM, android.app.smartspace.SmartspaceTarget.FEATURE_ONBOARDING, android.app.smartspace.SmartspaceTarget.FEATURE_SPORTS, android.app.smartspace.SmartspaceTarget.FEATURE_WEATHER_ALERT, android.app.smartspace.SmartspaceTarget.FEATURE_CONSENT, android.app.smartspace.SmartspaceTarget.FEATURE_STOCK_PRICE_CHANGE, android.app.smartspace.SmartspaceTarget.FEATURE_SHOPPING_LIST, android.app.smartspace.SmartspaceTarget.FEATURE_LOYALTY_CARD, android.app.smartspace.SmartspaceTarget.FEATURE_MEDIA, android.app.smartspace.SmartspaceTarget.FEATURE_BEDTIME_ROUTINE, android.app.smartspace.SmartspaceTarget.FEATURE_FITNESS_TRACKING, android.app.smartspace.SmartspaceTarget.FEATURE_ETA_MONITORING, android.app.smartspace.SmartspaceTarget.FEATURE_MISSED_CALL, android.app.smartspace.SmartspaceTarget.FEATURE_PACKAGE_TRACKING, android.app.smartspace.SmartspaceTarget.FEATURE_TIMER, android.app.smartspace.SmartspaceTarget.FEATURE_STOPWATCH, android.app.smartspace.SmartspaceTarget.FEATURE_UPCOMING_ALARM, android.app.smartspace.SmartspaceTarget.FEATURE_GAS_STATION_PAYMENT, android.app.smartspace.SmartspaceTarget.FEATURE_PAIRED_DEVICE_STATE, android.app.smartspace.SmartspaceTarget.FEATURE_DRIVING_MODE, android.app.smartspace.SmartspaceTarget.FEATURE_SLEEP_SUMMARY, android.app.smartspace.SmartspaceTarget.FEATURE_FLASHLIGHT, android.app.smartspace.SmartspaceTarget.FEATURE_TIME_TO_LEAVE, android.app.smartspace.SmartspaceTarget.FEATURE_DOORBELL, android.app.smartspace.SmartspaceTarget.FEATURE_MEDIA_RESUME, android.app.smartspace.SmartspaceTarget.FEATURE_CROSS_DEVICE_TIMER, android.app.smartspace.SmartspaceTarget.FEATURE_SEVERE_WEATHER_ALERT, android.app.smartspace.SmartspaceTarget.FEATURE_HOLIDAY_ALARM, android.app.smartspace.SmartspaceTarget.FEATURE_SAFETY_CHECK, android.app.smartspace.SmartspaceTarget.FEATURE_MEDIA_HEADS_UP, android.app.smartspace.SmartspaceTarget.FEATURE_STEP_COUNTING, android.app.smartspace.SmartspaceTarget.FEATURE_EARTHQUAKE_ALERT, android.app.smartspace.SmartspaceTarget.FEATURE_STEP_DATE, android.app.smartspace.SmartspaceTarget.FEATURE_BLAZE_BUILD_PROGRESS, android.app.smartspace.SmartspaceTarget.FEATURE_EARTHQUAKE_OCCURRED}" />
    </annotation>
  </item>
  <item name="android.app.smartspace.SmartspaceTargetEvent int getEventType()">
    <annotation name="androidx.annotation.IntDef">
      <val name="value" val="{android.app.smartspace.SmartspaceTargetEvent.EVENT_TARGET_INTERACTION, android.app.smartspace.SmartspaceTargetEvent.EVENT_TARGET_SHOWN, android.app.smartspace.SmartspaceTargetEvent.EVENT_TARGET_HIDDEN, android.app.smartspace.SmartspaceTargetEvent.EVENT_TARGET_DISMISS, android.app.smartspace.SmartspaceTargetEvent.EVENT_TARGET_BLOCK, android.app.smartspace.SmartspaceTargetEvent.EVENT_UI_SURFACE_SHOWN, android.app.smartspace.SmartspaceTargetEvent.EVENT_UI_SURFACE_HIDDEN}" />
    </annotation>
  </item>
  <item name="android.app.smartspace.SmartspaceTargetEvent.Builder Builder(int) 0">
    <annotation name="androidx.annotation.IntDef">
      <val name="value" val="{android.app.smartspace.SmartspaceTargetEvent.EVENT_TARGET_INTERACTION, android.app.smartspace.SmartspaceTargetEvent.EVENT_TARGET_SHOWN, android.app.smartspace.SmartspaceTargetEvent.EVENT_TARGET_HIDDEN, android.app.smartspace.SmartspaceTargetEvent.EVENT_TARGET_DISMISS, android.app.smartspace.SmartspaceTargetEvent.EVENT_TARGET_BLOCK, android.app.smartspace.SmartspaceTargetEvent.EVENT_UI_SURFACE_SHOWN, android.app.smartspace.SmartspaceTargetEvent.EVENT_UI_SURFACE_HIDDEN}" />
    </annotation>
  </item>
</root>

