<?xml version="1.0" encoding="UTF-8"?>
<root>
  <item name="android.app.role.RoleControllerService boolean onAddRoleHolder(java.lang.String, java.lang.String, int)">
    <annotation name="androidx.annotation.WorkerThread"/>
  </item>
  <item name="android.app.role.RoleControllerService boolean onAddRoleHolder(java.lang.String, java.lang.String, int) 2">
    <annotation name="androidx.annotation.IntDef">
      <val name="value" val="{android.app.role.RoleManager.MANAGE_HOLDERS_FLAG_DONT_KILL_APP}" />
      <val name="flag" val="true" />
    </annotation>
  </item>
  <item name="android.app.role.RoleControllerService boolean onClearRoleHolders(java.lang.String, int)">
    <annotation name="androidx.annotation.WorkerThread"/>
  </item>
  <item name="android.app.role.RoleControllerService boolean onClearRoleHolders(java.lang.String, int) 1">
    <annotation name="androidx.annotation.IntDef">
      <val name="value" val="{android.app.role.RoleManager.MANAGE_HOLDERS_FLAG_DONT_KILL_APP}" />
      <val name="flag" val="true" />
    </annotation>
  </item>
  <item name="android.app.role.RoleControllerService boolean onGrantDefaultRoles()">
    <annotation name="androidx.annotation.WorkerThread"/>
  </item>
  <item name="android.app.role.RoleControllerService boolean onRemoveRoleHolder(java.lang.String, java.lang.String, int)">
    <annotation name="androidx.annotation.WorkerThread"/>
  </item>
  <item name="android.app.role.RoleControllerService boolean onRemoveRoleHolder(java.lang.String, java.lang.String, int) 2">
    <annotation name="androidx.annotation.IntDef">
      <val name="value" val="{android.app.role.RoleManager.MANAGE_HOLDERS_FLAG_DONT_KILL_APP}" />
      <val name="flag" val="true" />
    </annotation>
  </item>
  <item name="android.app.role.RoleManager boolean addRoleHolderFromController(java.lang.String, java.lang.String)">
    <annotation name="androidx.annotation.RequiresPermission">
      <val name="value" val="&quot;com.android.permissioncontroller.permission.MANAGE_ROLES_FROM_CONTROLLER&quot;" />
    </annotation>
  </item>
  <item name="android.app.role.RoleManager boolean isBypassingRoleQualification()">
    <annotation name="androidx.annotation.RequiresPermission">
      <val name="value" val="&quot;android.permission.MANAGE_ROLE_HOLDERS&quot;" />
    </annotation>
  </item>
  <item name="android.app.role.RoleManager boolean removeRoleHolderFromController(java.lang.String, java.lang.String)">
    <annotation name="androidx.annotation.RequiresPermission">
      <val name="value" val="&quot;com.android.permissioncontroller.permission.MANAGE_ROLES_FROM_CONTROLLER&quot;" />
    </annotation>
  </item>
  <item name="android.app.role.RoleManager java.lang.String getDefaultApplication(java.lang.String)">
    <annotation name="androidx.annotation.RequiresPermission">
      <val name="value" val="&quot;android.permission.MANAGE_DEFAULT_APPLICATIONS&quot;" />
    </annotation>
  </item>
  <item name="android.app.role.RoleManager java.util.List&lt;java.lang.String&gt; getHeldRolesFromController(java.lang.String)">
    <annotation name="androidx.annotation.RequiresPermission">
      <val name="value" val="&quot;com.android.permissioncontroller.permission.MANAGE_ROLES_FROM_CONTROLLER&quot;" />
    </annotation>
  </item>
  <item name="android.app.role.RoleManager java.util.List&lt;java.lang.String&gt; getRoleHolders(java.lang.String)">
    <annotation name="androidx.annotation.RequiresPermission">
      <val name="value" val="&quot;android.permission.MANAGE_ROLE_HOLDERS&quot;" />
    </annotation>
  </item>
  <item name="android.app.role.RoleManager java.util.List&lt;java.lang.String&gt; getRoleHoldersAsUser(java.lang.String, android.os.UserHandle)">
    <annotation name="androidx.annotation.RequiresPermission">
      <val name="value" val="&quot;android.permission.MANAGE_ROLE_HOLDERS&quot;" />
    </annotation>
  </item>
  <item name="android.app.role.RoleManager void addOnRoleHoldersChangedListenerAsUser(java.util.concurrent.Executor, android.app.role.OnRoleHoldersChangedListener, android.os.UserHandle)">
    <annotation name="androidx.annotation.RequiresPermission">
      <val name="value" val="&quot;android.permission.OBSERVE_ROLE_HOLDERS&quot;" />
    </annotation>
  </item>
  <item name="android.app.role.RoleManager void addRoleHolderAsUser(java.lang.String, java.lang.String, int, android.os.UserHandle, java.util.concurrent.Executor, java.util.function.Consumer&lt;java.lang.Boolean&gt;)">
    <annotation name="androidx.annotation.RequiresPermission">
      <val name="value" val="&quot;android.permission.MANAGE_ROLE_HOLDERS&quot;" />
    </annotation>
  </item>
  <item name="android.app.role.RoleManager void addRoleHolderAsUser(java.lang.String, java.lang.String, int, android.os.UserHandle, java.util.concurrent.Executor, java.util.function.Consumer&lt;java.lang.Boolean&gt;) 2">
    <annotation name="androidx.annotation.IntDef">
      <val name="value" val="{android.app.role.RoleManager.MANAGE_HOLDERS_FLAG_DONT_KILL_APP}" />
      <val name="flag" val="true" />
    </annotation>
  </item>
  <item name="android.app.role.RoleManager void clearRoleHoldersAsUser(java.lang.String, int, android.os.UserHandle, java.util.concurrent.Executor, java.util.function.Consumer&lt;java.lang.Boolean&gt;)">
    <annotation name="androidx.annotation.RequiresPermission">
      <val name="value" val="&quot;android.permission.MANAGE_ROLE_HOLDERS&quot;" />
    </annotation>
  </item>
  <item name="android.app.role.RoleManager void clearRoleHoldersAsUser(java.lang.String, int, android.os.UserHandle, java.util.concurrent.Executor, java.util.function.Consumer&lt;java.lang.Boolean&gt;) 1">
    <annotation name="androidx.annotation.IntDef">
      <val name="value" val="{android.app.role.RoleManager.MANAGE_HOLDERS_FLAG_DONT_KILL_APP}" />
      <val name="flag" val="true" />
    </annotation>
  </item>
  <item name="android.app.role.RoleManager void isApplicationVisibleForRole(java.lang.String, java.lang.String, java.util.concurrent.Executor, java.util.function.Consumer&lt;java.lang.Boolean&gt;)">
    <annotation name="androidx.annotation.RequiresPermission">
      <val name="value" val="&quot;android.permission.MANAGE_ROLE_HOLDERS&quot;" />
    </annotation>
  </item>
  <item name="android.app.role.RoleManager void isRoleVisible(java.lang.String, java.util.concurrent.Executor, java.util.function.Consumer&lt;java.lang.Boolean&gt;)">
    <annotation name="androidx.annotation.RequiresPermission">
      <val name="value" val="&quot;android.permission.MANAGE_ROLE_HOLDERS&quot;" />
    </annotation>
  </item>
  <item name="android.app.role.RoleManager void removeOnRoleHoldersChangedListenerAsUser(android.app.role.OnRoleHoldersChangedListener, android.os.UserHandle)">
    <annotation name="androidx.annotation.RequiresPermission">
      <val name="value" val="&quot;android.permission.OBSERVE_ROLE_HOLDERS&quot;" />
    </annotation>
  </item>
  <item name="android.app.role.RoleManager void removeRoleHolderAsUser(java.lang.String, java.lang.String, int, android.os.UserHandle, java.util.concurrent.Executor, java.util.function.Consumer&lt;java.lang.Boolean&gt;)">
    <annotation name="androidx.annotation.RequiresPermission">
      <val name="value" val="&quot;android.permission.MANAGE_ROLE_HOLDERS&quot;" />
    </annotation>
  </item>
  <item name="android.app.role.RoleManager void removeRoleHolderAsUser(java.lang.String, java.lang.String, int, android.os.UserHandle, java.util.concurrent.Executor, java.util.function.Consumer&lt;java.lang.Boolean&gt;) 2">
    <annotation name="androidx.annotation.IntDef">
      <val name="value" val="{android.app.role.RoleManager.MANAGE_HOLDERS_FLAG_DONT_KILL_APP}" />
      <val name="flag" val="true" />
    </annotation>
  </item>
  <item name="android.app.role.RoleManager void setBypassingRoleQualification(boolean)">
    <annotation name="androidx.annotation.RequiresPermission">
      <val name="value" val="&quot;android.permission.BYPASS_ROLE_QUALIFICATION&quot;" />
    </annotation>
  </item>
  <item name="android.app.role.RoleManager void setDefaultApplication(java.lang.String, java.lang.String, int, java.util.concurrent.Executor, java.util.function.Consumer&lt;java.lang.Boolean&gt;)">
    <annotation name="androidx.annotation.RequiresPermission">
      <val name="value" val="&quot;android.permission.MANAGE_DEFAULT_APPLICATIONS&quot;" />
    </annotation>
  </item>
  <item name="android.app.role.RoleManager void setDefaultApplication(java.lang.String, java.lang.String, int, java.util.concurrent.Executor, java.util.function.Consumer&lt;java.lang.Boolean&gt;) 2">
    <annotation name="androidx.annotation.IntDef">
      <val name="value" val="{android.app.role.RoleManager.MANAGE_HOLDERS_FLAG_DONT_KILL_APP}" />
      <val name="flag" val="true" />
    </annotation>
  </item>
  <item name="android.app.role.RoleManager void setRoleNamesFromController(java.util.List&lt;java.lang.String&gt;)">
    <annotation name="androidx.annotation.RequiresPermission">
      <val name="value" val="&quot;com.android.permissioncontroller.permission.MANAGE_ROLES_FROM_CONTROLLER&quot;" />
    </annotation>
  </item>
</root>

