<?xml version="1.0" encoding="UTF-8"?>
<root>
  <item name="android.hardware.BatteryState float getCapacity()">
    <annotation name="androidx.annotation.FloatRange">
      <val name="from" val="-1.0" />
      <val name="to" val="1.0" />
    </annotation>
  </item>
  <item name="android.hardware.BatteryState int getStatus()">
    <annotation name="androidx.annotation.IntDef">
      <val name="value" val="{android.hardware.BatteryState.STATUS_UNKNOWN, android.hardware.BatteryState.STATUS_CHARGING, android.hardware.BatteryState.STATUS_DISCHARGING, android.hardware.BatteryState.STATUS_NOT_CHARGING, android.hardware.BatteryState.STATUS_FULL}" />
    </annotation>
  </item>
  <item name="android.hardware.DataSpace int getRange(int)">
    <annotation name="androidx.annotation.IntDef">
      <val name="value" val="{android.hardware.DataSpace.RANGE_UNSPECIFIED, android.hardware.DataSpace.RANGE_FULL, android.hardware.DataSpace.RANGE_LIMITED, android.hardware.DataSpace.RANGE_EXTENDED}" />
      <val name="flag" val="true" />
    </annotation>
  </item>
  <item name="android.hardware.DataSpace int getRange(int) 0">
    <annotation name="androidx.annotation.IntDef">
      <val name="value" val="{android.hardware.DataSpace.DATASPACE_UNKNOWN, android.hardware.DataSpace.DATASPACE_SCRGB_LINEAR, android.hardware.DataSpace.DATASPACE_SRGB, android.hardware.DataSpace.DATASPACE_SCRGB, android.hardware.DataSpace.DATASPACE_DISPLAY_P3, android.hardware.DataSpace.DATASPACE_BT2020_HLG, android.hardware.DataSpace.DATASPACE_BT2020_PQ, android.hardware.DataSpace.DATASPACE_ADOBE_RGB, android.hardware.DataSpace.DATASPACE_JFIF, android.hardware.DataSpace.DATASPACE_BT601_625, android.hardware.DataSpace.DATASPACE_BT601_525, android.hardware.DataSpace.DATASPACE_BT2020, android.hardware.DataSpace.DATASPACE_BT709, android.hardware.DataSpace.DATASPACE_DCI_P3, android.hardware.DataSpace.DATASPACE_SRGB_LINEAR}" />
      <val name="flag" val="true" />
    </annotation>
  </item>
  <item name="android.hardware.DataSpace int getStandard(int)">
    <annotation name="androidx.annotation.IntDef">
      <val name="value" val="{android.hardware.DataSpace.STANDARD_UNSPECIFIED, android.hardware.DataSpace.STANDARD_BT709, android.hardware.DataSpace.STANDARD_BT601_625, android.hardware.DataSpace.STANDARD_BT601_625_UNADJUSTED, android.hardware.DataSpace.STANDARD_BT601_525, android.hardware.DataSpace.STANDARD_BT601_525_UNADJUSTED, android.hardware.DataSpace.STANDARD_BT2020, android.hardware.DataSpace.STANDARD_BT2020_CONSTANT_LUMINANCE, android.hardware.DataSpace.STANDARD_BT470M, android.hardware.DataSpace.STANDARD_FILM, android.hardware.DataSpace.STANDARD_DCI_P3, android.hardware.DataSpace.STANDARD_ADOBE_RGB}" />
      <val name="flag" val="true" />
    </annotation>
  </item>
  <item name="android.hardware.DataSpace int getStandard(int) 0">
    <annotation name="androidx.annotation.IntDef">
      <val name="value" val="{android.hardware.DataSpace.DATASPACE_UNKNOWN, android.hardware.DataSpace.DATASPACE_SCRGB_LINEAR, android.hardware.DataSpace.DATASPACE_SRGB, android.hardware.DataSpace.DATASPACE_SCRGB, android.hardware.DataSpace.DATASPACE_DISPLAY_P3, android.hardware.DataSpace.DATASPACE_BT2020_HLG, android.hardware.DataSpace.DATASPACE_BT2020_PQ, android.hardware.DataSpace.DATASPACE_ADOBE_RGB, android.hardware.DataSpace.DATASPACE_JFIF, android.hardware.DataSpace.DATASPACE_BT601_625, android.hardware.DataSpace.DATASPACE_BT601_525, android.hardware.DataSpace.DATASPACE_BT2020, android.hardware.DataSpace.DATASPACE_BT709, android.hardware.DataSpace.DATASPACE_DCI_P3, android.hardware.DataSpace.DATASPACE_SRGB_LINEAR}" />
      <val name="flag" val="true" />
    </annotation>
  </item>
  <item name="android.hardware.DataSpace int getTransfer(int)">
    <annotation name="androidx.annotation.IntDef">
      <val name="value" val="{android.hardware.DataSpace.TRANSFER_UNSPECIFIED, android.hardware.DataSpace.TRANSFER_LINEAR, android.hardware.DataSpace.TRANSFER_SRGB, android.hardware.DataSpace.TRANSFER_SMPTE_170M, android.hardware.DataSpace.TRANSFER_GAMMA2_2, android.hardware.DataSpace.TRANSFER_GAMMA2_6, android.hardware.DataSpace.TRANSFER_GAMMA2_8, android.hardware.DataSpace.TRANSFER_ST2084, android.hardware.DataSpace.TRANSFER_HLG}" />
      <val name="flag" val="true" />
    </annotation>
  </item>
  <item name="android.hardware.DataSpace int getTransfer(int) 0">
    <annotation name="androidx.annotation.IntDef">
      <val name="value" val="{android.hardware.DataSpace.DATASPACE_UNKNOWN, android.hardware.DataSpace.DATASPACE_SCRGB_LINEAR, android.hardware.DataSpace.DATASPACE_SRGB, android.hardware.DataSpace.DATASPACE_SCRGB, android.hardware.DataSpace.DATASPACE_DISPLAY_P3, android.hardware.DataSpace.DATASPACE_BT2020_HLG, android.hardware.DataSpace.DATASPACE_BT2020_PQ, android.hardware.DataSpace.DATASPACE_ADOBE_RGB, android.hardware.DataSpace.DATASPACE_JFIF, android.hardware.DataSpace.DATASPACE_BT601_625, android.hardware.DataSpace.DATASPACE_BT601_525, android.hardware.DataSpace.DATASPACE_BT2020, android.hardware.DataSpace.DATASPACE_BT709, android.hardware.DataSpace.DATASPACE_DCI_P3, android.hardware.DataSpace.DATASPACE_SRGB_LINEAR}" />
      <val name="flag" val="true" />
    </annotation>
  </item>
  <item name="android.hardware.DataSpace int pack(int, int, int)">
    <annotation name="androidx.annotation.IntDef">
      <val name="value" val="{android.hardware.DataSpace.DATASPACE_UNKNOWN, android.hardware.DataSpace.DATASPACE_SCRGB_LINEAR, android.hardware.DataSpace.DATASPACE_SRGB, android.hardware.DataSpace.DATASPACE_SCRGB, android.hardware.DataSpace.DATASPACE_DISPLAY_P3, android.hardware.DataSpace.DATASPACE_BT2020_HLG, android.hardware.DataSpace.DATASPACE_BT2020_PQ, android.hardware.DataSpace.DATASPACE_ADOBE_RGB, android.hardware.DataSpace.DATASPACE_JFIF, android.hardware.DataSpace.DATASPACE_BT601_625, android.hardware.DataSpace.DATASPACE_BT601_525, android.hardware.DataSpace.DATASPACE_BT2020, android.hardware.DataSpace.DATASPACE_BT709, android.hardware.DataSpace.DATASPACE_DCI_P3, android.hardware.DataSpace.DATASPACE_SRGB_LINEAR}" />
      <val name="flag" val="true" />
    </annotation>
  </item>
  <item name="android.hardware.DataSpace int pack(int, int, int) 0">
    <annotation name="androidx.annotation.IntDef">
      <val name="value" val="{android.hardware.DataSpace.STANDARD_UNSPECIFIED, android.hardware.DataSpace.STANDARD_BT709, android.hardware.DataSpace.STANDARD_BT601_625, android.hardware.DataSpace.STANDARD_BT601_625_UNADJUSTED, android.hardware.DataSpace.STANDARD_BT601_525, android.hardware.DataSpace.STANDARD_BT601_525_UNADJUSTED, android.hardware.DataSpace.STANDARD_BT2020, android.hardware.DataSpace.STANDARD_BT2020_CONSTANT_LUMINANCE, android.hardware.DataSpace.STANDARD_BT470M, android.hardware.DataSpace.STANDARD_FILM, android.hardware.DataSpace.STANDARD_DCI_P3, android.hardware.DataSpace.STANDARD_ADOBE_RGB}" />
      <val name="flag" val="true" />
    </annotation>
  </item>
  <item name="android.hardware.DataSpace int pack(int, int, int) 1">
    <annotation name="androidx.annotation.IntDef">
      <val name="value" val="{android.hardware.DataSpace.TRANSFER_UNSPECIFIED, android.hardware.DataSpace.TRANSFER_LINEAR, android.hardware.DataSpace.TRANSFER_SRGB, android.hardware.DataSpace.TRANSFER_SMPTE_170M, android.hardware.DataSpace.TRANSFER_GAMMA2_2, android.hardware.DataSpace.TRANSFER_GAMMA2_6, android.hardware.DataSpace.TRANSFER_GAMMA2_8, android.hardware.DataSpace.TRANSFER_ST2084, android.hardware.DataSpace.TRANSFER_HLG}" />
      <val name="flag" val="true" />
    </annotation>
  </item>
  <item name="android.hardware.DataSpace int pack(int, int, int) 2">
    <annotation name="androidx.annotation.IntDef">
      <val name="value" val="{android.hardware.DataSpace.RANGE_UNSPECIFIED, android.hardware.DataSpace.RANGE_FULL, android.hardware.DataSpace.RANGE_LIMITED, android.hardware.DataSpace.RANGE_EXTENDED}" />
      <val name="flag" val="true" />
    </annotation>
  </item>
  <item name="android.hardware.HardwareBuffer RGBA_8888">
    <annotation name="androidx.annotation.IntDef">
      <val name="value" val="{android.hardware.HardwareBuffer.RGBA_8888, android.hardware.HardwareBuffer.RGBA_FP16, android.hardware.HardwareBuffer.RGBA_1010102, android.hardware.HardwareBuffer.RGBX_8888, android.hardware.HardwareBuffer.RGB_888, android.hardware.HardwareBuffer.RGB_565, android.hardware.HardwareBuffer.BLOB, android.hardware.HardwareBuffer.YCBCR_420_888, android.hardware.HardwareBuffer.D_16, android.hardware.HardwareBuffer.D_24, android.hardware.HardwareBuffer.DS_24UI8, android.hardware.HardwareBuffer.D_FP32, android.hardware.HardwareBuffer.DS_FP32UI8, android.hardware.HardwareBuffer.S_UI8, android.hardware.HardwareBuffer.YCBCR_P010, android.hardware.HardwareBuffer.R_8, android.hardware.HardwareBuffer.R_16, android.hardware.HardwareBuffer.RG_1616, android.hardware.HardwareBuffer.RGBA_10101010}" />
    </annotation>
  </item>
  <item name="android.hardware.HardwareBuffer USAGE_CPU_READ_RARELY">
    <annotation name="androidx.annotation.LongDef">
      <val name="value" val="{android.hardware.HardwareBuffer.USAGE_CPU_READ_RARELY, android.hardware.HardwareBuffer.USAGE_CPU_READ_OFTEN, android.hardware.HardwareBuffer.USAGE_CPU_WRITE_RARELY, android.hardware.HardwareBuffer.USAGE_CPU_WRITE_OFTEN, android.hardware.HardwareBuffer.USAGE_GPU_SAMPLED_IMAGE, android.hardware.HardwareBuffer.USAGE_GPU_COLOR_OUTPUT, android.hardware.HardwareBuffer.USAGE_COMPOSER_OVERLAY, android.hardware.HardwareBuffer.USAGE_PROTECTED_CONTENT, android.hardware.HardwareBuffer.USAGE_VIDEO_ENCODE, android.hardware.HardwareBuffer.USAGE_GPU_DATA_BUFFER, android.hardware.HardwareBuffer.USAGE_SENSOR_DIRECT_DATA, android.hardware.HardwareBuffer.USAGE_GPU_CUBE_MAP, android.hardware.HardwareBuffer.USAGE_GPU_MIPMAP_COMPLETE, android.hardware.HardwareBuffer.USAGE_FRONT_BUFFER}" />
      <val name="flag" val="true" />
    </annotation>
  </item>
  <item name="android.hardware.HardwareBuffer android.hardware.HardwareBuffer create(int, int, int, int, long) 0">
    <annotation name="androidx.annotation.IntRange">
      <val name="from" val="1" />
    </annotation>
  </item>
  <item name="android.hardware.HardwareBuffer android.hardware.HardwareBuffer create(int, int, int, int, long) 1">
    <annotation name="androidx.annotation.IntRange">
      <val name="from" val="1" />
    </annotation>
  </item>
  <item name="android.hardware.HardwareBuffer android.hardware.HardwareBuffer create(int, int, int, int, long) 2">
    <annotation name="androidx.annotation.IntDef">
      <val name="value" val="{android.hardware.HardwareBuffer.RGBA_8888, android.hardware.HardwareBuffer.RGBA_FP16, android.hardware.HardwareBuffer.RGBA_1010102, android.hardware.HardwareBuffer.RGBX_8888, android.hardware.HardwareBuffer.RGB_888, android.hardware.HardwareBuffer.RGB_565, android.hardware.HardwareBuffer.BLOB, android.hardware.HardwareBuffer.YCBCR_420_888, android.hardware.HardwareBuffer.D_16, android.hardware.HardwareBuffer.D_24, android.hardware.HardwareBuffer.DS_24UI8, android.hardware.HardwareBuffer.D_FP32, android.hardware.HardwareBuffer.DS_FP32UI8, android.hardware.HardwareBuffer.S_UI8, android.hardware.HardwareBuffer.YCBCR_P010, android.hardware.HardwareBuffer.R_8, android.hardware.HardwareBuffer.R_16, android.hardware.HardwareBuffer.RG_1616, android.hardware.HardwareBuffer.RGBA_10101010}" />
    </annotation>
  </item>
  <item name="android.hardware.HardwareBuffer android.hardware.HardwareBuffer create(int, int, int, int, long) 3">
    <annotation name="androidx.annotation.IntRange">
      <val name="from" val="1" />
    </annotation>
  </item>
  <item name="android.hardware.HardwareBuffer android.hardware.HardwareBuffer create(int, int, int, int, long) 4">
    <annotation name="androidx.annotation.LongDef">
      <val name="value" val="{android.hardware.HardwareBuffer.USAGE_CPU_READ_RARELY, android.hardware.HardwareBuffer.USAGE_CPU_READ_OFTEN, android.hardware.HardwareBuffer.USAGE_CPU_WRITE_RARELY, android.hardware.HardwareBuffer.USAGE_CPU_WRITE_OFTEN, android.hardware.HardwareBuffer.USAGE_GPU_SAMPLED_IMAGE, android.hardware.HardwareBuffer.USAGE_GPU_COLOR_OUTPUT, android.hardware.HardwareBuffer.USAGE_COMPOSER_OVERLAY, android.hardware.HardwareBuffer.USAGE_PROTECTED_CONTENT, android.hardware.HardwareBuffer.USAGE_VIDEO_ENCODE, android.hardware.HardwareBuffer.USAGE_GPU_DATA_BUFFER, android.hardware.HardwareBuffer.USAGE_SENSOR_DIRECT_DATA, android.hardware.HardwareBuffer.USAGE_GPU_CUBE_MAP, android.hardware.HardwareBuffer.USAGE_GPU_MIPMAP_COMPLETE, android.hardware.HardwareBuffer.USAGE_FRONT_BUFFER}" />
      <val name="flag" val="true" />
    </annotation>
  </item>
  <item name="android.hardware.HardwareBuffer boolean isSupported(int, int, int, int, long) 0">
    <annotation name="androidx.annotation.IntRange">
      <val name="from" val="1" />
    </annotation>
  </item>
  <item name="android.hardware.HardwareBuffer boolean isSupported(int, int, int, int, long) 1">
    <annotation name="androidx.annotation.IntRange">
      <val name="from" val="1" />
    </annotation>
  </item>
  <item name="android.hardware.HardwareBuffer boolean isSupported(int, int, int, int, long) 2">
    <annotation name="androidx.annotation.IntDef">
      <val name="value" val="{android.hardware.HardwareBuffer.RGBA_8888, android.hardware.HardwareBuffer.RGBA_FP16, android.hardware.HardwareBuffer.RGBA_1010102, android.hardware.HardwareBuffer.RGBX_8888, android.hardware.HardwareBuffer.RGB_888, android.hardware.HardwareBuffer.RGB_565, android.hardware.HardwareBuffer.BLOB, android.hardware.HardwareBuffer.YCBCR_420_888, android.hardware.HardwareBuffer.D_16, android.hardware.HardwareBuffer.D_24, android.hardware.HardwareBuffer.DS_24UI8, android.hardware.HardwareBuffer.D_FP32, android.hardware.HardwareBuffer.DS_FP32UI8, android.hardware.HardwareBuffer.S_UI8, android.hardware.HardwareBuffer.YCBCR_P010, android.hardware.HardwareBuffer.R_8, android.hardware.HardwareBuffer.R_16, android.hardware.HardwareBuffer.RG_1616, android.hardware.HardwareBuffer.RGBA_10101010}" />
    </annotation>
  </item>
  <item name="android.hardware.HardwareBuffer boolean isSupported(int, int, int, int, long) 3">
    <annotation name="androidx.annotation.IntRange">
      <val name="from" val="1" />
    </annotation>
  </item>
  <item name="android.hardware.HardwareBuffer boolean isSupported(int, int, int, int, long) 4">
    <annotation name="androidx.annotation.LongDef">
      <val name="value" val="{android.hardware.HardwareBuffer.USAGE_CPU_READ_RARELY, android.hardware.HardwareBuffer.USAGE_CPU_READ_OFTEN, android.hardware.HardwareBuffer.USAGE_CPU_WRITE_RARELY, android.hardware.HardwareBuffer.USAGE_CPU_WRITE_OFTEN, android.hardware.HardwareBuffer.USAGE_GPU_SAMPLED_IMAGE, android.hardware.HardwareBuffer.USAGE_GPU_COLOR_OUTPUT, android.hardware.HardwareBuffer.USAGE_COMPOSER_OVERLAY, android.hardware.HardwareBuffer.USAGE_PROTECTED_CONTENT, android.hardware.HardwareBuffer.USAGE_VIDEO_ENCODE, android.hardware.HardwareBuffer.USAGE_GPU_DATA_BUFFER, android.hardware.HardwareBuffer.USAGE_SENSOR_DIRECT_DATA, android.hardware.HardwareBuffer.USAGE_GPU_CUBE_MAP, android.hardware.HardwareBuffer.USAGE_GPU_MIPMAP_COMPLETE, android.hardware.HardwareBuffer.USAGE_FRONT_BUFFER}" />
      <val name="flag" val="true" />
    </annotation>
  </item>
  <item name="android.hardware.HardwareBuffer int getFormat()">
    <annotation name="androidx.annotation.IntDef">
      <val name="value" val="{android.hardware.HardwareBuffer.RGBA_8888, android.hardware.HardwareBuffer.RGBA_FP16, android.hardware.HardwareBuffer.RGBA_1010102, android.hardware.HardwareBuffer.RGBX_8888, android.hardware.HardwareBuffer.RGB_888, android.hardware.HardwareBuffer.RGB_565, android.hardware.HardwareBuffer.BLOB, android.hardware.HardwareBuffer.YCBCR_420_888, android.hardware.HardwareBuffer.D_16, android.hardware.HardwareBuffer.D_24, android.hardware.HardwareBuffer.DS_24UI8, android.hardware.HardwareBuffer.D_FP32, android.hardware.HardwareBuffer.DS_FP32UI8, android.hardware.HardwareBuffer.S_UI8, android.hardware.HardwareBuffer.YCBCR_P010, android.hardware.HardwareBuffer.R_8, android.hardware.HardwareBuffer.R_16, android.hardware.HardwareBuffer.RG_1616, android.hardware.HardwareBuffer.RGBA_10101010}" />
    </annotation>
  </item>
  <item name="android.hardware.OverlayProperties boolean isCombinationSupported(int, int) 0">
    <annotation name="androidx.annotation.IntDef">
      <val name="value" val="{android.hardware.DataSpace.DATASPACE_UNKNOWN, android.hardware.DataSpace.DATASPACE_SCRGB_LINEAR, android.hardware.DataSpace.DATASPACE_SRGB, android.hardware.DataSpace.DATASPACE_SCRGB, android.hardware.DataSpace.DATASPACE_DISPLAY_P3, android.hardware.DataSpace.DATASPACE_BT2020_HLG, android.hardware.DataSpace.DATASPACE_BT2020_PQ, android.hardware.DataSpace.DATASPACE_ADOBE_RGB, android.hardware.DataSpace.DATASPACE_JFIF, android.hardware.DataSpace.DATASPACE_BT601_625, android.hardware.DataSpace.DATASPACE_BT601_525, android.hardware.DataSpace.DATASPACE_BT2020, android.hardware.DataSpace.DATASPACE_BT709, android.hardware.DataSpace.DATASPACE_DCI_P3, android.hardware.DataSpace.DATASPACE_SRGB_LINEAR}" />
      <val name="flag" val="true" />
    </annotation>
  </item>
  <item name="android.hardware.OverlayProperties boolean isCombinationSupported(int, int) 1">
    <annotation name="androidx.annotation.IntDef">
      <val name="value" val="{android.hardware.HardwareBuffer.RGBA_8888, android.hardware.HardwareBuffer.RGBA_FP16, android.hardware.HardwareBuffer.RGBA_1010102, android.hardware.HardwareBuffer.RGBX_8888, android.hardware.HardwareBuffer.RGB_888, android.hardware.HardwareBuffer.RGB_565, android.hardware.HardwareBuffer.BLOB, android.hardware.HardwareBuffer.YCBCR_420_888, android.hardware.HardwareBuffer.D_16, android.hardware.HardwareBuffer.D_24, android.hardware.HardwareBuffer.DS_24UI8, android.hardware.HardwareBuffer.D_FP32, android.hardware.HardwareBuffer.DS_FP32UI8, android.hardware.HardwareBuffer.S_UI8, android.hardware.HardwareBuffer.YCBCR_P010, android.hardware.HardwareBuffer.R_8, android.hardware.HardwareBuffer.R_16, android.hardware.HardwareBuffer.RG_1616, android.hardware.HardwareBuffer.RGBA_10101010}" />
    </annotation>
  </item>
  <item name="android.hardware.Sensor boolean isDirectChannelTypeSupported(int) 0">
    <annotation name="androidx.annotation.IntDef">
      <val name="value" val="{android.hardware.SensorDirectChannel.TYPE_MEMORY_FILE, android.hardware.SensorDirectChannel.TYPE_HARDWARE_BUFFER}" />
      <val name="flag" val="true" />
    </annotation>
  </item>
  <item name="android.hardware.Sensor int getHighestDirectReportRateLevel()">
    <annotation name="androidx.annotation.IntDef">
      <val name="value" val="{android.hardware.SensorDirectChannel.RATE_STOP, android.hardware.SensorDirectChannel.RATE_NORMAL, android.hardware.SensorDirectChannel.RATE_FAST, android.hardware.SensorDirectChannel.RATE_VERY_FAST}" />
    </annotation>
  </item>
  <item name="android.hardware.SensorDirectChannel int configure(android.hardware.Sensor, int) 1">
    <annotation name="androidx.annotation.IntDef">
      <val name="value" val="{android.hardware.SensorDirectChannel.RATE_STOP, android.hardware.SensorDirectChannel.RATE_NORMAL, android.hardware.SensorDirectChannel.RATE_FAST, android.hardware.SensorDirectChannel.RATE_VERY_FAST}" />
    </annotation>
  </item>
  <item name="android.hardware.SensorPrivacyManager boolean areAnySensorPrivacyTogglesEnabled(int)">
    <annotation name="androidx.annotation.RequiresPermission">
      <val name="value" val="&quot;android.permission.OBSERVE_SENSOR_PRIVACY&quot;" />
    </annotation>
  </item>
  <item name="android.hardware.SensorPrivacyManager boolean areAnySensorPrivacyTogglesEnabled(int) 0">
    <annotation name="androidx.annotation.IntDef">
      <val name="value" val="{android.hardware.SensorPrivacyManager.Sensors.MICROPHONE, android.hardware.SensorPrivacyManager.Sensors.CAMERA}" />
    </annotation>
  </item>
  <item name="android.hardware.SensorPrivacyManager boolean isCameraPrivacyEnabled(java.lang.String)">
    <annotation name="androidx.annotation.RequiresPermission">
      <val name="value" val="&quot;android.permission.OBSERVE_SENSOR_PRIVACY&quot;" />
    </annotation>
  </item>
  <item name="android.hardware.SensorPrivacyManager boolean isSensorPrivacyEnabled(int)">
    <annotation name="androidx.annotation.RequiresPermission">
      <val name="value" val="&quot;android.permission.OBSERVE_SENSOR_PRIVACY&quot;" />
    </annotation>
  </item>
  <item name="android.hardware.SensorPrivacyManager boolean isSensorPrivacyEnabled(int) 0">
    <annotation name="androidx.annotation.IntDef">
      <val name="value" val="{android.hardware.SensorPrivacyManager.Sensors.MICROPHONE, android.hardware.SensorPrivacyManager.Sensors.CAMERA}" />
    </annotation>
  </item>
  <item name="android.hardware.SensorPrivacyManager boolean isSensorPrivacyEnabled(int, int)">
    <annotation name="androidx.annotation.RequiresPermission">
      <val name="value" val="&quot;android.permission.OBSERVE_SENSOR_PRIVACY&quot;" />
    </annotation>
  </item>
  <item name="android.hardware.SensorPrivacyManager boolean isSensorPrivacyEnabled(int, int) 0">
    <annotation name="androidx.annotation.IntDef">
      <val name="value" val="{android.hardware.SensorPrivacyManager.TOGGLE_TYPE_SOFTWARE, android.hardware.SensorPrivacyManager.TOGGLE_TYPE_HARDWARE}" />
    </annotation>
  </item>
  <item name="android.hardware.SensorPrivacyManager boolean isSensorPrivacyEnabled(int, int) 1">
    <annotation name="androidx.annotation.IntDef">
      <val name="value" val="{android.hardware.SensorPrivacyManager.Sensors.MICROPHONE, android.hardware.SensorPrivacyManager.Sensors.CAMERA}" />
    </annotation>
  </item>
  <item name="android.hardware.SensorPrivacyManager boolean supportsSensorToggle(int) 0">
    <annotation name="androidx.annotation.IntDef">
      <val name="value" val="{android.hardware.SensorPrivacyManager.Sensors.MICROPHONE, android.hardware.SensorPrivacyManager.Sensors.CAMERA}" />
    </annotation>
  </item>
  <item name="android.hardware.SensorPrivacyManager boolean supportsSensorToggle(int, int) 0">
    <annotation name="androidx.annotation.IntDef">
      <val name="value" val="{android.hardware.SensorPrivacyManager.TOGGLE_TYPE_SOFTWARE, android.hardware.SensorPrivacyManager.TOGGLE_TYPE_HARDWARE}" />
    </annotation>
  </item>
  <item name="android.hardware.SensorPrivacyManager boolean supportsSensorToggle(int, int) 1">
    <annotation name="androidx.annotation.IntDef">
      <val name="value" val="{android.hardware.SensorPrivacyManager.Sensors.MICROPHONE, android.hardware.SensorPrivacyManager.Sensors.CAMERA}" />
    </annotation>
  </item>
  <item name="android.hardware.SensorPrivacyManager int getSensorPrivacyState(int, int)">
    <annotation name="androidx.annotation.RequiresPermission">
      <val name="value" val="&quot;android.permission.OBSERVE_SENSOR_PRIVACY&quot;" />
    </annotation>
    <annotation name="androidx.annotation.IntDef">
      <val name="value" val="{android.hardware.SensorPrivacyManager.StateTypes.ENABLED, android.hardware.SensorPrivacyManager.StateTypes.DISABLED, android.hardware.SensorPrivacyManager.StateTypes.ENABLED_EXCEPT_ALLOWLISTED_APPS}" />
    </annotation>
  </item>
  <item name="android.hardware.SensorPrivacyManager int getSensorPrivacyState(int, int) 0">
    <annotation name="androidx.annotation.IntDef">
      <val name="value" val="{android.hardware.SensorPrivacyManager.TOGGLE_TYPE_SOFTWARE, android.hardware.SensorPrivacyManager.TOGGLE_TYPE_HARDWARE}" />
    </annotation>
  </item>
  <item name="android.hardware.SensorPrivacyManager int getSensorPrivacyState(int, int) 1">
    <annotation name="androidx.annotation.IntDef">
      <val name="value" val="{android.hardware.SensorPrivacyManager.Sensors.MICROPHONE, android.hardware.SensorPrivacyManager.Sensors.CAMERA}" />
    </annotation>
  </item>
  <item name="android.hardware.SensorPrivacyManager java.util.List&lt;java.lang.String&gt; getCameraPrivacyAllowlist()">
    <annotation name="androidx.annotation.RequiresPermission">
      <val name="value" val="&quot;android.permission.OBSERVE_SENSOR_PRIVACY&quot;" />
    </annotation>
  </item>
  <item name="android.hardware.SensorPrivacyManager void addSensorPrivacyListener(android.hardware.SensorPrivacyManager.OnSensorPrivacyChangedListener)">
    <annotation name="androidx.annotation.RequiresPermission">
      <val name="value" val="&quot;android.permission.OBSERVE_SENSOR_PRIVACY&quot;" />
    </annotation>
  </item>
  <item name="android.hardware.SensorPrivacyManager void addSensorPrivacyListener(int, android.hardware.SensorPrivacyManager.OnSensorPrivacyChangedListener)">
    <annotation name="androidx.annotation.RequiresPermission">
      <val name="value" val="&quot;android.permission.OBSERVE_SENSOR_PRIVACY&quot;" />
    </annotation>
  </item>
  <item name="android.hardware.SensorPrivacyManager void addSensorPrivacyListener(int, android.hardware.SensorPrivacyManager.OnSensorPrivacyChangedListener) 0">
    <annotation name="androidx.annotation.IntDef">
      <val name="value" val="{android.hardware.SensorPrivacyManager.Sensors.MICROPHONE, android.hardware.SensorPrivacyManager.Sensors.CAMERA}" />
    </annotation>
  </item>
  <item name="android.hardware.SensorPrivacyManager void addSensorPrivacyListener(int, java.util.concurrent.Executor, android.hardware.SensorPrivacyManager.OnSensorPrivacyChangedListener)">
    <annotation name="androidx.annotation.RequiresPermission">
      <val name="value" val="&quot;android.permission.OBSERVE_SENSOR_PRIVACY&quot;" />
    </annotation>
  </item>
  <item name="android.hardware.SensorPrivacyManager void addSensorPrivacyListener(int, java.util.concurrent.Executor, android.hardware.SensorPrivacyManager.OnSensorPrivacyChangedListener) 0">
    <annotation name="androidx.annotation.IntDef">
      <val name="value" val="{android.hardware.SensorPrivacyManager.Sensors.MICROPHONE, android.hardware.SensorPrivacyManager.Sensors.CAMERA}" />
    </annotation>
  </item>
  <item name="android.hardware.SensorPrivacyManager void addSensorPrivacyListener(java.util.concurrent.Executor, android.hardware.SensorPrivacyManager.OnSensorPrivacyChangedListener)">
    <annotation name="androidx.annotation.RequiresPermission">
      <val name="value" val="&quot;android.permission.OBSERVE_SENSOR_PRIVACY&quot;" />
    </annotation>
  </item>
  <item name="android.hardware.SensorPrivacyManager void removeSensorPrivacyListener(android.hardware.SensorPrivacyManager.OnSensorPrivacyChangedListener)">
    <annotation name="androidx.annotation.RequiresPermission">
      <val name="value" val="&quot;android.permission.OBSERVE_SENSOR_PRIVACY&quot;" />
    </annotation>
  </item>
  <item name="android.hardware.SensorPrivacyManager void removeSensorPrivacyListener(int, android.hardware.SensorPrivacyManager.OnSensorPrivacyChangedListener)">
    <annotation name="androidx.annotation.RequiresPermission">
      <val name="value" val="&quot;android.permission.OBSERVE_SENSOR_PRIVACY&quot;" />
    </annotation>
  </item>
  <item name="android.hardware.SensorPrivacyManager void removeSensorPrivacyListener(int, android.hardware.SensorPrivacyManager.OnSensorPrivacyChangedListener) 0">
    <annotation name="androidx.annotation.IntDef">
      <val name="value" val="{android.hardware.SensorPrivacyManager.Sensors.MICROPHONE, android.hardware.SensorPrivacyManager.Sensors.CAMERA}" />
    </annotation>
  </item>
  <item name="android.hardware.SensorPrivacyManager void setSensorPrivacy(int, boolean)">
    <annotation name="androidx.annotation.RequiresPermission">
      <val name="value" val="&quot;android.permission.MANAGE_SENSOR_PRIVACY&quot;" />
    </annotation>
  </item>
  <item name="android.hardware.SensorPrivacyManager void setSensorPrivacy(int, boolean) 0">
    <annotation name="androidx.annotation.IntDef">
      <val name="value" val="{android.hardware.SensorPrivacyManager.Sensors.MICROPHONE, android.hardware.SensorPrivacyManager.Sensors.CAMERA}" />
    </annotation>
  </item>
  <item name="android.hardware.SensorPrivacyManager void setSensorPrivacyState(int, int)">
    <annotation name="androidx.annotation.RequiresPermission">
      <val name="value" val="&quot;android.permission.MANAGE_SENSOR_PRIVACY&quot;" />
    </annotation>
  </item>
  <item name="android.hardware.SensorPrivacyManager void setSensorPrivacyState(int, int) 0">
    <annotation name="androidx.annotation.IntDef">
      <val name="value" val="{android.hardware.SensorPrivacyManager.Sensors.MICROPHONE, android.hardware.SensorPrivacyManager.Sensors.CAMERA}" />
    </annotation>
  </item>
  <item name="android.hardware.SensorPrivacyManager void setSensorPrivacyState(int, int) 1">
    <annotation name="androidx.annotation.IntDef">
      <val name="value" val="{android.hardware.SensorPrivacyManager.StateTypes.ENABLED, android.hardware.SensorPrivacyManager.StateTypes.DISABLED, android.hardware.SensorPrivacyManager.StateTypes.ENABLED_EXCEPT_ALLOWLISTED_APPS}" />
    </annotation>
  </item>
  <item name="android.hardware.SensorPrivacyManager.OnSensorPrivacyChangedListener.SensorPrivacyChangedParams int getSensor()">
    <annotation name="androidx.annotation.IntDef">
      <val name="value" val="{android.hardware.SensorPrivacyManager.Sensors.MICROPHONE, android.hardware.SensorPrivacyManager.Sensors.CAMERA}" />
    </annotation>
  </item>
  <item name="android.hardware.SensorPrivacyManager.OnSensorPrivacyChangedListener.SensorPrivacyChangedParams int getState()">
    <annotation name="androidx.annotation.IntDef">
      <val name="value" val="{android.hardware.SensorPrivacyManager.StateTypes.ENABLED, android.hardware.SensorPrivacyManager.StateTypes.DISABLED, android.hardware.SensorPrivacyManager.StateTypes.ENABLED_EXCEPT_ALLOWLISTED_APPS}" />
    </annotation>
  </item>
  <item name="android.hardware.SensorPrivacyManager.OnSensorPrivacyChangedListener.SensorPrivacyChangedParams int getToggleType()">
    <annotation name="androidx.annotation.IntDef">
      <val name="value" val="{android.hardware.SensorPrivacyManager.TOGGLE_TYPE_SOFTWARE, android.hardware.SensorPrivacyManager.TOGGLE_TYPE_HARDWARE}" />
    </annotation>
  </item>
</root>

