<?xml version="1.0" encoding="UTF-8"?>
<root>
  <item name="android.hardware.input.InputManager float getMaximumObscuringOpacityForTouch()">
    <annotation name="androidx.annotation.FloatRange">
      <val name="from" val="0" />
      <val name="to" val="1" />
    </annotation>
  </item>
  <item name="android.hardware.input.VirtualDpad void close()">
    <annotation name="androidx.annotation.RequiresPermission">
      <val name="value" val="&quot;android.permission.CREATE_VIRTUAL_DEVICE&quot;" />
    </annotation>
  </item>
  <item name="android.hardware.input.VirtualDpad void sendKeyEvent(android.hardware.input.VirtualKeyEvent)">
    <annotation name="androidx.annotation.RequiresPermission">
      <val name="value" val="&quot;android.permission.CREATE_VIRTUAL_DEVICE&quot;" />
    </annotation>
  </item>
  <item name="android.hardware.input.VirtualKeyEvent int getAction()">
    <annotation name="androidx.annotation.IntDef">
      <val name="value" val="{android.hardware.input.VirtualKeyEvent.ACTION_DOWN, android.hardware.input.VirtualKeyEvent.ACTION_UP}" />
    </annotation>
  </item>
  <item name="android.hardware.input.VirtualKeyEvent.Builder android.hardware.input.VirtualKeyEvent.Builder setAction(int) 0">
    <annotation name="androidx.annotation.IntDef">
      <val name="value" val="{android.hardware.input.VirtualKeyEvent.ACTION_DOWN, android.hardware.input.VirtualKeyEvent.ACTION_UP}" />
    </annotation>
  </item>
  <item name="android.hardware.input.VirtualKeyEvent.Builder android.hardware.input.VirtualKeyEvent.Builder setKeyCode(int) 0">
    <annotation name="androidx.annotation.IntDef">
      <val name="value" val="{android.view.KeyEvent.KEYCODE_0, android.view.KeyEvent.KEYCODE_1, android.view.KeyEvent.KEYCODE_2, android.view.KeyEvent.KEYCODE_3, android.view.KeyEvent.KEYCODE_4, android.view.KeyEvent.KEYCODE_5, android.view.KeyEvent.KEYCODE_6, android.view.KeyEvent.KEYCODE_7, android.view.KeyEvent.KEYCODE_8, android.view.KeyEvent.KEYCODE_9, android.view.KeyEvent.KEYCODE_A, android.view.KeyEvent.KEYCODE_B, android.view.KeyEvent.KEYCODE_C, android.view.KeyEvent.KEYCODE_D, android.view.KeyEvent.KEYCODE_E, android.view.KeyEvent.KEYCODE_F, android.view.KeyEvent.KEYCODE_G, android.view.KeyEvent.KEYCODE_H, android.view.KeyEvent.KEYCODE_I, android.view.KeyEvent.KEYCODE_J, android.view.KeyEvent.KEYCODE_K, android.view.KeyEvent.KEYCODE_L, android.view.KeyEvent.KEYCODE_M, android.view.KeyEvent.KEYCODE_N, android.view.KeyEvent.KEYCODE_O, android.view.KeyEvent.KEYCODE_P, android.view.KeyEvent.KEYCODE_Q, android.view.KeyEvent.KEYCODE_R, android.view.KeyEvent.KEYCODE_S, android.view.KeyEvent.KEYCODE_T, android.view.KeyEvent.KEYCODE_U, android.view.KeyEvent.KEYCODE_V, android.view.KeyEvent.KEYCODE_W, android.view.KeyEvent.KEYCODE_X, android.view.KeyEvent.KEYCODE_Y, android.view.KeyEvent.KEYCODE_Z, android.view.KeyEvent.KEYCODE_F1, android.view.KeyEvent.KEYCODE_F2, android.view.KeyEvent.KEYCODE_F3, android.view.KeyEvent.KEYCODE_F4, android.view.KeyEvent.KEYCODE_F5, android.view.KeyEvent.KEYCODE_F6, android.view.KeyEvent.KEYCODE_F7, android.view.KeyEvent.KEYCODE_F8, android.view.KeyEvent.KEYCODE_F9, android.view.KeyEvent.KEYCODE_F10, android.view.KeyEvent.KEYCODE_F11, android.view.KeyEvent.KEYCODE_F12, android.view.KeyEvent.KEYCODE_NUMPAD_0, android.view.KeyEvent.KEYCODE_NUMPAD_1, android.view.KeyEvent.KEYCODE_NUMPAD_2, android.view.KeyEvent.KEYCODE_NUMPAD_3, android.view.KeyEvent.KEYCODE_NUMPAD_4, android.view.KeyEvent.KEYCODE_NUMPAD_5, android.view.KeyEvent.KEYCODE_NUMPAD_6, android.view.KeyEvent.KEYCODE_NUMPAD_7, android.view.KeyEvent.KEYCODE_NUMPAD_8, android.view.KeyEvent.KEYCODE_NUMPAD_9, android.view.KeyEvent.KEYCODE_NUMPAD_DIVIDE, android.view.KeyEvent.KEYCODE_NUMPAD_MULTIPLY, android.view.KeyEvent.KEYCODE_NUMPAD_SUBTRACT, android.view.KeyEvent.KEYCODE_NUMPAD_ADD, android.view.KeyEvent.KEYCODE_NUMPAD_DOT, android.view.KeyEvent.KEYCODE_NUMPAD_COMMA, android.view.KeyEvent.KEYCODE_NUMPAD_ENTER, android.view.KeyEvent.KEYCODE_NUMPAD_EQUALS, android.view.KeyEvent.KEYCODE_NUMPAD_LEFT_PAREN, android.view.KeyEvent.KEYCODE_NUMPAD_RIGHT_PAREN, android.view.KeyEvent.KEYCODE_GRAVE, android.view.KeyEvent.KEYCODE_MINUS, android.view.KeyEvent.KEYCODE_EQUALS, android.view.KeyEvent.KEYCODE_LEFT_BRACKET, android.view.KeyEvent.KEYCODE_RIGHT_BRACKET, android.view.KeyEvent.KEYCODE_BACKSLASH, android.view.KeyEvent.KEYCODE_SEMICOLON, android.view.KeyEvent.KEYCODE_APOSTROPHE, android.view.KeyEvent.KEYCODE_COMMA, android.view.KeyEvent.KEYCODE_PERIOD, android.view.KeyEvent.KEYCODE_SLASH, android.view.KeyEvent.KEYCODE_ALT_LEFT, android.view.KeyEvent.KEYCODE_ALT_RIGHT, android.view.KeyEvent.KEYCODE_CTRL_LEFT, android.view.KeyEvent.KEYCODE_CTRL_RIGHT, android.view.KeyEvent.KEYCODE_SHIFT_LEFT, android.view.KeyEvent.KEYCODE_SHIFT_RIGHT, android.view.KeyEvent.KEYCODE_META_LEFT, android.view.KeyEvent.KEYCODE_META_RIGHT, android.view.KeyEvent.KEYCODE_CAPS_LOCK, android.view.KeyEvent.KEYCODE_SCROLL_LOCK, android.view.KeyEvent.KEYCODE_NUM_LOCK, android.view.KeyEvent.KEYCODE_ENTER, android.view.KeyEvent.KEYCODE_TAB, android.view.KeyEvent.KEYCODE_SPACE, android.view.KeyEvent.KEYCODE_DPAD_DOWN, android.view.KeyEvent.KEYCODE_DPAD_UP, android.view.KeyEvent.KEYCODE_DPAD_LEFT, android.view.KeyEvent.KEYCODE_DPAD_RIGHT, android.view.KeyEvent.KEYCODE_DPAD_CENTER, android.view.KeyEvent.KEYCODE_MOVE_END, android.view.KeyEvent.KEYCODE_MOVE_HOME, android.view.KeyEvent.KEYCODE_PAGE_DOWN, android.view.KeyEvent.KEYCODE_PAGE_UP, android.view.KeyEvent.KEYCODE_DEL, android.view.KeyEvent.KEYCODE_FORWARD_DEL, android.view.KeyEvent.KEYCODE_INSERT, android.view.KeyEvent.KEYCODE_ESCAPE, android.view.KeyEvent.KEYCODE_BREAK, android.view.KeyEvent.KEYCODE_BACK, android.view.KeyEvent.KEYCODE_FORWARD}" />
    </annotation>
  </item>
  <item name="android.hardware.input.VirtualKeyboard void close()">
    <annotation name="androidx.annotation.RequiresPermission">
      <val name="value" val="&quot;android.permission.CREATE_VIRTUAL_DEVICE&quot;" />
    </annotation>
  </item>
  <item name="android.hardware.input.VirtualKeyboard void sendKeyEvent(android.hardware.input.VirtualKeyEvent)">
    <annotation name="androidx.annotation.RequiresPermission">
      <val name="value" val="&quot;android.permission.CREATE_VIRTUAL_DEVICE&quot;" />
    </annotation>
  </item>
  <item name="android.hardware.input.VirtualMouse android.graphics.PointF getCursorPosition()">
    <annotation name="androidx.annotation.RequiresPermission">
      <val name="value" val="&quot;android.permission.CREATE_VIRTUAL_DEVICE&quot;" />
    </annotation>
  </item>
  <item name="android.hardware.input.VirtualMouse void close()">
    <annotation name="androidx.annotation.RequiresPermission">
      <val name="value" val="&quot;android.permission.CREATE_VIRTUAL_DEVICE&quot;" />
    </annotation>
  </item>
  <item name="android.hardware.input.VirtualMouse void sendButtonEvent(android.hardware.input.VirtualMouseButtonEvent)">
    <annotation name="androidx.annotation.RequiresPermission">
      <val name="value" val="&quot;android.permission.CREATE_VIRTUAL_DEVICE&quot;" />
    </annotation>
  </item>
  <item name="android.hardware.input.VirtualMouse void sendRelativeEvent(android.hardware.input.VirtualMouseRelativeEvent)">
    <annotation name="androidx.annotation.RequiresPermission">
      <val name="value" val="&quot;android.permission.CREATE_VIRTUAL_DEVICE&quot;" />
    </annotation>
  </item>
  <item name="android.hardware.input.VirtualMouse void sendScrollEvent(android.hardware.input.VirtualMouseScrollEvent)">
    <annotation name="androidx.annotation.RequiresPermission">
      <val name="value" val="&quot;android.permission.CREATE_VIRTUAL_DEVICE&quot;" />
    </annotation>
  </item>
  <item name="android.hardware.input.VirtualMouseButtonEvent int getAction()">
    <annotation name="androidx.annotation.IntDef">
      <val name="value" val="{android.hardware.input.VirtualMouseButtonEvent.ACTION_BUTTON_PRESS, android.hardware.input.VirtualMouseButtonEvent.ACTION_BUTTON_RELEASE}" />
    </annotation>
  </item>
  <item name="android.hardware.input.VirtualMouseButtonEvent int getButtonCode()">
    <annotation name="androidx.annotation.IntDef">
      <val name="value" val="{android.hardware.input.VirtualMouseButtonEvent.BUTTON_PRIMARY, android.hardware.input.VirtualMouseButtonEvent.BUTTON_TERTIARY, android.hardware.input.VirtualMouseButtonEvent.BUTTON_SECONDARY, android.hardware.input.VirtualMouseButtonEvent.BUTTON_BACK, android.hardware.input.VirtualMouseButtonEvent.BUTTON_FORWARD}" />
    </annotation>
  </item>
  <item name="android.hardware.input.VirtualMouseButtonEvent.Builder android.hardware.input.VirtualMouseButtonEvent.Builder setAction(int) 0">
    <annotation name="androidx.annotation.IntDef">
      <val name="value" val="{android.hardware.input.VirtualMouseButtonEvent.ACTION_BUTTON_PRESS, android.hardware.input.VirtualMouseButtonEvent.ACTION_BUTTON_RELEASE}" />
    </annotation>
  </item>
  <item name="android.hardware.input.VirtualMouseScrollEvent.Builder android.hardware.input.VirtualMouseScrollEvent.Builder setXAxisMovement(float) 0">
    <annotation name="androidx.annotation.FloatRange">
      <val name="from" val="-1.0" />
      <val name="to" val="1.0" />
    </annotation>
  </item>
  <item name="android.hardware.input.VirtualMouseScrollEvent.Builder android.hardware.input.VirtualMouseScrollEvent.Builder setYAxisMovement(float) 0">
    <annotation name="androidx.annotation.FloatRange">
      <val name="from" val="-1.0" />
      <val name="to" val="1.0" />
    </annotation>
  </item>
  <item name="android.hardware.input.VirtualNavigationTouchpad void close()">
    <annotation name="androidx.annotation.RequiresPermission">
      <val name="value" val="&quot;android.permission.CREATE_VIRTUAL_DEVICE&quot;" />
    </annotation>
  </item>
  <item name="android.hardware.input.VirtualNavigationTouchpad void sendTouchEvent(android.hardware.input.VirtualTouchEvent)">
    <annotation name="androidx.annotation.RequiresPermission">
      <val name="value" val="&quot;android.permission.CREATE_VIRTUAL_DEVICE&quot;" />
    </annotation>
  </item>
  <item name="android.hardware.input.VirtualNavigationTouchpadConfig int getHeight()">
    <annotation name="androidx.annotation.IntRange">
      <val name="from" val="1" />
    </annotation>
  </item>
  <item name="android.hardware.input.VirtualNavigationTouchpadConfig int getWidth()">
    <annotation name="androidx.annotation.IntRange">
      <val name="from" val="1" />
    </annotation>
  </item>
  <item name="android.hardware.input.VirtualNavigationTouchpadConfig.Builder Builder(int, int) 0">
    <annotation name="androidx.annotation.IntRange">
      <val name="from" val="1" />
    </annotation>
  </item>
  <item name="android.hardware.input.VirtualNavigationTouchpadConfig.Builder Builder(int, int) 1">
    <annotation name="androidx.annotation.IntRange">
      <val name="from" val="1" />
    </annotation>
  </item>
  <item name="android.hardware.input.VirtualTouchEvent int getAction()">
    <annotation name="androidx.annotation.IntDef">
      <val name="value" val="{android.hardware.input.VirtualTouchEvent.ACTION_DOWN, android.hardware.input.VirtualTouchEvent.ACTION_UP, android.hardware.input.VirtualTouchEvent.ACTION_MOVE, android.hardware.input.VirtualTouchEvent.ACTION_CANCEL}" />
    </annotation>
  </item>
  <item name="android.hardware.input.VirtualTouchEvent int getToolType()">
    <annotation name="androidx.annotation.IntDef">
      <val name="value" val="{android.hardware.input.VirtualTouchEvent.TOOL_TYPE_FINGER, android.hardware.input.VirtualTouchEvent.TOOL_TYPE_PALM}" />
    </annotation>
  </item>
  <item name="android.hardware.input.VirtualTouchEvent.Builder android.hardware.input.VirtualTouchEvent.Builder setAction(int) 0">
    <annotation name="androidx.annotation.IntDef">
      <val name="value" val="{android.hardware.input.VirtualTouchEvent.ACTION_DOWN, android.hardware.input.VirtualTouchEvent.ACTION_UP, android.hardware.input.VirtualTouchEvent.ACTION_MOVE, android.hardware.input.VirtualTouchEvent.ACTION_CANCEL}" />
    </annotation>
  </item>
  <item name="android.hardware.input.VirtualTouchEvent.Builder android.hardware.input.VirtualTouchEvent.Builder setMajorAxisSize(float) 0">
    <annotation name="androidx.annotation.FloatRange">
      <val name="from" val="0.0" />
    </annotation>
  </item>
  <item name="android.hardware.input.VirtualTouchEvent.Builder android.hardware.input.VirtualTouchEvent.Builder setPointerId(int) 0">
    <annotation name="androidx.annotation.IntRange">
      <val name="from" val="0" />
      <val name="to" val="15" />
    </annotation>
  </item>
  <item name="android.hardware.input.VirtualTouchEvent.Builder android.hardware.input.VirtualTouchEvent.Builder setPressure(float) 0">
    <annotation name="androidx.annotation.FloatRange">
      <val name="from" val="0.0" />
    </annotation>
  </item>
  <item name="android.hardware.input.VirtualTouchEvent.Builder android.hardware.input.VirtualTouchEvent.Builder setToolType(int) 0">
    <annotation name="androidx.annotation.IntDef">
      <val name="value" val="{android.hardware.input.VirtualTouchEvent.TOOL_TYPE_FINGER, android.hardware.input.VirtualTouchEvent.TOOL_TYPE_PALM}" />
    </annotation>
  </item>
  <item name="android.hardware.input.VirtualTouchscreen void close()">
    <annotation name="androidx.annotation.RequiresPermission">
      <val name="value" val="&quot;android.permission.CREATE_VIRTUAL_DEVICE&quot;" />
    </annotation>
  </item>
  <item name="android.hardware.input.VirtualTouchscreen void sendTouchEvent(android.hardware.input.VirtualTouchEvent)">
    <annotation name="androidx.annotation.RequiresPermission">
      <val name="value" val="&quot;android.permission.CREATE_VIRTUAL_DEVICE&quot;" />
    </annotation>
  </item>
  <item name="android.hardware.input.VirtualTouchscreenConfig.Builder Builder(int, int) 0">
    <annotation name="androidx.annotation.IntRange">
      <val name="from" val="1" />
    </annotation>
  </item>
  <item name="android.hardware.input.VirtualTouchscreenConfig.Builder Builder(int, int) 1">
    <annotation name="androidx.annotation.IntRange">
      <val name="from" val="1" />
    </annotation>
  </item>
</root>

