<?xml version="1.0" encoding="UTF-8"?>
<root>
  <item name="android.security.rkp.service.RkpProxyException RkpProxyException(int, java.lang.String) 0">
    <annotation name="androidx.annotation.IntDef">
      <val name="value" val="{android.security.rkp.service.RkpProxyException.ERROR_UNKNOWN, android.security.rkp.service.RkpProxyException.ERROR_REQUIRES_SECURITY_PATCH, android.security.rkp.service.RkpProxyException.ERROR_PENDING_INTERNET_CONNECTIVITY, android.security.rkp.service.RkpProxyException.ERROR_PERMANENT}" />
    </annotation>
  </item>
  <item name="android.security.rkp.service.RkpProxyException RkpProxyException(int, java.lang.String, java.lang.Throwable) 0">
    <annotation name="androidx.annotation.IntDef">
      <val name="value" val="{android.security.rkp.service.RkpProxyException.ERROR_UNKNOWN, android.security.rkp.service.RkpProxyException.ERROR_REQUIRES_SECURITY_PATCH, android.security.rkp.service.RkpProxyException.ERROR_PENDING_INTERNET_CONNECTIVITY, android.security.rkp.service.RkpProxyException.ERROR_PERMANENT}" />
    </annotation>
  </item>
  <item name="android.security.rkp.service.RkpProxyException int getError()">
    <annotation name="androidx.annotation.IntDef">
      <val name="value" val="{android.security.rkp.service.RkpProxyException.ERROR_UNKNOWN, android.security.rkp.service.RkpProxyException.ERROR_REQUIRES_SECURITY_PATCH, android.security.rkp.service.RkpProxyException.ERROR_PENDING_INTERNET_CONNECTIVITY, android.security.rkp.service.RkpProxyException.ERROR_PERMANENT}" />
    </annotation>
  </item>
</root>

