<?xml version="1.0" encoding="UTF-8"?>
<root>
  <item name="android.location.provider.ProviderProperties int getAccuracy()">
    <annotation name="androidx.annotation.IntDef">
      <val name="value" val="{android.location.provider.ProviderProperties.ACCURACY_FINE, android.location.provider.ProviderProperties.ACCURACY_COARSE}" />
    </annotation>
  </item>
  <item name="android.location.provider.ProviderProperties int getPowerUsage()">
    <annotation name="androidx.annotation.IntDef">
      <val name="value" val="{android.location.provider.ProviderProperties.POWER_USAGE_LOW, android.location.provider.ProviderProperties.POWER_USAGE_MEDIUM, android.location.provider.ProviderProperties.POWER_USAGE_HIGH}" />
    </annotation>
  </item>
  <item name="android.location.provider.ProviderProperties.Builder android.location.provider.ProviderProperties.Builder setAccuracy(int) 0">
    <annotation name="androidx.annotation.IntDef">
      <val name="value" val="{android.location.provider.ProviderProperties.ACCURACY_FINE, android.location.provider.ProviderProperties.ACCURACY_COARSE}" />
    </annotation>
  </item>
  <item name="android.location.provider.ProviderProperties.Builder android.location.provider.ProviderProperties.Builder setPowerUsage(int) 0">
    <annotation name="androidx.annotation.IntDef">
      <val name="value" val="{android.location.provider.ProviderProperties.POWER_USAGE_LOW, android.location.provider.ProviderProperties.POWER_USAGE_MEDIUM, android.location.provider.ProviderProperties.POWER_USAGE_HIGH}" />
    </annotation>
  </item>
  <item name="android.location.provider.ProviderRequest int getQuality()">
    <annotation name="androidx.annotation.IntDef">
      <val name="value" val="{android.location.LocationRequest.QUALITY_LOW_POWER, android.location.LocationRequest.QUALITY_BALANCED_POWER_ACCURACY, android.location.LocationRequest.QUALITY_HIGH_ACCURACY}" />
    </annotation>
  </item>
  <item name="android.location.provider.ProviderRequest long getIntervalMillis()">
    <annotation name="androidx.annotation.IntRange">
      <val name="from" val="0" />
    </annotation>
  </item>
  <item name="android.location.provider.ProviderRequest long getMaxUpdateDelayMillis()">
    <annotation name="androidx.annotation.IntRange">
      <val name="from" val="0" />
    </annotation>
  </item>
  <item name="android.location.provider.ProviderRequest.Builder android.location.provider.ProviderRequest.Builder setIntervalMillis(long) 0">
    <annotation name="androidx.annotation.IntRange">
      <val name="from" val="0" />
    </annotation>
  </item>
  <item name="android.location.provider.ProviderRequest.Builder android.location.provider.ProviderRequest.Builder setMaxUpdateDelayMillis(long) 0">
    <annotation name="androidx.annotation.IntRange">
      <val name="from" val="0" />
    </annotation>
  </item>
  <item name="android.location.provider.ProviderRequest.Builder android.location.provider.ProviderRequest.Builder setQuality(int) 0">
    <annotation name="androidx.annotation.IntDef">
      <val name="value" val="{android.location.LocationRequest.QUALITY_LOW_POWER, android.location.LocationRequest.QUALITY_BALANCED_POWER_ACCURACY, android.location.LocationRequest.QUALITY_HIGH_ACCURACY}" />
    </annotation>
  </item>
</root>

