<?xml version="1.0" encoding="UTF-8"?>
<root>
  <item name="android.nfc.NfcAdapter ACTION_PREFERRED_PAYMENT_CHANGED">
    <annotation name="androidx.annotation.RequiresPermission">
      <val name="value" val="&quot;android.permission.NFC_PREFERRED_PAYMENT_INFO&quot;" />
    </annotation>
  </item>
  <item name="android.nfc.NfcAdapter ACTION_SHOW_NFC_RESOLVER">
    <annotation name="androidx.annotation.RequiresPermission">
      <val name="value" val="&quot;android.permission.SHOW_CUSTOMIZED_RESOLVER&quot;" />
    </annotation>
  </item>
  <item name="android.nfc.NfcAdapter ACTION_TRANSACTION_DETECTED">
    <annotation name="androidx.annotation.RequiresPermission">
      <val name="value" val="&quot;android.permission.NFC_TRANSACTION_EVENT&quot;" />
    </annotation>
  </item>
  <item name="android.nfc.NfcAdapter boolean addNfcUnlockHandler(android.nfc.NfcAdapter.NfcUnlockHandler, java.lang.String[])">
    <annotation name="androidx.annotation.RequiresPermission">
      <val name="value" val="&quot;android.permission.WRITE_SECURE_SETTINGS&quot;" />
    </annotation>
  </item>
  <item name="android.nfc.NfcAdapter boolean disable()">
    <annotation name="androidx.annotation.RequiresPermission">
      <val name="value" val="&quot;android.permission.WRITE_SECURE_SETTINGS&quot;" />
    </annotation>
  </item>
  <item name="android.nfc.NfcAdapter boolean disable(boolean)">
    <annotation name="androidx.annotation.RequiresPermission">
      <val name="value" val="&quot;android.permission.WRITE_SECURE_SETTINGS&quot;" />
    </annotation>
  </item>
  <item name="android.nfc.NfcAdapter boolean enable()">
    <annotation name="androidx.annotation.RequiresPermission">
      <val name="value" val="&quot;android.permission.WRITE_SECURE_SETTINGS&quot;" />
    </annotation>
  </item>
  <item name="android.nfc.NfcAdapter boolean enableReaderOption(boolean)">
    <annotation name="androidx.annotation.RequiresPermission">
      <val name="value" val="&quot;android.permission.WRITE_SECURE_SETTINGS&quot;" />
    </annotation>
  </item>
  <item name="android.nfc.NfcAdapter boolean enableSecureNfc(boolean)">
    <annotation name="androidx.annotation.RequiresPermission">
      <val name="value" val="&quot;android.permission.WRITE_SECURE_SETTINGS&quot;" />
    </annotation>
  </item>
  <item name="android.nfc.NfcAdapter boolean isControllerAlwaysOn()">
    <annotation name="androidx.annotation.RequiresPermission">
      <val name="value" val="&quot;android.permission.NFC_SET_CONTROLLER_ALWAYS_ON&quot;" />
    </annotation>
  </item>
  <item name="android.nfc.NfcAdapter boolean isControllerAlwaysOnSupported()">
    <annotation name="androidx.annotation.RequiresPermission">
      <val name="value" val="&quot;android.permission.NFC_SET_CONTROLLER_ALWAYS_ON&quot;" />
    </annotation>
  </item>
  <item name="android.nfc.NfcAdapter boolean isTagIntentAppPreferenceSupported()">
    <annotation name="androidx.annotation.RequiresPermission">
      <val name="value" val="&quot;android.permission.WRITE_SECURE_SETTINGS&quot;" />
    </annotation>
  </item>
  <item name="android.nfc.NfcAdapter boolean removeNfcUnlockHandler(android.nfc.NfcAdapter.NfcUnlockHandler)">
    <annotation name="androidx.annotation.RequiresPermission">
      <val name="value" val="&quot;android.permission.WRITE_SECURE_SETTINGS&quot;" />
    </annotation>
  </item>
  <item name="android.nfc.NfcAdapter boolean setControllerAlwaysOn(boolean)">
    <annotation name="androidx.annotation.RequiresPermission">
      <val name="value" val="&quot;android.permission.NFC_SET_CONTROLLER_ALWAYS_ON&quot;" />
    </annotation>
  </item>
  <item name="android.nfc.NfcAdapter int getAdapterState()">
    <annotation name="androidx.annotation.IntDef">
      <val name="value" val="{android.nfc.NfcAdapter.STATE_OFF, android.nfc.NfcAdapter.STATE_TURNING_ON, android.nfc.NfcAdapter.STATE_ON, android.nfc.NfcAdapter.STATE_TURNING_OFF}" />
    </annotation>
  </item>
  <item name="android.nfc.NfcAdapter int sendVendorNciMessage(int, int, int, byte[])">
    <annotation name="androidx.annotation.RequiresPermission">
      <val name="value" val="&quot;android.permission.WRITE_SECURE_SETTINGS&quot;" />
    </annotation>
    <annotation name="androidx.annotation.IntDef">
      <val name="value" val="{android.nfc.NfcAdapter.SEND_VENDOR_NCI_STATUS_SUCCESS, android.nfc.NfcAdapter.SEND_VENDOR_NCI_STATUS_REJECTED, android.nfc.NfcAdapter.SEND_VENDOR_NCI_STATUS_MESSAGE_CORRUPTED, android.nfc.NfcAdapter.SEND_VENDOR_NCI_STATUS_FAILED}" />
    </annotation>
  </item>
  <item name="android.nfc.NfcAdapter int sendVendorNciMessage(int, int, int, byte[]) 0">
    <annotation name="androidx.annotation.IntDef">
      <val name="value" val="{android.nfc.NfcAdapter.MESSAGE_TYPE_COMMAND}" />
    </annotation>
  </item>
  <item name="android.nfc.NfcAdapter int sendVendorNciMessage(int, int, int, byte[]) 1">
    <annotation name="androidx.annotation.IntRange">
      <val name="from" val="0" />
      <val name="to" val="15" />
    </annotation>
  </item>
  <item name="android.nfc.NfcAdapter int sendVendorNciMessage(int, int, int, byte[]) 2">
    <annotation name="androidx.annotation.IntRange">
      <val name="from" val="0" />
    </annotation>
  </item>
  <item name="android.nfc.NfcAdapter int setTagIntentAppPreferenceForUser(int, java.lang.String, boolean)">
    <annotation name="androidx.annotation.RequiresPermission">
      <val name="value" val="&quot;android.permission.WRITE_SECURE_SETTINGS&quot;" />
    </annotation>
    <annotation name="androidx.annotation.IntDef">
      <val name="value" val="{android.nfc.NfcAdapter.TAG_INTENT_APP_PREF_RESULT_SUCCESS, android.nfc.NfcAdapter.TAG_INTENT_APP_PREF_RESULT_PACKAGE_NOT_FOUND, android.nfc.NfcAdapter.TAG_INTENT_APP_PREF_RESULT_UNAVAILABLE}" />
    </annotation>
  </item>
  <item name="android.nfc.NfcAdapter java.util.Map&lt;java.lang.String,java.lang.Boolean&gt; getTagIntentAppPreferenceForUser(int)">
    <annotation name="androidx.annotation.RequiresPermission">
      <val name="value" val="&quot;android.permission.WRITE_SECURE_SETTINGS&quot;" />
    </annotation>
  </item>
  <item name="android.nfc.NfcAdapter void registerControllerAlwaysOnListener(java.util.concurrent.Executor, android.nfc.NfcAdapter.ControllerAlwaysOnListener)">
    <annotation name="androidx.annotation.RequiresPermission">
      <val name="value" val="&quot;android.permission.NFC_SET_CONTROLLER_ALWAYS_ON&quot;" />
    </annotation>
  </item>
  <item name="android.nfc.NfcAdapter void registerNfcVendorNciCallback(java.util.concurrent.Executor, android.nfc.NfcAdapter.NfcVendorNciCallback)">
    <annotation name="androidx.annotation.RequiresPermission">
      <val name="value" val="&quot;android.permission.WRITE_SECURE_SETTINGS&quot;" />
    </annotation>
  </item>
  <item name="android.nfc.NfcAdapter void setDiscoveryTechnology(android.app.Activity, int, int) 1">
    <annotation name="androidx.annotation.IntDef">
      <val name="value" val="{android.nfc.NfcAdapter.FLAG_READER_KEEP, android.nfc.NfcAdapter.FLAG_READER_DISABLE, android.nfc.NfcAdapter.FLAG_READER_NFC_A, android.nfc.NfcAdapter.FLAG_READER_NFC_B, android.nfc.NfcAdapter.FLAG_READER_NFC_F, android.nfc.NfcAdapter.FLAG_READER_NFC_V, android.nfc.NfcAdapter.FLAG_READER_NFC_BARCODE}" />
      <val name="flag" val="true" />
    </annotation>
  </item>
  <item name="android.nfc.NfcAdapter void setDiscoveryTechnology(android.app.Activity, int, int) 2">
    <annotation name="androidx.annotation.IntDef">
      <val name="value" val="{android.nfc.NfcAdapter.FLAG_LISTEN_KEEP, android.nfc.NfcAdapter.FLAG_LISTEN_DISABLE, android.nfc.NfcAdapter.FLAG_LISTEN_NFC_PASSIVE_A, android.nfc.NfcAdapter.FLAG_LISTEN_NFC_PASSIVE_B, android.nfc.NfcAdapter.FLAG_LISTEN_NFC_PASSIVE_F}" />
      <val name="flag" val="true" />
    </annotation>
  </item>
  <item name="android.nfc.NfcAdapter void setReaderModePollingEnabled(boolean)">
    <annotation name="androidx.annotation.RequiresPermission">
      <val name="value" val="&quot;android.permission.WRITE_SECURE_SETTINGS&quot;" />
    </annotation>
  </item>
  <item name="android.nfc.NfcAdapter void unregisterControllerAlwaysOnListener(android.nfc.NfcAdapter.ControllerAlwaysOnListener)">
    <annotation name="androidx.annotation.RequiresPermission">
      <val name="value" val="&quot;android.permission.NFC_SET_CONTROLLER_ALWAYS_ON&quot;" />
    </annotation>
  </item>
  <item name="android.nfc.NfcAdapter void unregisterNfcVendorNciCallback(android.nfc.NfcAdapter.NfcVendorNciCallback)">
    <annotation name="androidx.annotation.RequiresPermission">
      <val name="value" val="&quot;android.permission.WRITE_SECURE_SETTINGS&quot;" />
    </annotation>
  </item>
  <item name="android.nfc.NfcAdapter.NfcVendorNciCallback void onVendorNciNotification(int, int, byte[]) 0">
    <annotation name="androidx.annotation.IntRange">
      <val name="from" val="9" />
      <val name="to" val="15" />
    </annotation>
  </item>
  <item name="android.nfc.NfcAdapter.NfcVendorNciCallback void onVendorNciResponse(int, int, byte[]) 0">
    <annotation name="androidx.annotation.IntRange">
      <val name="from" val="0" />
      <val name="to" val="15" />
    </annotation>
  </item>
</root>

