<?xml version="1.0" encoding="UTF-8"?>
<root>
  <item name="android.net.wifi.sharedconnectivity.app.HotspotNetwork int getHostNetworkType()">
    <annotation name="androidx.annotation.IntDef">
      <val name="value" val="{android.net.wifi.sharedconnectivity.app.HotspotNetwork.NETWORK_TYPE_UNKNOWN, android.net.wifi.sharedconnectivity.app.HotspotNetwork.NETWORK_TYPE_CELLULAR, android.net.wifi.sharedconnectivity.app.HotspotNetwork.NETWORK_TYPE_WIFI, android.net.wifi.sharedconnectivity.app.HotspotNetwork.NETWORK_TYPE_ETHERNET}" />
    </annotation>
  </item>
  <item name="android.net.wifi.sharedconnectivity.app.HotspotNetwork java.util.Set&lt;java.lang.Integer&gt; getHotspotSecurityTypes()">
    <annotation name="androidx.annotation.IntDef">
      <val name="value" val="{android.net.wifi.WifiInfo.SECURITY_TYPE_UNKNOWN, android.net.wifi.WifiInfo.SECURITY_TYPE_OPEN, android.net.wifi.WifiInfo.SECURITY_TYPE_WEP, android.net.wifi.WifiInfo.SECURITY_TYPE_PSK, android.net.wifi.WifiInfo.SECURITY_TYPE_EAP, android.net.wifi.WifiInfo.SECURITY_TYPE_SAE, android.net.wifi.WifiInfo.SECURITY_TYPE_OWE, android.net.wifi.WifiInfo.SECURITY_TYPE_WAPI_PSK, android.net.wifi.WifiInfo.SECURITY_TYPE_WAPI_CERT, android.net.wifi.WifiInfo.SECURITY_TYPE_EAP_WPA3_ENTERPRISE, android.net.wifi.WifiInfo.SECURITY_TYPE_EAP_WPA3_ENTERPRISE_192_BIT, android.net.wifi.WifiInfo.SECURITY_TYPE_PASSPOINT_R1_R2, android.net.wifi.WifiInfo.SECURITY_TYPE_PASSPOINT_R3, android.net.wifi.WifiInfo.SECURITY_TYPE_DPP}" />
    </annotation>
  </item>
  <item name="android.net.wifi.sharedconnectivity.app.HotspotNetwork.Builder android.net.wifi.sharedconnectivity.app.HotspotNetwork.Builder addHotspotSecurityType(int) 0">
    <annotation name="androidx.annotation.IntDef">
      <val name="value" val="{android.net.wifi.WifiInfo.SECURITY_TYPE_UNKNOWN, android.net.wifi.WifiInfo.SECURITY_TYPE_OPEN, android.net.wifi.WifiInfo.SECURITY_TYPE_WEP, android.net.wifi.WifiInfo.SECURITY_TYPE_PSK, android.net.wifi.WifiInfo.SECURITY_TYPE_EAP, android.net.wifi.WifiInfo.SECURITY_TYPE_SAE, android.net.wifi.WifiInfo.SECURITY_TYPE_OWE, android.net.wifi.WifiInfo.SECURITY_TYPE_WAPI_PSK, android.net.wifi.WifiInfo.SECURITY_TYPE_WAPI_CERT, android.net.wifi.WifiInfo.SECURITY_TYPE_EAP_WPA3_ENTERPRISE, android.net.wifi.WifiInfo.SECURITY_TYPE_EAP_WPA3_ENTERPRISE_192_BIT, android.net.wifi.WifiInfo.SECURITY_TYPE_PASSPOINT_R1_R2, android.net.wifi.WifiInfo.SECURITY_TYPE_PASSPOINT_R3, android.net.wifi.WifiInfo.SECURITY_TYPE_DPP}" />
    </annotation>
  </item>
  <item name="android.net.wifi.sharedconnectivity.app.HotspotNetwork.Builder android.net.wifi.sharedconnectivity.app.HotspotNetwork.Builder setHostNetworkType(int) 0">
    <annotation name="androidx.annotation.IntDef">
      <val name="value" val="{android.net.wifi.sharedconnectivity.app.HotspotNetwork.NETWORK_TYPE_UNKNOWN, android.net.wifi.sharedconnectivity.app.HotspotNetwork.NETWORK_TYPE_CELLULAR, android.net.wifi.sharedconnectivity.app.HotspotNetwork.NETWORK_TYPE_WIFI, android.net.wifi.sharedconnectivity.app.HotspotNetwork.NETWORK_TYPE_ETHERNET}" />
    </annotation>
  </item>
  <item name="android.net.wifi.sharedconnectivity.app.HotspotNetworkConnectionStatus int getStatus()">
    <annotation name="androidx.annotation.IntDef">
      <val name="value" val="{android.net.wifi.sharedconnectivity.app.HotspotNetworkConnectionStatus.CONNECTION_STATUS_UNKNOWN, android.net.wifi.sharedconnectivity.app.HotspotNetworkConnectionStatus.CONNECTION_STATUS_ENABLING_HOTSPOT, android.net.wifi.sharedconnectivity.app.HotspotNetworkConnectionStatus.CONNECTION_STATUS_UNKNOWN_ERROR, android.net.wifi.sharedconnectivity.app.HotspotNetworkConnectionStatus.CONNECTION_STATUS_PROVISIONING_FAILED, android.net.wifi.sharedconnectivity.app.HotspotNetworkConnectionStatus.CONNECTION_STATUS_TETHERING_TIMEOUT, android.net.wifi.sharedconnectivity.app.HotspotNetworkConnectionStatus.CONNECTION_STATUS_TETHERING_UNSUPPORTED, android.net.wifi.sharedconnectivity.app.HotspotNetworkConnectionStatus.CONNECTION_STATUS_NO_CELL_DATA, android.net.wifi.sharedconnectivity.app.HotspotNetworkConnectionStatus.CONNECTION_STATUS_ENABLING_HOTSPOT_FAILED, android.net.wifi.sharedconnectivity.app.HotspotNetworkConnectionStatus.CONNECTION_STATUS_ENABLING_HOTSPOT_TIMEOUT, android.net.wifi.sharedconnectivity.app.HotspotNetworkConnectionStatus.CONNECTION_STATUS_CONNECT_TO_HOTSPOT_FAILED}" />
    </annotation>
  </item>
  <item name="android.net.wifi.sharedconnectivity.app.HotspotNetworkConnectionStatus.Builder android.net.wifi.sharedconnectivity.app.HotspotNetworkConnectionStatus.Builder setStatus(int) 0">
    <annotation name="androidx.annotation.IntDef">
      <val name="value" val="{android.net.wifi.sharedconnectivity.app.HotspotNetworkConnectionStatus.CONNECTION_STATUS_UNKNOWN, android.net.wifi.sharedconnectivity.app.HotspotNetworkConnectionStatus.CONNECTION_STATUS_ENABLING_HOTSPOT, android.net.wifi.sharedconnectivity.app.HotspotNetworkConnectionStatus.CONNECTION_STATUS_UNKNOWN_ERROR, android.net.wifi.sharedconnectivity.app.HotspotNetworkConnectionStatus.CONNECTION_STATUS_PROVISIONING_FAILED, android.net.wifi.sharedconnectivity.app.HotspotNetworkConnectionStatus.CONNECTION_STATUS_TETHERING_TIMEOUT, android.net.wifi.sharedconnectivity.app.HotspotNetworkConnectionStatus.CONNECTION_STATUS_TETHERING_UNSUPPORTED, android.net.wifi.sharedconnectivity.app.HotspotNetworkConnectionStatus.CONNECTION_STATUS_NO_CELL_DATA, android.net.wifi.sharedconnectivity.app.HotspotNetworkConnectionStatus.CONNECTION_STATUS_ENABLING_HOTSPOT_FAILED, android.net.wifi.sharedconnectivity.app.HotspotNetworkConnectionStatus.CONNECTION_STATUS_ENABLING_HOTSPOT_TIMEOUT, android.net.wifi.sharedconnectivity.app.HotspotNetworkConnectionStatus.CONNECTION_STATUS_CONNECT_TO_HOTSPOT_FAILED}" />
    </annotation>
  </item>
  <item name="android.net.wifi.sharedconnectivity.app.KnownNetwork int getNetworkSource()">
    <annotation name="androidx.annotation.IntDef">
      <val name="value" val="{android.net.wifi.sharedconnectivity.app.KnownNetwork.NETWORK_SOURCE_UNKNOWN, android.net.wifi.sharedconnectivity.app.KnownNetwork.NETWORK_SOURCE_NEARBY_SELF, android.net.wifi.sharedconnectivity.app.KnownNetwork.NETWORK_SOURCE_CLOUD_SELF}" />
    </annotation>
  </item>
  <item name="android.net.wifi.sharedconnectivity.app.KnownNetwork java.util.Set&lt;java.lang.Integer&gt; getSecurityTypes()">
    <annotation name="androidx.annotation.IntDef">
      <val name="value" val="{android.net.wifi.WifiInfo.SECURITY_TYPE_UNKNOWN, android.net.wifi.WifiInfo.SECURITY_TYPE_OPEN, android.net.wifi.WifiInfo.SECURITY_TYPE_WEP, android.net.wifi.WifiInfo.SECURITY_TYPE_PSK, android.net.wifi.WifiInfo.SECURITY_TYPE_EAP, android.net.wifi.WifiInfo.SECURITY_TYPE_SAE, android.net.wifi.WifiInfo.SECURITY_TYPE_OWE, android.net.wifi.WifiInfo.SECURITY_TYPE_WAPI_PSK, android.net.wifi.WifiInfo.SECURITY_TYPE_WAPI_CERT, android.net.wifi.WifiInfo.SECURITY_TYPE_EAP_WPA3_ENTERPRISE, android.net.wifi.WifiInfo.SECURITY_TYPE_EAP_WPA3_ENTERPRISE_192_BIT, android.net.wifi.WifiInfo.SECURITY_TYPE_PASSPOINT_R1_R2, android.net.wifi.WifiInfo.SECURITY_TYPE_PASSPOINT_R3, android.net.wifi.WifiInfo.SECURITY_TYPE_DPP}" />
    </annotation>
  </item>
  <item name="android.net.wifi.sharedconnectivity.app.KnownNetwork.Builder android.net.wifi.sharedconnectivity.app.KnownNetwork.Builder addSecurityType(int) 0">
    <annotation name="androidx.annotation.IntDef">
      <val name="value" val="{android.net.wifi.WifiInfo.SECURITY_TYPE_UNKNOWN, android.net.wifi.WifiInfo.SECURITY_TYPE_OPEN, android.net.wifi.WifiInfo.SECURITY_TYPE_WEP, android.net.wifi.WifiInfo.SECURITY_TYPE_PSK, android.net.wifi.WifiInfo.SECURITY_TYPE_EAP, android.net.wifi.WifiInfo.SECURITY_TYPE_SAE, android.net.wifi.WifiInfo.SECURITY_TYPE_OWE, android.net.wifi.WifiInfo.SECURITY_TYPE_WAPI_PSK, android.net.wifi.WifiInfo.SECURITY_TYPE_WAPI_CERT, android.net.wifi.WifiInfo.SECURITY_TYPE_EAP_WPA3_ENTERPRISE, android.net.wifi.WifiInfo.SECURITY_TYPE_EAP_WPA3_ENTERPRISE_192_BIT, android.net.wifi.WifiInfo.SECURITY_TYPE_PASSPOINT_R1_R2, android.net.wifi.WifiInfo.SECURITY_TYPE_PASSPOINT_R3, android.net.wifi.WifiInfo.SECURITY_TYPE_DPP}" />
    </annotation>
  </item>
  <item name="android.net.wifi.sharedconnectivity.app.KnownNetwork.Builder android.net.wifi.sharedconnectivity.app.KnownNetwork.Builder setNetworkSource(int) 0">
    <annotation name="androidx.annotation.IntDef">
      <val name="value" val="{android.net.wifi.sharedconnectivity.app.KnownNetwork.NETWORK_SOURCE_UNKNOWN, android.net.wifi.sharedconnectivity.app.KnownNetwork.NETWORK_SOURCE_NEARBY_SELF, android.net.wifi.sharedconnectivity.app.KnownNetwork.NETWORK_SOURCE_CLOUD_SELF}" />
    </annotation>
  </item>
  <item name="android.net.wifi.sharedconnectivity.app.KnownNetworkConnectionStatus int getStatus()">
    <annotation name="androidx.annotation.IntDef">
      <val name="value" val="{android.net.wifi.sharedconnectivity.app.KnownNetworkConnectionStatus.CONNECTION_STATUS_UNKNOWN, android.net.wifi.sharedconnectivity.app.KnownNetworkConnectionStatus.CONNECTION_STATUS_SAVED, android.net.wifi.sharedconnectivity.app.KnownNetworkConnectionStatus.CONNECTION_STATUS_SAVE_FAILED}" />
    </annotation>
  </item>
  <item name="android.net.wifi.sharedconnectivity.app.KnownNetworkConnectionStatus.Builder android.net.wifi.sharedconnectivity.app.KnownNetworkConnectionStatus.Builder setStatus(int) 0">
    <annotation name="androidx.annotation.IntDef">
      <val name="value" val="{android.net.wifi.sharedconnectivity.app.KnownNetworkConnectionStatus.CONNECTION_STATUS_UNKNOWN, android.net.wifi.sharedconnectivity.app.KnownNetworkConnectionStatus.CONNECTION_STATUS_SAVED, android.net.wifi.sharedconnectivity.app.KnownNetworkConnectionStatus.CONNECTION_STATUS_SAVE_FAILED}" />
    </annotation>
  </item>
  <item name="android.net.wifi.sharedconnectivity.app.NetworkProviderInfo int getBatteryPercentage()">
    <annotation name="androidx.annotation.IntRange">
      <val name="from" val="0" />
      <val name="to" val="100" />
    </annotation>
  </item>
  <item name="android.net.wifi.sharedconnectivity.app.NetworkProviderInfo int getConnectionStrength()">
    <annotation name="androidx.annotation.IntRange">
      <val name="from" val="0" />
      <val name="to" val="4" />
    </annotation>
  </item>
  <item name="android.net.wifi.sharedconnectivity.app.NetworkProviderInfo int getDeviceType()">
    <annotation name="androidx.annotation.IntDef">
      <val name="value" val="{android.net.wifi.sharedconnectivity.app.NetworkProviderInfo.DEVICE_TYPE_UNKNOWN, android.net.wifi.sharedconnectivity.app.NetworkProviderInfo.DEVICE_TYPE_PHONE, android.net.wifi.sharedconnectivity.app.NetworkProviderInfo.DEVICE_TYPE_TABLET, android.net.wifi.sharedconnectivity.app.NetworkProviderInfo.DEVICE_TYPE_LAPTOP, android.net.wifi.sharedconnectivity.app.NetworkProviderInfo.DEVICE_TYPE_WATCH, android.net.wifi.sharedconnectivity.app.NetworkProviderInfo.DEVICE_TYPE_AUTO}" />
    </annotation>
  </item>
  <item name="android.net.wifi.sharedconnectivity.app.NetworkProviderInfo.Builder android.net.wifi.sharedconnectivity.app.NetworkProviderInfo.Builder setBatteryPercentage(int) 0">
    <annotation name="androidx.annotation.IntRange">
      <val name="from" val="0" />
      <val name="to" val="100" />
    </annotation>
  </item>
  <item name="android.net.wifi.sharedconnectivity.app.NetworkProviderInfo.Builder android.net.wifi.sharedconnectivity.app.NetworkProviderInfo.Builder setConnectionStrength(int) 0">
    <annotation name="androidx.annotation.IntRange">
      <val name="from" val="0" />
      <val name="to" val="4" />
    </annotation>
  </item>
  <item name="android.net.wifi.sharedconnectivity.app.NetworkProviderInfo.Builder android.net.wifi.sharedconnectivity.app.NetworkProviderInfo.Builder setDeviceType(int) 0">
    <annotation name="androidx.annotation.IntDef">
      <val name="value" val="{android.net.wifi.sharedconnectivity.app.NetworkProviderInfo.DEVICE_TYPE_UNKNOWN, android.net.wifi.sharedconnectivity.app.NetworkProviderInfo.DEVICE_TYPE_PHONE, android.net.wifi.sharedconnectivity.app.NetworkProviderInfo.DEVICE_TYPE_TABLET, android.net.wifi.sharedconnectivity.app.NetworkProviderInfo.DEVICE_TYPE_LAPTOP, android.net.wifi.sharedconnectivity.app.NetworkProviderInfo.DEVICE_TYPE_WATCH, android.net.wifi.sharedconnectivity.app.NetworkProviderInfo.DEVICE_TYPE_AUTO}" />
    </annotation>
  </item>
  <item name="android.net.wifi.sharedconnectivity.app.SharedConnectivityManager android.net.wifi.sharedconnectivity.app.HotspotNetworkConnectionStatus getHotspotNetworkConnectionStatus()">
    <annotation name="androidx.annotation.RequiresPermission">
      <val name="anyOf" val="{&quot;android.permission.NETWORK_SETTINGS&quot;, &quot;android.permission.NETWORK_SETUP_WIZARD&quot;}" />
    </annotation>
  </item>
  <item name="android.net.wifi.sharedconnectivity.app.SharedConnectivityManager android.net.wifi.sharedconnectivity.app.KnownNetworkConnectionStatus getKnownNetworkConnectionStatus()">
    <annotation name="androidx.annotation.RequiresPermission">
      <val name="anyOf" val="{&quot;android.permission.NETWORK_SETTINGS&quot;, &quot;android.permission.NETWORK_SETUP_WIZARD&quot;}" />
    </annotation>
  </item>
  <item name="android.net.wifi.sharedconnectivity.app.SharedConnectivityManager android.net.wifi.sharedconnectivity.app.SharedConnectivitySettingsState getSettingsState()">
    <annotation name="androidx.annotation.RequiresPermission">
      <val name="anyOf" val="{&quot;android.permission.NETWORK_SETTINGS&quot;, &quot;android.permission.NETWORK_SETUP_WIZARD&quot;}" />
    </annotation>
  </item>
  <item name="android.net.wifi.sharedconnectivity.app.SharedConnectivityManager boolean connectHotspotNetwork(android.net.wifi.sharedconnectivity.app.HotspotNetwork)">
    <annotation name="androidx.annotation.RequiresPermission">
      <val name="anyOf" val="{&quot;android.permission.NETWORK_SETTINGS&quot;, &quot;android.permission.NETWORK_SETUP_WIZARD&quot;}" />
    </annotation>
  </item>
  <item name="android.net.wifi.sharedconnectivity.app.SharedConnectivityManager boolean connectKnownNetwork(android.net.wifi.sharedconnectivity.app.KnownNetwork)">
    <annotation name="androidx.annotation.RequiresPermission">
      <val name="anyOf" val="{&quot;android.permission.NETWORK_SETTINGS&quot;, &quot;android.permission.NETWORK_SETUP_WIZARD&quot;}" />
    </annotation>
  </item>
  <item name="android.net.wifi.sharedconnectivity.app.SharedConnectivityManager boolean disconnectHotspotNetwork(android.net.wifi.sharedconnectivity.app.HotspotNetwork)">
    <annotation name="androidx.annotation.RequiresPermission">
      <val name="anyOf" val="{&quot;android.permission.NETWORK_SETTINGS&quot;, &quot;android.permission.NETWORK_SETUP_WIZARD&quot;}" />
    </annotation>
  </item>
  <item name="android.net.wifi.sharedconnectivity.app.SharedConnectivityManager boolean forgetKnownNetwork(android.net.wifi.sharedconnectivity.app.KnownNetwork)">
    <annotation name="androidx.annotation.RequiresPermission">
      <val name="anyOf" val="{&quot;android.permission.NETWORK_SETTINGS&quot;, &quot;android.permission.NETWORK_SETUP_WIZARD&quot;}" />
    </annotation>
  </item>
  <item name="android.net.wifi.sharedconnectivity.app.SharedConnectivityManager boolean unregisterCallback(android.net.wifi.sharedconnectivity.app.SharedConnectivityClientCallback)">
    <annotation name="androidx.annotation.RequiresPermission">
      <val name="anyOf" val="{&quot;android.permission.NETWORK_SETTINGS&quot;, &quot;android.permission.NETWORK_SETUP_WIZARD&quot;}" />
    </annotation>
  </item>
  <item name="android.net.wifi.sharedconnectivity.app.SharedConnectivityManager java.util.List&lt;android.net.wifi.sharedconnectivity.app.HotspotNetwork&gt; getHotspotNetworks()">
    <annotation name="androidx.annotation.RequiresPermission">
      <val name="anyOf" val="{&quot;android.permission.NETWORK_SETTINGS&quot;, &quot;android.permission.NETWORK_SETUP_WIZARD&quot;}" />
    </annotation>
  </item>
  <item name="android.net.wifi.sharedconnectivity.app.SharedConnectivityManager java.util.List&lt;android.net.wifi.sharedconnectivity.app.KnownNetwork&gt; getKnownNetworks()">
    <annotation name="androidx.annotation.RequiresPermission">
      <val name="anyOf" val="{&quot;android.permission.NETWORK_SETTINGS&quot;, &quot;android.permission.NETWORK_SETUP_WIZARD&quot;}" />
    </annotation>
  </item>
  <item name="android.net.wifi.sharedconnectivity.app.SharedConnectivityManager void registerCallback(java.util.concurrent.Executor, android.net.wifi.sharedconnectivity.app.SharedConnectivityClientCallback)">
    <annotation name="androidx.annotation.RequiresPermission">
      <val name="anyOf" val="{&quot;android.permission.NETWORK_SETTINGS&quot;, &quot;android.permission.NETWORK_SETUP_WIZARD&quot;}" />
    </annotation>
  </item>
</root>

