<?xml version="1.0" encoding="UTF-8"?>
<root>
  <item name="android.hardware.location.ContextHubClient int getId()">
    <annotation name="androidx.annotation.IntRange">
      <val name="from" val="0" />
      <val name="to" val="65535" />
    </annotation>
  </item>
  <item name="android.hardware.location.ContextHubClient int sendMessageToNanoApp(android.hardware.location.NanoAppMessage)">
    <annotation name="androidx.annotation.RequiresPermission">
      <val name="value" val="&quot;android.permission.ACCESS_CONTEXT_HUB&quot;" />
    </annotation>
    <annotation name="androidx.annotation.IntDef">
      <val name="value" val="{android.hardware.location.ContextHubTransaction.RESULT_SUCCESS, android.hardware.location.ContextHubTransaction.RESULT_FAILED_UNKNOWN, android.hardware.location.ContextHubTransaction.RESULT_FAILED_BAD_PARAMS, android.hardware.location.ContextHubTransaction.RESULT_FAILED_UNINITIALIZED, android.hardware.location.ContextHubTransaction.RESULT_FAILED_BUSY, android.hardware.location.ContextHubTransaction.RESULT_FAILED_AT_HUB, android.hardware.location.ContextHubTransaction.RESULT_FAILED_TIMEOUT, android.hardware.location.ContextHubTransaction.RESULT_FAILED_SERVICE_INTERNAL_FAILURE, android.hardware.location.ContextHubTransaction.RESULT_FAILED_HAL_UNAVAILABLE}" />
    </annotation>
  </item>
  <item name="android.hardware.location.ContextHubClientCallback void onClientAuthorizationChanged(android.hardware.location.ContextHubClient, long, int) 2">
    <annotation name="androidx.annotation.IntDef">
      <val name="value" val="{android.hardware.location.ContextHubManager.AUTHORIZATION_DENIED, android.hardware.location.ContextHubManager.AUTHORIZATION_DENIED_GRACE_PERIOD, android.hardware.location.ContextHubManager.AUTHORIZATION_GRANTED}" />
    </annotation>
  </item>
  <item name="android.hardware.location.ContextHubIntentEvent int getClientAuthorizationState()">
    <annotation name="androidx.annotation.IntDef">
      <val name="value" val="{android.hardware.location.ContextHubManager.AUTHORIZATION_DENIED, android.hardware.location.ContextHubManager.AUTHORIZATION_DENIED_GRACE_PERIOD, android.hardware.location.ContextHubManager.AUTHORIZATION_GRANTED}" />
    </annotation>
  </item>
  <item name="android.hardware.location.ContextHubIntentEvent int getEventType()">
    <annotation name="androidx.annotation.IntDef">
      <val name="value" val="{android.hardware.location.ContextHubManager.EVENT_NANOAPP_LOADED, android.hardware.location.ContextHubManager.EVENT_NANOAPP_UNLOADED, android.hardware.location.ContextHubManager.EVENT_NANOAPP_ENABLED, android.hardware.location.ContextHubManager.EVENT_NANOAPP_DISABLED, android.hardware.location.ContextHubManager.EVENT_NANOAPP_ABORTED, android.hardware.location.ContextHubManager.EVENT_NANOAPP_MESSAGE, android.hardware.location.ContextHubManager.EVENT_HUB_RESET, android.hardware.location.ContextHubManager.EVENT_CLIENT_AUTHORIZATION}" />
    </annotation>
  </item>
  <item name="android.hardware.location.ContextHubManager android.hardware.location.ContextHubClient createClient(android.content.Context, android.hardware.location.ContextHubInfo, android.app.PendingIntent, long)">
    <annotation name="androidx.annotation.RequiresPermission">
      <val name="value" val="&quot;android.permission.ACCESS_CONTEXT_HUB&quot;" />
    </annotation>
  </item>
  <item name="android.hardware.location.ContextHubManager android.hardware.location.ContextHubClient createClient(android.content.Context, android.hardware.location.ContextHubInfo, java.util.concurrent.Executor, android.hardware.location.ContextHubClientCallback)">
    <annotation name="androidx.annotation.RequiresPermission">
      <val name="value" val="&quot;android.permission.ACCESS_CONTEXT_HUB&quot;" />
    </annotation>
  </item>
  <item name="android.hardware.location.ContextHubManager android.hardware.location.ContextHubClient createClient(android.hardware.location.ContextHubInfo, android.app.PendingIntent, long)">
    <annotation name="androidx.annotation.RequiresPermission">
      <val name="value" val="&quot;android.permission.ACCESS_CONTEXT_HUB&quot;" />
    </annotation>
  </item>
  <item name="android.hardware.location.ContextHubManager android.hardware.location.ContextHubClient createClient(android.hardware.location.ContextHubInfo, android.hardware.location.ContextHubClientCallback)">
    <annotation name="androidx.annotation.RequiresPermission">
      <val name="value" val="&quot;android.permission.ACCESS_CONTEXT_HUB&quot;" />
    </annotation>
  </item>
  <item name="android.hardware.location.ContextHubManager android.hardware.location.ContextHubClient createClient(android.hardware.location.ContextHubInfo, android.hardware.location.ContextHubClientCallback, java.util.concurrent.Executor)">
    <annotation name="androidx.annotation.RequiresPermission">
      <val name="value" val="&quot;android.permission.ACCESS_CONTEXT_HUB&quot;" />
    </annotation>
  </item>
  <item name="android.hardware.location.ContextHubManager android.hardware.location.ContextHubInfo getContextHubInfo(int)">
    <annotation name="androidx.annotation.RequiresPermission">
      <val name="value" val="&quot;android.permission.ACCESS_CONTEXT_HUB&quot;" />
    </annotation>
  </item>
  <item name="android.hardware.location.ContextHubManager android.hardware.location.ContextHubTransaction&lt;java.lang.Void&gt; disableNanoApp(android.hardware.location.ContextHubInfo, long)">
    <annotation name="androidx.annotation.RequiresPermission">
      <val name="value" val="&quot;android.permission.ACCESS_CONTEXT_HUB&quot;" />
    </annotation>
  </item>
  <item name="android.hardware.location.ContextHubManager android.hardware.location.ContextHubTransaction&lt;java.lang.Void&gt; enableNanoApp(android.hardware.location.ContextHubInfo, long)">
    <annotation name="androidx.annotation.RequiresPermission">
      <val name="value" val="&quot;android.permission.ACCESS_CONTEXT_HUB&quot;" />
    </annotation>
  </item>
  <item name="android.hardware.location.ContextHubManager android.hardware.location.ContextHubTransaction&lt;java.lang.Void&gt; loadNanoApp(android.hardware.location.ContextHubInfo, android.hardware.location.NanoAppBinary)">
    <annotation name="androidx.annotation.RequiresPermission">
      <val name="value" val="&quot;android.permission.ACCESS_CONTEXT_HUB&quot;" />
    </annotation>
  </item>
  <item name="android.hardware.location.ContextHubManager android.hardware.location.ContextHubTransaction&lt;java.lang.Void&gt; unloadNanoApp(android.hardware.location.ContextHubInfo, long)">
    <annotation name="androidx.annotation.RequiresPermission">
      <val name="value" val="&quot;android.permission.ACCESS_CONTEXT_HUB&quot;" />
    </annotation>
  </item>
  <item name="android.hardware.location.ContextHubManager android.hardware.location.ContextHubTransaction&lt;java.util.List&lt;android.hardware.location.NanoAppState&gt;&gt; queryNanoApps(android.hardware.location.ContextHubInfo)">
    <annotation name="androidx.annotation.RequiresPermission">
      <val name="value" val="&quot;android.permission.ACCESS_CONTEXT_HUB&quot;" />
    </annotation>
  </item>
  <item name="android.hardware.location.ContextHubManager android.hardware.location.NanoAppInstanceInfo getNanoAppInstanceInfo(int)">
    <annotation name="androidx.annotation.RequiresPermission">
      <val name="value" val="&quot;android.permission.ACCESS_CONTEXT_HUB&quot;" />
    </annotation>
  </item>
  <item name="android.hardware.location.ContextHubManager int loadNanoApp(int, android.hardware.location.NanoApp)">
    <annotation name="androidx.annotation.RequiresPermission">
      <val name="value" val="&quot;android.permission.ACCESS_CONTEXT_HUB&quot;" />
    </annotation>
  </item>
  <item name="android.hardware.location.ContextHubManager int sendMessage(int, int, android.hardware.location.ContextHubMessage)">
    <annotation name="androidx.annotation.RequiresPermission">
      <val name="value" val="&quot;android.permission.ACCESS_CONTEXT_HUB&quot;" />
    </annotation>
  </item>
  <item name="android.hardware.location.ContextHubManager int unloadNanoApp(int)">
    <annotation name="androidx.annotation.RequiresPermission">
      <val name="value" val="&quot;android.permission.ACCESS_CONTEXT_HUB&quot;" />
    </annotation>
  </item>
  <item name="android.hardware.location.ContextHubManager int[] findNanoAppOnHub(int, android.hardware.location.NanoAppFilter)">
    <annotation name="androidx.annotation.RequiresPermission">
      <val name="value" val="&quot;android.permission.ACCESS_CONTEXT_HUB&quot;" />
    </annotation>
  </item>
  <item name="android.hardware.location.ContextHubManager int[] getContextHubHandles()">
    <annotation name="androidx.annotation.RequiresPermission">
      <val name="value" val="&quot;android.permission.ACCESS_CONTEXT_HUB&quot;" />
    </annotation>
  </item>
  <item name="android.hardware.location.ContextHubManager java.util.List&lt;android.hardware.location.ContextHubInfo&gt; getContextHubs()">
    <annotation name="androidx.annotation.RequiresPermission">
      <val name="value" val="&quot;android.permission.ACCESS_CONTEXT_HUB&quot;" />
    </annotation>
  </item>
  <item name="android.hardware.location.ContextHubTransaction int getType()">
    <annotation name="androidx.annotation.IntDef">
      <val name="value" val="{android.hardware.location.ContextHubTransaction.TYPE_LOAD_NANOAPP, android.hardware.location.ContextHubTransaction.TYPE_UNLOAD_NANOAPP, android.hardware.location.ContextHubTransaction.TYPE_ENABLE_NANOAPP, android.hardware.location.ContextHubTransaction.TYPE_DISABLE_NANOAPP, android.hardware.location.ContextHubTransaction.TYPE_QUERY_NANOAPPS}" />
    </annotation>
  </item>
  <item name="android.hardware.location.ContextHubTransaction java.lang.String typeToString(int, boolean) 0">
    <annotation name="androidx.annotation.IntDef">
      <val name="value" val="{android.hardware.location.ContextHubTransaction.TYPE_LOAD_NANOAPP, android.hardware.location.ContextHubTransaction.TYPE_UNLOAD_NANOAPP, android.hardware.location.ContextHubTransaction.TYPE_ENABLE_NANOAPP, android.hardware.location.ContextHubTransaction.TYPE_DISABLE_NANOAPP, android.hardware.location.ContextHubTransaction.TYPE_QUERY_NANOAPPS}" />
    </annotation>
  </item>
  <item name="android.hardware.location.ContextHubTransaction.Response int getResult()">
    <annotation name="androidx.annotation.IntDef">
      <val name="value" val="{android.hardware.location.ContextHubTransaction.RESULT_SUCCESS, android.hardware.location.ContextHubTransaction.RESULT_FAILED_UNKNOWN, android.hardware.location.ContextHubTransaction.RESULT_FAILED_BAD_PARAMS, android.hardware.location.ContextHubTransaction.RESULT_FAILED_UNINITIALIZED, android.hardware.location.ContextHubTransaction.RESULT_FAILED_BUSY, android.hardware.location.ContextHubTransaction.RESULT_FAILED_AT_HUB, android.hardware.location.ContextHubTransaction.RESULT_FAILED_TIMEOUT, android.hardware.location.ContextHubTransaction.RESULT_FAILED_SERVICE_INTERNAL_FAILURE, android.hardware.location.ContextHubTransaction.RESULT_FAILED_HAL_UNAVAILABLE}" />
    </annotation>
  </item>
</root>

