<?xml version="1.0" encoding="UTF-8"?>
<root>
  <item name="android.service.appprediction.AppPredictionService void onAppTargetEvent(android.app.prediction.AppPredictionSessionId, android.app.prediction.AppTargetEvent)">
    <annotation name="androidx.annotation.MainThread"/>
  </item>
  <item name="android.service.appprediction.AppPredictionService void onCreate()">
    <annotation name="androidx.annotation.CallSuper"/>
  </item>
  <item name="android.service.appprediction.AppPredictionService void onDestroyPredictionSession(android.app.prediction.AppPredictionSessionId)">
    <annotation name="androidx.annotation.MainThread"/>
  </item>
  <item name="android.service.appprediction.AppPredictionService void onLaunchLocationShown(android.app.prediction.AppPredictionSessionId, java.lang.String, java.util.List&lt;android.app.prediction.AppTargetId&gt;)">
    <annotation name="androidx.annotation.MainThread"/>
  </item>
  <item name="android.service.appprediction.AppPredictionService void onRequestPredictionUpdate(android.app.prediction.AppPredictionSessionId)">
    <annotation name="androidx.annotation.MainThread"/>
  </item>
  <item name="android.service.appprediction.AppPredictionService void onSortAppTargets(android.app.prediction.AppPredictionSessionId, java.util.List&lt;android.app.prediction.AppTarget&gt;, android.os.CancellationSignal, java.util.function.Consumer&lt;java.util.List&lt;android.app.prediction.AppTarget&gt;&gt;)">
    <annotation name="androidx.annotation.MainThread"/>
  </item>
  <item name="android.service.appprediction.AppPredictionService void onStartPredictionUpdates()">
    <annotation name="androidx.annotation.MainThread"/>
  </item>
  <item name="android.service.appprediction.AppPredictionService void onStopPredictionUpdates()">
    <annotation name="androidx.annotation.MainThread"/>
  </item>
</root>

