<?xml version="1.0" encoding="utf-8"?>
<!-- Copyright (C) 2019 The Android Open Source Project

 Licensed under the Apache License, Version 2.0 (the "License");
 you may not use this file except in compliance with the License.
 You may obtain a copy of the License at

      http://www.apache.org/licenses/LICENSE-2.0

 Unless required by applicable law or agreed to in writing, software
 distributed under the License is distributed on an "AS IS" BASIS,
 WITHOUT WARRANTIES OR CONDITIONS OF ANY KIND, either express or implied.
 See the License for the specific language governing permissions and
 limitations under the License.
-->
<resources>
    <!-- Color tokens -->
    <public name="colorOemSeed" id="0x00770000" type="attr" />
    <public name="colorPrimary" id="0x00770001" type="attr" />
    <public name="colorOnPrimary" id="0x00770002" type="attr" />
    <public name="colorPrimaryContainer" id="0x00770003" type="attr" />
    <public name="colorOnPrimaryContainer" id="0x00770004" type="attr" />
    <public name="colorSecondary" id="0x00770005" type="attr" />
    <public name="colorOnSecondary" id="0x00770006" type="attr" />
    <public name="colorSecondaryContainer" id="0x00770007" type="attr" />
    <public name="colorOnSecondaryContainer" id="0x00770008" type="attr" />
    <public name="colorTertiary" id="0x00770009" type="attr" />
    <public name="colorOnTertiary" id="0x0077000A" type="attr" />
    <public name="colorTertiaryContainer" id="0x0077000B" type="attr" />
    <public name="colorOnTertiaryContainer" id="0x0077000C" type="attr" />
    <public name="colorError" id="0x0077000D" type="attr" />
    <public name="colorOnError" id="0x0077000E" type="attr" />
    <public name="colorErrorContainer" id="0x0077000F" type="attr" />
    <public name="colorOnErrorContainer" id="0x00770010" type="attr" />
    <public name="colorBackground" id="0x00770011" type="attr" />
    <public name="colorOnBackground" id="0x00770012" type="attr" />
    <public name="colorSurface" id="0x00770013" type="attr" />
    <public name="colorOnSurface" id="0x00770014" type="attr" />
    <public name="colorSurfaceVariant" id="0x00770015" type="attr" />
    <public name="colorOnSurfaceVariant" id="0x00770016" type="attr" />
    <public name="colorOutline" id="0x00770017" type="attr" />
    <public name="colorPrimaryInverse" id="0x00770018" type="attr" />
    <public name="colorSurfaceInverse" id="0x00770019" type="attr" />
    <public name="colorOnSurfaceInverse" id="0x0077001A" type="attr" />
    <public name="colorScrim" id="0x0077001B" type="attr" />
    <public name="colorOutlineVariant" id="0x0077001C" type="attr" />
    <public name="colorSurfaceTint" id="0x0077001D" type="attr" />

    <!-- Primary tonal palette -->
    <public name="colorPrimaryPalette0" id="0x00771000" type="attr" />
    <public name="colorPrimaryPalette10" id="0x0077100A" type="attr" />
    <public name="colorPrimaryPalette20" id="0x00771014" type="attr" />
    <public name="colorPrimaryPalette30" id="0x0077101E" type="attr" />
    <public name="colorPrimaryPalette40" id="0x00771028" type="attr" />
    <public name="colorPrimaryPalette50" id="0x00771032" type="attr" />
    <public name="colorPrimaryPalette60" id="0x0077103C" type="attr" />
    <public name="colorPrimaryPalette70" id="0x00771046" type="attr" />
    <public name="colorPrimaryPalette80" id="0x00771050" type="attr" />
    <public name="colorPrimaryPalette90" id="0x0077105A" type="attr" />
    <public name="colorPrimaryPalette95" id="0x0077105F" type="attr" />
    <public name="colorPrimaryPalette99" id="0x00771063" type="attr" />
    <public name="colorPrimaryPalette100" id="0x00771064" type="attr" />

    <!-- Secondary tonal palette -->
    <public name="colorSecondaryPalette0" id="0x00772000" type="attr" />
    <public name="colorSecondaryPalette10" id="0x0077200A" type="attr" />
    <public name="colorSecondaryPalette20" id="0x00772014" type="attr" />
    <public name="colorSecondaryPalette30" id="0x0077201E" type="attr" />
    <public name="colorSecondaryPalette40" id="0x00772028" type="attr" />
    <public name="colorSecondaryPalette50" id="0x00772032" type="attr" />
    <public name="colorSecondaryPalette60" id="0x0077203C" type="attr" />
    <public name="colorSecondaryPalette70" id="0x00772046" type="attr" />
    <public name="colorSecondaryPalette80" id="0x00772050" type="attr" />
    <public name="colorSecondaryPalette90" id="0x0077205A" type="attr" />
    <public name="colorSecondaryPalette95" id="0x0077205F" type="attr" />
    <public name="colorSecondaryPalette99" id="0x00772063" type="attr" />
    <public name="colorSecondaryPalette100" id="0x00772064" type="attr" />

    <!-- Tertiary tonal palette -->
    <public name="colorTertiaryPalette0" id="0x00773000" type="attr" />
    <public name="colorTertiaryPalette10" id="0x0077300A" type="attr" />
    <public name="colorTertiaryPalette20" id="0x00773014" type="attr" />
    <public name="colorTertiaryPalette30" id="0x0077301E" type="attr" />
    <public name="colorTertiaryPalette40" id="0x00773028" type="attr" />
    <public name="colorTertiaryPalette50" id="0x00773032" type="attr" />
    <public name="colorTertiaryPalette60" id="0x0077303C" type="attr" />
    <public name="colorTertiaryPalette70" id="0x00773046" type="attr" />
    <public name="colorTertiaryPalette80" id="0x00773050" type="attr" />
    <public name="colorTertiaryPalette90" id="0x0077305A" type="attr" />
    <public name="colorTertiaryPalette95" id="0x0077305F" type="attr" />
    <public name="colorTertiaryPalette99" id="0x00773063" type="attr" />
    <public name="colorTertiaryPalette100" id="0x00773064" type="attr" />

    <!-- Error tonal palette -->
    <public name="colorErrorPalette0" id="0x00774000" type="attr" />
    <public name="colorErrorPalette10" id="0x0077400A" type="attr" />
    <public name="colorErrorPalette20" id="0x00774014" type="attr" />
    <public name="colorErrorPalette30" id="0x0077401E" type="attr" />
    <public name="colorErrorPalette40" id="0x00774028" type="attr" />
    <public name="colorErrorPalette50" id="0x00774032" type="attr" />
    <public name="colorErrorPalette60" id="0x0077403C" type="attr" />
    <public name="colorErrorPalette70" id="0x00774046" type="attr" />
    <public name="colorErrorPalette80" id="0x00774050" type="attr" />
    <public name="colorErrorPalette90" id="0x0077405A" type="attr" />
    <public name="colorErrorPalette95" id="0x0077405F" type="attr" />
    <public name="colorErrorPalette99" id="0x00774063" type="attr" />
    <public name="colorErrorPalette100" id="0x00774064" type="attr" />

    <!-- Neutral tonal palette -->
    <public name="colorNeutralPalette0" id="0x00775000" type="attr" />
    <public name="colorNeutralPalette10" id="0x0077500A" type="attr" />
    <public name="colorNeutralPalette20" id="0x00775014" type="attr" />
    <public name="colorNeutralPalette30" id="0x0077501E" type="attr" />
    <public name="colorNeutralPalette40" id="0x00775028" type="attr" />
    <public name="colorNeutralPalette50" id="0x00775032" type="attr" />
    <public name="colorNeutralPalette60" id="0x0077503C" type="attr" />
    <public name="colorNeutralPalette70" id="0x00775046" type="attr" />
    <public name="colorNeutralPalette80" id="0x00775050" type="attr" />
    <public name="colorNeutralPalette90" id="0x0077505A" type="attr" />
    <public name="colorNeutralPalette95" id="0x0077505F" type="attr" />
    <public name="colorNeutralPalette99" id="0x00775063" type="attr" />
    <public name="colorNeutralPalette100" id="0x00775064" type="attr" />

    <!-- Neutral variant tonal palette -->
    <public name="colorNeutralVariantPalette0" id="0x00776000" type="attr" />
    <public name="colorNeutralVariantPalette10" id="0x0077600A" type="attr" />
    <public name="colorNeutralVariantPalette20" id="0x00776014" type="attr" />
    <public name="colorNeutralVariantPalette30" id="0x0077601E" type="attr" />
    <public name="colorNeutralVariantPalette40" id="0x00776028" type="attr" />
    <public name="colorNeutralVariantPalette50" id="0x00776032" type="attr" />
    <public name="colorNeutralVariantPalette60" id="0x0077603C" type="attr" />
    <public name="colorNeutralVariantPalette70" id="0x00776046" type="attr" />
    <public name="colorNeutralVariantPalette80" id="0x00776050" type="attr" />
    <public name="colorNeutralVariantPalette90" id="0x0077605A" type="attr" />
    <public name="colorNeutralVariantPalette95" id="0x0077605F" type="attr" />
    <public name="colorNeutralVariantPalette99" id="0x00776063" type="attr" />
    <public name="colorNeutralVariantPalette100" id="0x00776064" type="attr" />

    <!-- Typeface tokens -->
    <public name="textAppearanceDisplayLarge" id="0x00777000" type="attr" />
    <public name="textAppearanceDisplayMedium" id="0x00777001" type="attr" />
    <public name="textAppearanceDisplaySmall" id="0x00777002" type="attr" />
    <public name="textAppearanceHeadlineLarge" id="0x00777003" type="attr" />
    <public name="textAppearanceHeadlineMedium" id="0x00777004" type="attr" />
    <public name="textAppearanceHeadlineSmall" id="0x00777005" type="attr" />
    <public name="textAppearanceTitleLarge" id="0x00777006" type="attr" />
    <public name="textAppearanceTitleMedium" id="0x00777007" type="attr" />
    <public name="textAppearanceTitleSmall" id="0x00777008" type="attr" />
    <public name="textAppearanceLabelLarge" id="0x00777009" type="attr" />
    <public name="textAppearanceLabelMedium" id="0x0077700A" type="attr" />
    <public name="textAppearanceLabelSmall" id="0x0077700B" type="attr" />
    <public name="textAppearanceBodyLarge" id="0x0077700C" type="attr" />
    <public name="textAppearanceBodyMedium" id="0x0077700D" type="attr" />
    <public name="textAppearanceBodySmall" id="0x0077700E" type="attr" />

    <!-- Shape tokens -->
    <public name="shapeCornerNone" id="0x00778000" type="attr" />
    <public name="shapeCornerExtraSmall" id="0x00778001" type="attr" />
    <public name="shapeCornerSmall" id="0x00778002" type="attr" />
    <public name="shapeCornerMedium" id="0x00778003" type="attr" />
    <public name="shapeCornerLarge" id="0x00778004" type="attr" />
    <public name="shapeCornerExtraLarge" id="0x00778005" type="attr" />
    <public name="shapeCornerFull" id="0x00778006" type="attr" />
</resources>
